CREATE DATABASE  IF NOT EXISTS `evewat` /*!40100 DEFAULT CHARACTER SET latin1 */;
USE `evewat`;
-- MySQL dump 10.13  Distrib 5.5.44, for debian-linux-gnu (x86_64)
--
-- Host: 127.0.0.1    Database: evewat
-- ------------------------------------------------------
-- Server version	5.5.44-0ubuntu0.14.04.1

/*!40101 SET @OLD_CHARACTER_SET_CLIENT=@@CHARACTER_SET_CLIENT */;
/*!40101 SET @OLD_CHARACTER_SET_RESULTS=@@CHARACTER_SET_RESULTS */;
/*!40101 SET @OLD_COLLATION_CONNECTION=@@COLLATION_CONNECTION */;
/*!40101 SET NAMES utf8 */;
/*!40103 SET @OLD_TIME_ZONE=@@TIME_ZONE */;
/*!40103 SET TIME_ZONE='+00:00' */;
/*!40014 SET @OLD_UNIQUE_CHECKS=@@UNIQUE_CHECKS, UNIQUE_CHECKS=0 */;
/*!40014 SET @OLD_FOREIGN_KEY_CHECKS=@@FOREIGN_KEY_CHECKS, FOREIGN_KEY_CHECKS=0 */;
/*!40101 SET @OLD_SQL_MODE=@@SQL_MODE, SQL_MODE='NO_AUTO_VALUE_ON_ZERO' */;
/*!40111 SET @OLD_SQL_NOTES=@@SQL_NOTES, SQL_NOTES=0 */;

--
-- Table structure for table `auth_group`
--

DROP TABLE IF EXISTS `auth_group`;
/*!40101 SET @saved_cs_client     = @@character_set_client */;
/*!40101 SET character_set_client = utf8 */;
CREATE TABLE `auth_group` (
  `id` int(11) NOT NULL AUTO_INCREMENT,
  `name` varchar(80) NOT NULL,
  PRIMARY KEY (`id`),
  UNIQUE KEY `name` (`name`)
) ENGINE=InnoDB DEFAULT CHARSET=latin1;
/*!40101 SET character_set_client = @saved_cs_client */;

--
-- Dumping data for table `auth_group`
--

LOCK TABLES `auth_group` WRITE;
/*!40000 ALTER TABLE `auth_group` DISABLE KEYS */;
/*!40000 ALTER TABLE `auth_group` ENABLE KEYS */;
UNLOCK TABLES;

--
-- Table structure for table `auth_group_permissions`
--

DROP TABLE IF EXISTS `auth_group_permissions`;
/*!40101 SET @saved_cs_client     = @@character_set_client */;
/*!40101 SET character_set_client = utf8 */;
CREATE TABLE `auth_group_permissions` (
  `id` int(11) NOT NULL AUTO_INCREMENT,
  `group_id` int(11) NOT NULL,
  `permission_id` int(11) NOT NULL,
  PRIMARY KEY (`id`),
  UNIQUE KEY `group_id` (`group_id`,`permission_id`),
  KEY `auth_group_permissions_5f412f9a` (`group_id`),
  KEY `auth_group_permissions_83d7f98b` (`permission_id`),
  CONSTRAINT `group_id_refs_id_f4b32aac` FOREIGN KEY (`group_id`) REFERENCES `auth_group` (`id`),
  CONSTRAINT `permission_id_refs_id_6ba0f519` FOREIGN KEY (`permission_id`) REFERENCES `auth_permission` (`id`)
) ENGINE=InnoDB DEFAULT CHARSET=latin1;
/*!40101 SET character_set_client = @saved_cs_client */;

--
-- Dumping data for table `auth_group_permissions`
--

LOCK TABLES `auth_group_permissions` WRITE;
/*!40000 ALTER TABLE `auth_group_permissions` DISABLE KEYS */;
/*!40000 ALTER TABLE `auth_group_permissions` ENABLE KEYS */;
UNLOCK TABLES;

--
-- Table structure for table `auth_permission`
--

DROP TABLE IF EXISTS `auth_permission`;
/*!40101 SET @saved_cs_client     = @@character_set_client */;
/*!40101 SET character_set_client = utf8 */;
CREATE TABLE `auth_permission` (
  `id` int(11) NOT NULL AUTO_INCREMENT,
  `name` varchar(50) NOT NULL,
  `content_type_id` int(11) NOT NULL,
  `codename` varchar(100) NOT NULL,
  PRIMARY KEY (`id`),
  UNIQUE KEY `content_type_id` (`content_type_id`,`codename`),
  KEY `auth_permission_37ef4eb4` (`content_type_id`),
  CONSTRAINT `content_type_id_refs_id_d043b34a` FOREIGN KEY (`content_type_id`) REFERENCES `django_content_type` (`id`)
) ENGINE=InnoDB AUTO_INCREMENT=79 DEFAULT CHARSET=latin1;
/*!40101 SET character_set_client = @saved_cs_client */;

--
-- Dumping data for table `auth_permission`
--

LOCK TABLES `auth_permission` WRITE;
/*!40000 ALTER TABLE `auth_permission` DISABLE KEYS */;
INSERT INTO `auth_permission` VALUES (1,'Can add log entry',1,'add_logentry'),(2,'Can change log entry',1,'change_logentry'),(3,'Can delete log entry',1,'delete_logentry'),(4,'Can add permission',2,'add_permission'),(5,'Can change permission',2,'change_permission'),(6,'Can delete permission',2,'delete_permission'),(7,'Can add group',3,'add_group'),(8,'Can change group',3,'change_group'),(9,'Can delete group',3,'delete_group'),(10,'Can add user',4,'add_user'),(11,'Can change user',4,'change_user'),(12,'Can delete user',4,'delete_user'),(13,'Can add content type',5,'add_contenttype'),(14,'Can change content type',5,'change_contenttype'),(15,'Can delete content type',5,'delete_contenttype'),(16,'Can add session',6,'add_session'),(17,'Can change session',6,'change_session'),(18,'Can delete session',6,'delete_session'),(19,'Can add category',7,'add_category'),(20,'Can change category',7,'change_category'),(21,'Can delete category',7,'delete_category'),(22,'Can add sub category',8,'add_subcategory'),(23,'Can change sub category',8,'change_subcategory'),(24,'Can delete sub category',8,'delete_subcategory'),(25,'Can add city',9,'add_city'),(26,'Can change city',9,'change_city'),(27,'Can delete city',9,'delete_city'),(28,'Can add college',10,'add_college'),(29,'Can change college',10,'change_college'),(30,'Can delete college',10,'delete_college'),(31,'Can add department',11,'add_department'),(32,'Can change department',11,'change_department'),(33,'Can delete department',11,'delete_department'),(34,'Can add college department',12,'add_collegedepartment'),(35,'Can change college department',12,'change_collegedepartment'),(36,'Can delete college department',12,'delete_collegedepartment'),(37,'Can add premium price info',13,'add_premiumpriceinfo'),(38,'Can change premium price info',13,'change_premiumpriceinfo'),(39,'Can delete premium price info',13,'delete_premiumpriceinfo'),(40,'Can add postevent',14,'add_postevent'),(41,'Can change postevent',14,'change_postevent'),(42,'Can delete postevent',14,'delete_postevent'),(43,'Can add organizer',15,'add_organizer'),(44,'Can change organizer',15,'change_organizer'),(45,'Can delete organizer',15,'delete_organizer'),(46,'Can add feedback',16,'add_feedback'),(47,'Can change feedback',16,'change_feedback'),(48,'Can delete feedback',16,'delete_feedback'),(52,'Can add payu details',18,'add_payudetails'),(53,'Can change payu details',18,'change_payudetails'),(54,'Can delete payu details',18,'delete_payudetails'),(55,'Can add site banner',19,'add_sitebanner'),(56,'Can change site banner',19,'change_sitebanner'),(57,'Can delete site banner',19,'delete_sitebanner'),(58,'Can add banner price',20,'add_bannerprice'),(59,'Can change banner price',20,'change_bannerprice'),(60,'Can delete banner price',20,'delete_bannerprice'),(61,'Can add mainbanner',21,'add_mainbanner'),(62,'Can change mainbanner',21,'change_mainbanner'),(63,'Can delete mainbanner',21,'delete_mainbanner'),(64,'Can add events category',22,'add_eventscategory'),(65,'Can change events category',22,'change_eventscategory'),(66,'Can delete events category',22,'delete_eventscategory'),(67,'Can add events sub category',23,'add_eventssubcategory'),(68,'Can change events sub category',23,'change_eventssubcategory'),(69,'Can delete events sub category',23,'delete_eventssubcategory'),(70,'Can add subcategory related field',24,'add_subcategoryrelatedfield'),(71,'Can change subcategory related field',24,'change_subcategoryrelatedfield'),(72,'Can delete subcategory related field',24,'delete_subcategoryrelatedfield'),(73,'Can add city',25,'add_city'),(74,'Can change city',25,'change_city'),(75,'Can delete city',25,'delete_city'),(76,'Can add feedback',26,'add_feedback'),(77,'Can change feedback',26,'change_feedback'),(78,'Can delete feedback',26,'delete_feedback');
/*!40000 ALTER TABLE `auth_permission` ENABLE KEYS */;
UNLOCK TABLES;

--
-- Table structure for table `auth_user`
--

DROP TABLE IF EXISTS `auth_user`;
/*!40101 SET @saved_cs_client     = @@character_set_client */;
/*!40101 SET character_set_client = utf8 */;
CREATE TABLE `auth_user` (
  `id` int(11) NOT NULL AUTO_INCREMENT,
  `password` varchar(128) NOT NULL,
  `last_login` datetime NOT NULL,
  `is_superuser` tinyint(1) NOT NULL,
  `username` varchar(30) NOT NULL,
  `first_name` varchar(30) NOT NULL,
  `last_name` varchar(30) NOT NULL,
  `email` varchar(75) NOT NULL,
  `is_staff` tinyint(1) NOT NULL,
  `is_active` tinyint(1) NOT NULL,
  `date_joined` datetime NOT NULL,
  PRIMARY KEY (`id`)
) ENGINE=InnoDB AUTO_INCREMENT=83 DEFAULT CHARSET=latin1;
/*!40101 SET character_set_client = @saved_cs_client */;

--
-- Dumping data for table `auth_user`
--

LOCK TABLES `auth_user` WRITE;
/*!40000 ALTER TABLE `auth_user` DISABLE KEYS */;
INSERT INTO `auth_user` VALUES (1,'pbkdf2_sha256$12000$vCrrMMPhvmS2$lt914hR8SVW3ZaRTF5ykBXxAAW0VDZPEdn/vavFreic=','2015-12-15 06:35:40',1,'root','','','root@gmail.com',1,1,'2015-10-10 19:58:23'),(2,'pbkdf2_sha256$12000$f3e22CpM6SIN$51IvZvIBlknImOuILBzOyMc/NCoxlskgazzQfk2uRiY=','2015-10-10 23:49:18',0,'sastha','','','saisasthaa@gmail.com',1,1,'2015-10-10 22:10:33'),(3,'pbkdf2_sha256$12000$wcz3vqTGFzJZ$7V2B+Bv0Bi4WMcDi4YLBRRSDoVmlmFghJSruDaTHGlE=','2015-10-11 06:17:04',0,'Babaprasanna','','','kpbabp@gmail.com',0,1,'2015-10-11 06:17:04'),(4,'pbkdf2_sha256$12000$3DLp55CJWIZY$jbGq46P8bb4dkdErNmcksMJ+smtZ0lMOdo3yWTkDyPc=','2015-10-11 06:22:41',0,'kp','','','kpppp@ooo.com',0,1,'2015-10-11 06:22:41'),(5,'pbkdf2_sha256$12000$OAEVTkuz0Ywt$Pl9qt/oPyplHgL8oxFjchlrq1fwygQ1HAcPln2E0NIo=','2015-11-18 10:29:55',0,'Pretheev','','','pretheevraj@gmail.com',0,1,'2015-10-11 06:47:03'),(7,'pbkdf2_sha256$12000$rj3yTdgyTXiv$ROgrxEtaeNSw+W4SucJG2Ie9s+F0S2Frm7UjbPaVfgM=','2015-10-11 09:15:47',0,'test','','','test@test.com',0,1,'2015-10-11 09:15:47'),(8,'pbkdf2_sha256$12000$qIAQDNXOQgRP$J3gEe6AK11odGlKTvAQAXSPq2wQPhwu3fMwcdBMxwQo=','2015-10-19 15:28:13',0,'muthu','','','spmuthu21@gmail.com',0,1,'2015-10-11 09:24:10'),(17,'pbkdf2_sha256$12000$zKLcAkqAsoNe$1bEJGPDpeD6JGbA0iwjl9ZxGfBA0JupTYKEUUB1o8Lg=','2015-10-11 14:31:35',0,'deepak','','','deepak@globalensolutions.com',0,1,'2015-10-11 14:31:33'),(20,'pbkdf2_sha256$12000$u490eds0KKnV$IMQ1G7yXncfLrx+ji2Q2Qgvoua7yNdnWXghF26el388=','2015-10-11 16:46:30',0,'Suriya','','','suriyachandran26@gmail.com',0,1,'2015-10-11 16:46:28'),(21,'pbkdf2_sha256$12000$z1KcqwXsXXjP$3RNToyOZ9AtLm/p9SPtwYTe4YXA6xmgjoyUQPiOw7/Y=','2015-10-11 17:02:43',0,'teste','','','testtest@gmail.com',0,1,'2015-10-11 17:02:40'),(23,'pbkdf2_sha256$12000$O1kK2jPi0OeN$zsoNbGkhu5RNuKp3F+ZZReD8q35Ml6KWexahbRGJN3g=','2015-10-11 19:35:15',0,'eventswat','','','eventswat@gmail.com',0,1,'2015-10-11 19:35:13'),(24,'pbkdf2_sha256$12000$QUZhj0DEjqKb$W4ur9CU+8hxLfCghJCF2u6f/pmlDH0euJLvg5oAJKy8=','2015-10-12 03:18:03',0,'baba','','','babaprasanna@gmail.com',0,1,'2015-10-12 03:08:57'),(25,'pbkdf2_sha256$12000$WNrFi99aC1h5$YFC/yhj6gLCy1ZTXKuRpHdugqEbaFAZr04DTAjPp77o=','2015-11-02 07:51:30',0,'Pradeepa','','','rpradeepa812@gmail.com',0,1,'2015-10-12 05:33:37'),(26,'pbkdf2_sha256$12000$j0y4cnVXlIxx$7LUZPQv9GNyIzNas4ZZ32UB7zw+57ivrxseZlRZFn5k=','2015-10-12 07:14:24',0,'priya','','','avbmail93@gmail.com',0,1,'2015-10-12 07:14:22'),(27,'pbkdf2_sha256$12000$DkYJrUa5CVPT$JD+K0cwV53DZF6h6pftvLJZbvXCehlcL40MtVoH3QdQ=','2015-12-05 11:31:06',0,'kalai','','','kalai@gmail.com',0,1,'2015-10-20 08:02:30'),(28,'pbkdf2_sha256$12000$WTbgo5UX5VHi$zYYAGfCCjeg0Hk+eBl0WsN//l+IqGdSWGfmr0gFZ8KA=','2015-10-29 13:52:48',0,'sastha','','','sastha@gmail.com',0,1,'2015-10-29 13:50:15'),(29,'pbkdf2_sha256$12000$tWHKSpp1kzmF$x+bzZXfwbMue4pmfeGl6PaEOjLV59LChAsxVeKupxHQ=','2015-10-29 13:51:40',0,'sastha','','','kalaimca.gs@gmail.com',0,1,'2015-10-29 13:51:37'),(30,'pbkdf2_sha256$12000$pRX9GSafgnAU$8nzP0p9PXAbrWnCgxRXPlVubRtfo+rzQa5zuSdafc1g=','2015-10-31 14:52:27',0,'Ram','','','ramganesh.atas@gmail.com',0,1,'2015-10-31 14:52:24'),(31,'pbkdf2_sha256$12000$9beI5xRj2ftj$Nc3Ty1u24qTMt2jw00itQ/MyIsUSbLhusaxnfqbUeuo=','2015-11-07 05:38:10',0,'priya','','','spshanthibala@gmail.com',0,1,'2015-11-07 05:38:08'),(32,'pbkdf2_sha256$12000$vb3eqhPPTUOT$jEFf8ZukvmZnZw/g7llLMTmtGlP+1BLfHC+hrgTDoUk=','2015-11-07 11:37:59',0,'kalai1@gmaill.com','','','kalai1@gmail.com',0,1,'2015-11-07 11:36:32'),(33,'pbkdf2_sha256$12000$7P5A2L8TPoBc$WOEgIHIY4eDyn41YVqp9FIortukrW/NwrCpBQW2AE4c=','2015-11-12 07:00:08',0,'kalai','','','kalaimca.gs1@gmail.com',0,1,'2015-11-12 07:00:05'),(34,'pbkdf2_sha256$12000$3WId0PlMYcYA$KfL2HTi5KVUnvLsLy2LuEwBLrN7MCTwISSGbuutP5+Y=','2015-11-12 13:08:48',0,'pradeepa','','','pradi_guru@gmail.com',0,1,'2015-11-12 12:59:41'),(35,'pbkdf2_sha256$12000$4RNP9UFkS1LX$L6r5wzTybq3fFIUeCEIxTf3M8o/Y3LVYQeGHbxv1VVA=','2015-11-16 06:24:47',0,'prakash','','','prakash@gmail.com',0,1,'2015-11-16 06:24:45'),(36,'pbkdf2_sha256$12000$6CyaG8hyQuDX$Lz7A99SigPefnmTq7y8lRLa+4huQkWTTheqh824dKO4=','2015-11-16 06:26:03',0,'ramya','','','ramya@gmail.com',0,1,'2015-11-16 06:26:02'),(37,'pbkdf2_sha256$12000$ldIgZ23r3UV4$x8PezmUfoTeVwMuWuGHMy3mwNnwqTRmOI29EVZKT3Pg=','2015-11-17 06:48:29',0,'sastha','','','sastha@globalensolutions.com',0,1,'2015-11-16 08:10:53'),(38,'pbkdf2_sha256$12000$UcuaMzgJjdG1$sdqi1O7L6vug12Zt9zrPhNB0cQYB74xf5cMBrROp7/A=','2015-11-17 05:37:35',0,'ram','','','ram@gmail.com',0,1,'2015-11-17 05:37:32'),(39,'pbkdf2_sha256$12000$x2Ps64YLrLw4$thFKx8aTZUZL8b3StsLwIx0uPW7PJ7V3yd3IIMRfYjI=','2015-11-17 05:38:24',0,'ram','','','ram2@gmail.com',0,1,'2015-11-17 05:38:22'),(40,'pbkdf2_sha256$12000$P1iMX6nHCdJc$GrO3jp/SGulJWA8jt4viUrGNkezj6TRU/v4ONcBYOZ4=','2015-11-17 14:34:48',0,'ram','','','ramya1@gmail.com',0,1,'2015-11-17 14:34:48'),(41,'pbkdf2_sha256$12000$YxV75JIOa6Y1$bkzXWhila2kawBjdRi+TAg3xbOkeSxKD2duMZl1Uo2I=','2015-11-17 14:44:29',0,'kalai2','','','kalai2@gmail.com',0,1,'2015-11-17 14:44:26'),(42,'pbkdf2_sha256$12000$9uKYQsLSeX2E$nTmP55DOjIyEd1CDTtGbXDVBfOHcqnc5oqliGIPog3c=','2015-11-17 14:44:55',0,'sara','','','ramyaneethu@gmail.com',0,1,'2015-11-17 14:44:53'),(43,'00','2015-12-09 12:39:06',0,'jikui','','','rfhdsgfhgfhdj@gmail.com',0,1,'2015-12-09 12:39:06'),(44,'pbkdf2_sha256$12000$rGjM53EylqJl$9ONNSlQu17jL4B+3k9Sx8+diaJ0vFkUNG/dE/921cmw=','2015-12-09 12:48:28',0,'dinesh','','','dinesh@gmail.com',0,1,'2015-12-09 12:48:28'),(45,'pbkdf2_sha256$12000$bbDA1jqONF1k$YzDnCcQmenbgQcdUNkd1OeeFbsbBLWS69BLmGIzTeDc=','2015-12-09 12:50:53',0,'sudha','','','sudha@gmail.com',0,1,'2015-12-09 12:50:53'),(46,'pbkdf2_sha256$12000$aDZ7rS6Pfkd7$JXN3tXeypIDCxoanrKPAIUdUZWHtVCjizJVvrU+yHGM=','2015-12-09 14:14:01',0,'hjfgjkfhgk','','','dfdddf@gmail.com',0,1,'2015-12-09 14:14:01'),(47,'pbkdf2_sha256$12000$rPTnsoKWClzQ$C33ueLaztEOp8yU7cK3KqidlIKBu4/iMOyrpL7ybKlw=','2015-12-09 14:15:19',0,'ram233','','','ram233@gmail.com',0,1,'2015-12-09 14:15:19'),(48,'pbkdf2_sha256$12000$krOdcqthnBYX$jvdim5FfqIYqzuhQFR+iCY47P38T+q2pNBXQC7vqzK4=','2015-12-10 05:25:50',0,'ramya123','','','ramya123@gmail.com',0,1,'2015-12-10 05:25:50'),(49,'pbkdf2_sha256$12000$qeBmkspBgxnq$5P3u1zS73zQgW2FaX438komouSfkzrIpxSpFKLf9NM0=','2015-12-10 05:26:36',0,'ramya1234','','','ramya1234@gmail.com',0,1,'2015-12-10 05:26:36'),(50,'pbkdf2_sha256$12000$GBrVaSDcUhlH$2P4ck48jB7C7UUFJ2ceuL/agYSYi7XobHehGy2gLnB4=','2015-12-10 05:52:27',0,'Ramya23','','','Ramya23@gmail.com',0,1,'2015-12-10 05:52:27'),(51,'pbkdf2_sha256$12000$zN8lUYhxl8MK$cXUjzOjabrnD6Oev7pihh62PjGT9W8AJB+izl8CJ5tI=','2015-12-10 10:00:41',0,'ramyas','','','ramya1234@gmail.com',0,1,'2015-12-10 10:00:41'),(52,'pbkdf2_sha256$12000$fpukeiQhMK5v$Lguooo2U8ou1fE+/jEqusjTU4LFT/J5ZhmfbNiMmVKA=','2015-12-10 10:06:11',0,'Ramya2','','','ramya123@gmail.com',0,1,'2015-12-10 10:06:11'),(53,'pbkdf2_sha256$12000$7ny1uaXTooMA$O+Go4NR5WRgQg/OlGVdRxwnc1dcsLiQvzXiUpJROfjQ=','2015-12-10 10:16:18',0,'admin','','','rfhdsgfhgfhdj@gmail.com',0,1,'2015-12-10 10:16:17'),(54,'pbkdf2_sha256$12000$dk7kqd5WLZF1$1hqr3GS+hZtXyCtbKCLr2LWMcmSQ4mkbvUZ/U6a4yYI=','2015-12-10 10:17:18',0,'suramya','','','suramya2894@gmail.com',0,1,'2015-12-10 10:17:18'),(55,'pbkdf2_sha256$12000$SPRqVveHV7ca$lkSKJ8dLvTODcOzUq9qe01sr3CHd8+ZKdeJjYKi8jMA=','2015-12-10 10:35:57',0,'registered_user','','','registered_user@gmail.com',0,1,'2015-12-10 10:35:57'),(56,'pbkdf2_sha256$12000$UAtUwp89XpWP$DiP2DWLGd9gjQYdsphA9SoUsEX869cyP8Wz1v8Fn8+Y=','2015-12-10 10:36:49',0,'sati1','','','sati1@gmail.com',0,1,'2015-12-10 10:36:49'),(57,'pbkdf2_sha256$12000$uXzxmolPet3M$x1A1MDgBEfZw3IgXvSgOipITAD7G0dqpaZNpG391hQ0=','2015-12-10 10:44:53',0,'ram2','','','ram2@gmail.com',0,1,'2015-12-10 10:44:53'),(58,'pbkdf2_sha256$12000$nken49JBrCTg$QKRIehv7ANKNP7bEZsxkk3Sc2aO0BPpmDK6cL012KLk=','2015-12-10 12:05:56',0,'sathishram','','','sathishram@gmail.com',0,1,'2015-12-10 12:05:26'),(59,'pbkdf2_sha256$12000$dxYx5rBZDKHR$+x0t5mTcR1hrmlC/A7KOkahiFOWKPT3zTA0JfgJ6nD8=','2015-12-11 06:01:08',0,'madhi','','','madhi@gmail.com',0,1,'2015-12-11 06:01:07'),(61,'pbkdf2_sha256$12000$maQT0wCDHbBB$RcJZ8sC2mTv4tNgj6q7qzGeir8a6cs5HiLJSzj/A/C8=','2015-12-11 07:23:17',0,'madhi1','','','madhi1@gmail.com',0,1,'2015-12-11 07:23:17'),(62,'pbkdf2_sha256$12000$Su8cAk9mmJ7Y$gWOmrHaaMN9AtN+lJEAwJ48/PRQAH2T64rfegiH9rfI=','2015-12-11 07:37:27',0,'Dineshfghf','','','Dineshfghf@gmail.xiom',0,1,'2015-12-11 07:37:27'),(63,'pbkdf2_sha256$12000$ouFtLhAcBRfW$7FEj4CDP/QxfBbytfiKzz6FBg2SfNFeIAhPPXBSpcvw=','2015-12-11 08:08:03',0,'madhihgh','','','ramyhgha@globalensolutions.com',0,1,'2015-12-11 08:08:03'),(64,'pbkdf2_sha256$12000$7jr8CtVHMtwv$tHkPDF311MivmSoCgK5nMJhBeqP5333MYmtC55Y/DwY=','2015-12-11 14:16:08',0,'madhi123','','','madhi123@gmail.com',0,1,'2015-12-11 14:16:08'),(65,'pbkdf2_sha256$12000$dQZIKVtTptmi$ZOPw6vgs7ncyk8oRXzzqdB8KOlxq4ic2xlJZOaEjxzw=','2015-12-11 14:16:52',0,'madhi12','','','madhi12@gmail.com',0,1,'2015-12-11 14:16:52'),(66,'pbkdf2_sha256$12000$UJNerLvPkNcp$YfWMc//fCZ2UvBa5cvrQ7czSQfCyh1CvvawRRidVxbw=','2015-12-11 14:17:54',0,'madhi1233','','','madhi1233@gmail.com',0,1,'2015-12-11 14:17:53'),(67,'pbkdf2_sha256$12000$GSmIvctSZApa$93IDzEeWCqXVd2FpBR4+djty8D4yvwDnZ4lZDqbUgoc=','2015-12-11 14:20:22',0,'madhi233','','','madhi233@gamil.com',0,1,'2015-12-11 14:20:22'),(68,'pbkdf2_sha256$12000$XYBDtqDXvRw4$wUQsgjj66BxpVdHYcFw3JQpBavvc3E+zUobw1lOrNro=','2015-12-12 09:41:02',0,'madhir','','','madhi233@gmail.com',0,1,'2015-12-12 06:09:20'),(69,'pbkdf2_sha256$12000$f66bbFokMret$VwTwPm8CAM52w66evF9BMPPnqomfxFye3HESr3L93zw=','2015-12-12 08:15:58',0,'nithya','','','nithyaff@gmail.com',0,1,'2015-12-12 08:15:57'),(70,'pbkdf2_sha256$12000$fhhQFCLqTyEX$711DcVmggdYj5G2uhOfUFwE6i4NxDc4xehlZWwP2C8s=','2015-12-12 11:56:11',0,'sangavi','','','sangavi@gmail.com',0,1,'2015-12-12 09:42:36'),(71,'pbkdf2_sha256$12000$Kzs810YpcW9t$eZTLOCZ5QzEkQthjvNi14wU/a4g5XQ2W6qQjhG5loZk=','2015-12-12 10:02:10',0,'dinesh1','','','dinesh1@gmail.com',0,1,'2015-12-12 09:57:46'),(72,'pbkdf2_sha256$12000$0ezvxSSxoMWS$BpJlqAwosee9hnyaTGkEpTw6I6iPNe3XJjE8lLmAR9M=','2015-12-12 10:27:28',0,'net','','','net@gmail.com',0,1,'2015-12-12 10:27:28'),(73,'pbkdf2_sha256$12000$nsFxNxwFkKIf$Qdy+xZOsZLLfGubT4JrCgHUgVakpfdYV5HqMN0Olr30=','2015-12-12 11:32:13',0,'django','','','',0,1,'2015-12-12 11:32:13'),(74,'00','2015-12-12 11:35:56',0,'ramani','','','django@gmail.com',0,1,'2015-12-12 11:35:56'),(75,'pbkdf2_sha256$12000$lZ1IEDsFU5Pm$qLaZtIGW9Ks9EW2bO6kdHiSFYYhpWQnX5E47Pwvv1/c=','2015-12-15 04:50:03',0,'ramesh','','','ramesh@gmail.com',0,1,'2015-12-15 04:50:03'),(76,'00','2015-12-15 05:11:42',0,'sangavi2','','','',0,1,'2015-12-15 05:11:42'),(77,'pbkdf2_sha256$12000$qcCYScRekL47$cxDGlhTgu5XuPM3fp+cjI4Pg2WUYkvbDlS1CtHQ3dlI=','2015-12-15 05:14:58',0,'yavaniga','','','yava@gmail.com',0,1,'2015-12-15 05:13:52'),(78,'pbkdf2_sha256$12000$PMAz8TbjHS5s$rIh+n4LoRDzpPlgUNIXjNZADADy9z91jddASQyu/jBc=','2015-12-15 05:16:27',0,'yavaniga1','','','avbmail93@gmail.com',0,1,'2015-12-15 05:15:41'),(79,'','2015-12-15 06:36:06',0,'sangavi5','','','sangavi5@gmail.com',0,1,'2015-12-15 06:36:06'),(80,'00','2015-12-15 06:42:23',0,'sangavi6','','','sangavi6@gmail.com',0,1,'2015-12-15 06:42:23'),(81,'pbkdf2_sha256$12000$Fy0juwTer7T0$OCLQ5Whkl1ZNLFQMgk+yNmSLROMxx5xoJuGOfGLrgXs=','2015-12-15 06:58:05',0,'madhi7','','','madhi7@gmail.com',0,1,'2015-12-15 06:58:05'),(82,'pbkdf2_sha256$12000$nO82BoGlc2Hd$kzFoiQrOxebRnYTRSyMboqKv1uuhYT6Bbr5OKf/ulwk=','2015-12-15 06:59:06',0,'satiii','','','ramyasathish2811@gmail.com',0,1,'2015-12-15 06:59:01');
/*!40000 ALTER TABLE `auth_user` ENABLE KEYS */;
UNLOCK TABLES;

--
-- Table structure for table `auth_user_groups`
--

DROP TABLE IF EXISTS `auth_user_groups`;
/*!40101 SET @saved_cs_client     = @@character_set_client */;
/*!40101 SET character_set_client = utf8 */;
CREATE TABLE `auth_user_groups` (
  `id` int(11) NOT NULL AUTO_INCREMENT,
  `user_id` int(11) NOT NULL,
  `group_id` int(11) NOT NULL,
  PRIMARY KEY (`id`),
  UNIQUE KEY `user_id` (`user_id`,`group_id`),
  KEY `auth_user_groups_6340c63c` (`user_id`),
  KEY `auth_user_groups_5f412f9a` (`group_id`),
  CONSTRAINT `group_id_refs_id_274b862c` FOREIGN KEY (`group_id`) REFERENCES `auth_group` (`id`),
  CONSTRAINT `user_id_refs_id_40c41112` FOREIGN KEY (`user_id`) REFERENCES `auth_user` (`id`)
) ENGINE=InnoDB DEFAULT CHARSET=latin1;
/*!40101 SET character_set_client = @saved_cs_client */;

--
-- Dumping data for table `auth_user_groups`
--

LOCK TABLES `auth_user_groups` WRITE;
/*!40000 ALTER TABLE `auth_user_groups` DISABLE KEYS */;
/*!40000 ALTER TABLE `auth_user_groups` ENABLE KEYS */;
UNLOCK TABLES;

--
-- Table structure for table `auth_user_user_permissions`
--

DROP TABLE IF EXISTS `auth_user_user_permissions`;
/*!40101 SET @saved_cs_client     = @@character_set_client */;
/*!40101 SET character_set_client = utf8 */;
CREATE TABLE `auth_user_user_permissions` (
  `id` int(11) NOT NULL AUTO_INCREMENT,
  `user_id` int(11) NOT NULL,
  `permission_id` int(11) NOT NULL,
  PRIMARY KEY (`id`),
  UNIQUE KEY `user_id` (`user_id`,`permission_id`),
  KEY `auth_user_user_permissions_6340c63c` (`user_id`),
  KEY `auth_user_user_permissions_83d7f98b` (`permission_id`),
  CONSTRAINT `permission_id_refs_id_35d9ac25` FOREIGN KEY (`permission_id`) REFERENCES `auth_permission` (`id`),
  CONSTRAINT `user_id_refs_id_4dc23c39` FOREIGN KEY (`user_id`) REFERENCES `auth_user` (`id`)
) ENGINE=InnoDB DEFAULT CHARSET=latin1;
/*!40101 SET character_set_client = @saved_cs_client */;

--
-- Dumping data for table `auth_user_user_permissions`
--

LOCK TABLES `auth_user_user_permissions` WRITE;
/*!40000 ALTER TABLE `auth_user_user_permissions` DISABLE KEYS */;
/*!40000 ALTER TABLE `auth_user_user_permissions` ENABLE KEYS */;
UNLOCK TABLES;

--
-- Table structure for table `django_admin_log`
--

DROP TABLE IF EXISTS `django_admin_log`;
/*!40101 SET @saved_cs_client     = @@character_set_client */;
/*!40101 SET character_set_client = utf8 */;
CREATE TABLE `django_admin_log` (
  `id` int(11) NOT NULL AUTO_INCREMENT,
  `action_time` datetime NOT NULL,
  `user_id` int(11) NOT NULL,
  `content_type_id` int(11) DEFAULT NULL,
  `object_id` longtext,
  `object_repr` varchar(200) NOT NULL,
  `action_flag` smallint(5) unsigned NOT NULL,
  `change_message` longtext NOT NULL,
  PRIMARY KEY (`id`),
  KEY `django_admin_log_6340c63c` (`user_id`),
  KEY `django_admin_log_37ef4eb4` (`content_type_id`),
  CONSTRAINT `content_type_id_refs_id_93d2d1f8` FOREIGN KEY (`content_type_id`) REFERENCES `django_content_type` (`id`),
  CONSTRAINT `user_id_refs_id_c0d12874` FOREIGN KEY (`user_id`) REFERENCES `auth_user` (`id`)
) ENGINE=InnoDB AUTO_INCREMENT=482 DEFAULT CHARSET=latin1;
/*!40101 SET character_set_client = @saved_cs_client */;

--
-- Dumping data for table `django_admin_log`
--

LOCK TABLES `django_admin_log` WRITE;
/*!40000 ALTER TABLE `django_admin_log` DISABLE KEYS */;
INSERT INTO `django_admin_log` VALUES (1,'2015-10-10 20:05:51',1,21,'1','Mainbanner object',1,''),(2,'2015-10-10 20:06:35',1,21,'2','Mainbanner object',1,''),(3,'2015-10-10 20:07:41',1,21,'3','Mainbanner object',1,''),(4,'2015-10-10 20:09:32',1,21,'4','Mainbanner object',1,''),(5,'2015-10-10 20:13:35',1,20,'1','bottom',1,''),(6,'2015-10-10 20:14:06',1,20,'2','left',1,''),(7,'2015-10-10 20:14:20',1,20,'3','right',1,''),(8,'2015-10-10 20:15:07',1,19,'1','',1,''),(9,'2015-10-10 20:20:43',1,7,'1','Engineering',1,''),(10,'2015-10-10 20:21:05',1,7,'2','Arts & Science',1,''),(11,'2015-10-10 20:21:44',1,7,'3','Management',1,''),(12,'2015-10-10 20:22:05',1,7,'4','Medical',1,''),(13,'2015-10-10 20:22:19',1,7,'5','Others',1,''),(14,'2015-10-10 20:24:28',1,8,'1','Workshop',1,''),(15,'2015-10-10 20:25:03',1,8,'2','Seminar',1,''),(16,'2015-10-10 20:25:54',1,8,'3','onlineevents',1,''),(17,'2015-10-10 20:26:50',1,8,'4','Conferences',1,''),(18,'2015-10-10 20:27:55',1,8,'5','Youthsubmit',1,''),(19,'2015-10-10 20:28:49',1,8,'6','Technical',1,''),(20,'2015-10-10 20:29:20',1,8,'7','Cultural',1,''),(21,'2015-10-10 20:29:37',1,8,'7','Culturals',2,'Changed name.'),(22,'2015-10-10 20:30:35',1,8,'8','Literary',1,''),(23,'2015-10-10 20:31:11',1,8,'9','Symposium',1,''),(24,'2015-10-10 20:32:33',1,13,'1','free',1,''),(25,'2015-10-10 20:33:16',1,13,'2','paid',1,''),(26,'2015-10-10 20:48:34',1,10,'1','PONNAIYAH RAMAJAYAM INSTITUTE OF SCIENCE AND TECHNOLOGY (PRIST) UNIVERSITY',1,''),(27,'2015-10-10 20:48:53',1,10,'2','SRI VENKATESHWARAA COLLEGE OF ENGINEERING & TECHNOLOGY',1,''),(28,'2015-10-10 20:49:19',1,10,'3','RAAK COLLEGE OF ENGINEERING AND TECHNOLOGY',1,''),(29,'2015-10-10 20:49:48',1,7,'6','POLYTECHNIC',1,''),(30,'2015-10-10 20:50:16',1,10,'4','INDIRA GANDHI POLYTECHNIC COLLEGE, MAHE',1,''),(31,'2015-10-10 20:50:36',1,10,'5','KARAIKAL POLYTECHNIC COLLEGE',1,''),(32,'2015-10-10 20:51:11',1,10,'6','CHRIST COLLEGE OF ENGINEERING AND TECHNOLOGY',1,''),(33,'2015-10-10 20:52:20',1,10,'7','SRI MANAKULA VINAYAGAR ENGINEERING COLLEGE',1,''),(34,'2015-10-10 20:52:41',1,10,'8','ACHARIYA COLLEGE OF ENGINEERING TECHNOLOGY',1,''),(35,'2015-10-10 20:53:13',1,10,'9','SHRI KRISHNAA COLLEGE OF ENGINEERING AND TECHNOLOGY',1,''),(36,'2015-10-10 20:53:39',1,10,'10','DR. S.J.S. PAUL MEMORIAL COLLEGE OF ENGINEERING AND TECHNOLOGY',1,''),(37,'2015-10-10 20:57:11',1,10,'11','WOMEN\'S POLYTECHNIC COLLEGE',1,''),(38,'2015-10-10 20:57:39',1,10,'12','ALPHA COLLEGE OF ENGINEERING & TECHNOLOGY',1,''),(39,'2015-10-10 20:58:04',1,10,'13','SRI GANESH COLLEGE OF ENGINEERING AND TECHNOLOGY',1,''),(40,'2015-10-10 20:58:27',1,10,'14','AVVAIYAR COLLEGE OF ENGINEERING AND TECHNOLOGY FOR WOMEN',1,''),(41,'2015-10-10 21:05:19',1,10,'15','HAYAGRIVA POLYTECHNIC COLLEGE',1,''),(42,'2015-10-10 21:05:45',1,10,'16','REGENCY INSTITUTE OF TECHNOLOGY',1,''),(43,'2015-10-10 21:06:07',1,10,'17','BHARATHIYAR COLLEGE OF ENGINEERING AND TECHNOLOGY',1,''),(44,'2015-10-10 21:06:23',1,10,'18','RAJIV GANDHI COLLEGE OF ENGINEERING AND TECHNOLOGY',1,''),(45,'2015-10-10 21:06:43',1,10,'19','PERUNTHANALAIVAR KAMARAJAR INSTITUTE OF ENGINEERING AND TECHNOLOGY',1,''),(46,'2015-10-10 21:07:52',1,10,'20','WOMEN\'S POLYTECHNIC COLLEGE (GOVT. OF PUDUCHERRY)',1,''),(47,'2015-10-10 21:08:10',1,10,'21','PONDICHERRY ENGINEERING COLLEGE',1,''),(48,'2015-10-10 21:15:08',1,14,'2','International Winter Internship and Training',1,''),(49,'2015-10-10 21:21:29',1,19,'1','',3,''),(50,'2015-10-10 21:22:38',1,19,'2','',1,''),(51,'2015-10-10 21:25:27',1,19,'3','',1,''),(52,'2015-10-10 21:26:12',1,19,'4','',1,''),(53,'2015-10-10 21:28:31',1,19,'5','',1,''),(54,'2015-10-10 21:33:51',1,19,'6','',1,''),(55,'2015-10-10 21:34:30',1,19,'7','',1,''),(56,'2015-10-10 21:58:03',1,10,'22','MANAKULA VINAYAGAR INSTITUTE OF TECHNOLOGY',1,''),(57,'2015-10-10 21:58:29',1,10,'23','SRI MANAKULA VINAYAGAR POLYTECHNIC COLLEGE',1,''),(58,'2015-10-10 21:58:49',1,10,'24','RVS COLLEGE OF ENGINEERING &TECHNOLOGY',1,''),(59,'2015-10-10 21:59:15',1,10,'25','DR.B.R.AMBEDKAR POLYTECHNIC COLLEGE',1,''),(60,'2015-10-10 21:59:40',1,10,'26','MOTILAL NEHRU GOVERNMENT POLYTECHNIC COLLEGE',1,''),(61,'2015-10-10 23:36:48',1,15,'1','Jeevan Mammen Stephen:',1,''),(62,'2015-10-10 23:37:35',1,14,'1','Regular Capoeira classes',1,''),(64,'2015-10-10 23:48:53',1,4,'2','sastha',2,'Changed is_staff.'),(65,'2015-10-11 07:01:21',1,15,'2',' Balavishnu V J',1,''),(66,'2015-10-11 07:05:06',1,14,'2','Qubit\'15 (technoVIT\'15)',1,''),(67,'2015-10-11 07:05:18',1,14,'2','Qubit\'15 (technoVIT\'15)',2,'No fields changed.'),(68,'2015-10-11 07:15:58',1,14,'2','Qubit\'15 (technoVIT\'15)',2,'Changed poster.'),(69,'2015-10-11 11:33:55',1,15,'3','Pratiksha Mohanty',1,''),(70,'2015-10-11 11:34:57',1,14,'3','Fiesta de Mercadeo 15',1,''),(71,'2015-10-11 12:48:08',1,4,'9','deepak',3,''),(72,'2015-10-11 12:59:21',1,4,'10','wasdfa',3,''),(73,'2015-10-11 19:20:37',1,14,'5','test',2,'Changed organizer and admin_status.'),(74,'2015-10-11 19:25:24',1,14,'5','test',3,''),(75,'2015-10-11 19:25:24',1,14,'4','test',3,''),(76,'2015-10-11 19:26:21',1,4,'12','asdfsadf',3,''),(77,'2015-10-11 19:26:21',1,4,'13','asdfsd',3,''),(78,'2015-10-11 19:26:21',1,4,'15','ewtrrwe',3,''),(79,'2015-10-11 19:26:21',1,4,'11','fdsfgdsf',3,''),(80,'2015-10-11 19:26:21',1,4,'14','fsdfsdfg',3,''),(81,'2015-10-11 19:26:21',1,4,'6','jsjjsjs',3,''),(82,'2015-10-11 19:26:21',1,4,'18','kalai',3,''),(83,'2015-10-11 19:26:21',1,4,'19','qwert',3,''),(84,'2015-10-11 19:26:21',1,4,'16','sdfsadfsd',3,''),(85,'2015-10-11 19:34:23',1,4,'22','eventswat',3,''),(86,'2015-10-12 07:22:06',1,14,'7','technical event',2,'Changed organizer and admin_status.'),(87,'2015-10-12 07:48:19',1,9,'1624','Delhi',1,''),(88,'2015-10-12 07:52:02',1,9,'1624','Delhi',3,''),(89,'2015-10-12 07:55:18',1,10,'27','MAHARAJA AGRASEN INSTITUTE OF TECHNOLOGY',1,''),(90,'2015-10-12 07:59:08',1,12,'1','COMMUNICATION ENGINEERING AND SIGNAL PROCESSING',1,''),(91,'2015-10-12 07:59:44',1,12,'2','INFORMATION TECHNOLOGY',1,''),(92,'2015-10-12 08:01:22',1,12,'3','MECHANICAL AND AUTOMATION ENGINEERING',1,''),(93,'2015-10-12 08:02:22',1,12,'4','SOFTWARE ENGINEERING',1,''),(94,'2015-10-12 08:05:18',1,12,'5','COMPUTER SCEINCE & ENGINEERING',1,''),(95,'2015-10-12 08:07:00',1,12,'6','ELECTRICAL AND COMPUTER ENGINEERING',1,''),(96,'2015-10-12 08:07:57',1,12,'7','ELECTRICAL AND ELECTRONICS ENGINEERING',1,''),(97,'2015-10-12 08:08:34',1,12,'8','ELECTRONICS AND COMMUNICATIONS ENGINEERING',1,''),(98,'2015-10-12 08:09:24',1,12,'8','ELECTRONICS AND COMMUNICATIONS ENGINEERING',2,'No fields changed.'),(99,'2015-10-12 08:10:45',1,10,'28','CHHOTU RAM RURAL INSTITUTE OF TECHNOLOGY',1,''),(100,'2015-10-12 08:12:22',1,10,'29','TERI UNIVERSITY',1,''),(101,'2015-10-12 08:12:44',1,10,'29','INTEGRATED INSTITUTE OF TECHNOLOGY',2,'Changed college_name.'),(102,'2015-10-12 08:13:58',1,10,'30','TERI UNIVERSITY',1,''),(103,'2015-10-12 08:15:24',1,10,'31','AMITY SCHOOL OF ENGINEERING & TECHNOLOGY',1,''),(104,'2015-10-12 08:16:28',1,10,'32','MAHARAJA SURAJMAL INSTITUTE OF TECHNOLOGY',1,''),(105,'2015-10-12 08:19:07',1,10,'33','G. B. PANT POLYTECHNIC',1,''),(106,'2015-10-12 08:19:58',1,10,'34','DELHI INSTITUTE OF TOOL ENGINEERING',1,''),(107,'2015-10-12 08:20:58',1,10,'35','AMBEDKAR INSTITUTE OF ADVANCED COMMUNICATION TECHNOLOGIES AND RESEARCH',1,''),(108,'2015-10-12 08:22:34',1,10,'36','GURU NANAK DEV POLYTECHNIC',1,''),(109,'2015-10-12 08:23:58',1,10,'37','CH. BRAHM PRAKASH GOVERNMENT ENGINEERING COLLEGE',1,''),(110,'2015-10-12 08:25:21',1,10,'38','ADITYA INSTITUTE OF TECHNOLOGY',1,''),(111,'2015-10-12 08:26:18',1,10,'39','HMR INSTITUTE OF TECHNOLOGY AND MANAGEMENT',1,''),(112,'2015-10-12 08:26:51',1,10,'40','INTERNATIONAL POLYTECHNIC FOR WOMEN',1,''),(113,'2015-10-12 08:27:29',1,10,'41','BSF POLYTECHNIC',1,''),(114,'2015-10-12 08:28:17',1,10,'42','MARATHWADA INSTITUTE OF TECHNOLOGY',1,''),(115,'2015-10-12 08:29:25',1,10,'43','MEERABAI INSTITUTE OF TECHNOLOGY',1,''),(116,'2015-10-12 08:29:48',1,10,'44','DELHI COLLEGE OF ENGINEERING',1,''),(117,'2015-10-12 08:30:28',1,10,'45','BHARATI VIDYAPEETH\'S COLLEGE OF ENGINEERING',1,''),(118,'2015-10-12 08:31:16',1,10,'46','ARYABHAT POLYTECHNIC',1,''),(119,'2015-10-12 08:31:46',1,10,'47','GURU TEGH BAHADUR POLYTECHNIC INSTITUTE',1,''),(120,'2015-10-12 08:32:46',1,10,'48','SAFDARJUNG HOSPITAL AND VMMC',1,''),(121,'2015-10-12 08:33:05',1,10,'49','GURU GOBIND SINGH INDRAPRASTHA UNIVERSITY',1,''),(122,'2015-10-12 08:33:30',1,10,'50','BABA HARIDASS COLLEGE OF PHARMACY & TECHNOLOGY',1,''),(123,'2015-10-12 08:33:48',1,10,'51','NETAJI SUBHAS INSTITUTE OF TECHNOLOGY',1,''),(124,'2015-10-12 08:34:09',1,10,'52','NATIONAL POWER TRAINING INSTITUTE (NORTHERN REGION)',1,''),(125,'2015-10-12 08:34:28',1,10,'53','NORTHERN INDIA ENGINEERING COLLEGE',1,''),(126,'2015-10-12 08:34:46',1,10,'54','PUSA POLYTECHNIC',1,''),(127,'2015-10-12 08:35:45',1,10,'55','JAMIA MILLIA ISLAMIA (A CENTRAL UNIVERSITY)',1,''),(128,'2015-10-12 08:36:48',1,10,'56','KASTURBA POLYTECHNIC FOR WOMEN',1,''),(129,'2015-10-12 08:38:07',1,10,'57','GURU TEGH BAHADUR INSTITUTE OF TECHNOLOGY',1,''),(130,'2015-10-12 08:38:43',1,10,'58','G.B. PANT GOVT. ENGINEERING COLLEGE',1,''),(131,'2015-10-12 08:39:22',1,10,'59','MIRAMBIKA RESEARCH CENTRE OF INTEGRAL EDUCATION AND HUMAN VALUES',1,''),(132,'2015-10-12 09:45:31',1,12,'9','CIVIL ENGINEERING',1,''),(133,'2015-10-12 09:46:57',1,11,'106','ELECTRICAL ENGINEERING',1,''),(134,'2015-10-12 09:47:33',1,12,'10','ELECTRICAL ENGINEERING',1,''),(135,'2015-10-12 09:48:23',1,12,'11','ELECTRONICS & COMMUNICATION ENGG',1,''),(136,'2015-10-12 09:49:42',1,12,'12','DIGITAL ELECTRONICS',1,''),(137,'2015-10-12 09:50:46',1,12,'13','INSTRUMENTATION & CONTROL ENGINEERING',1,''),(138,'2015-10-12 09:52:41',1,12,'14','MECHANICAL ENGINEERING',1,''),(139,'2015-10-12 09:53:15',1,12,'15','MEDICAL ELECTRONICS',1,''),(140,'2015-10-12 09:55:56',1,12,'16','ENVIRONMENT ENGINEERING',1,''),(141,'2015-10-12 09:58:13',1,12,'17','INFORMATION TECHNOLOGY ENABLED SERVICES AND MANAGEMENT',1,''),(142,'2015-10-12 09:58:55',1,12,'18','MEDICAL LABORATORY TECHNOLOGY',1,''),(143,'2015-10-12 10:00:59',1,12,'19','COMPUTER SCIENCE AND ENGINEERING',1,''),(144,'2015-10-12 10:01:43',1,12,'20','ELECTRONICS & COMMUNICATION ENGG',1,''),(145,'2015-10-12 10:02:04',1,12,'21','INFORMATION TECHNOLOGY',1,''),(146,'2015-10-12 10:02:46',1,12,'22','INSTRUMENTATION & CONTROL ENGINEERING',1,''),(147,'2015-10-12 10:03:11',1,12,'23','MECHANICAL AND AUTOMATION ENGINEERING',1,''),(148,'2015-10-12 10:11:06',1,12,'24','COMPUTER SCIENCE & ENGINEERING',1,''),(149,'2015-10-12 10:11:38',1,12,'25','ELECTRICAL AND ELECTRONICS ENGINEERING',1,''),(150,'2015-10-12 10:17:51',1,12,'26','ELECTRONICS AND COMMUNICATIONS ENGINEERING',1,''),(151,'2015-10-12 10:18:19',1,12,'27','INFORMATION TECHNOLOGY',1,''),(152,'2015-10-12 10:19:42',1,12,'28','COMPUTER SCIENCE AND ENGINEERING',1,''),(153,'2015-10-12 10:20:42',1,12,'29','AUTOMOBILE ENGINEERING',1,''),(154,'2015-10-12 10:20:55',1,12,'30','CIVIL ENGINEERING',1,''),(155,'2015-10-12 10:21:41',1,12,'31','ELECTRICAL ENGINEERING',1,''),(156,'2015-10-12 10:22:09',1,12,'32','MECHANICAL ENGINEERING',1,''),(157,'2015-10-12 10:22:31',1,12,'33','PRODUCTION ENGINEERING',1,''),(158,'2015-10-12 10:24:51',1,12,'34','REFRIGERATION AND AIR CONDITIONING',1,''),(159,'2015-10-12 10:26:53',1,12,'35','CIVIL ENGINEERING',1,''),(160,'2015-10-12 10:30:09',1,7,'6','Polytechnic',2,'Changed name.'),(161,'2015-10-12 10:31:18',1,12,'36','MECHANICAL ENGINEERING',1,''),(162,'2015-10-12 10:32:00',1,12,'37','TOOL & DIE MAKING',1,''),(163,'2015-10-12 10:32:33',1,12,'38','TOOL ENGINEERING',1,''),(164,'2015-10-12 10:33:27',1,12,'39','MECHATRONICS',1,''),(165,'2015-10-12 12:21:29',1,10,'60','Annapoorna Medical College & Hospital',1,''),(166,'2015-10-12 12:22:23',1,10,'61','Aravind Eye Hospitals & Post Graduate Institute of Ophthalmology',1,''),(167,'2015-10-12 12:24:06',1,10,'62','Christian Medical College',1,''),(168,'2015-10-12 12:24:36',1,10,'63','Madras Medical College',1,''),(169,'2015-10-12 12:25:19',1,10,'64','Madurai Medical College',1,''),(170,'2015-10-12 12:25:58',1,10,'65','Coimbatore Medical College',1,''),(171,'2015-10-12 12:26:29',1,10,'66','Kilpauk Medical College',1,''),(172,'2015-10-12 12:26:43',1,10,'67','Dr ALM PG Institution of Basic Medical Sciences',1,''),(173,'2015-10-12 12:27:13',1,10,'68','Institute of Opthalmology Joseph Eye Hospital',1,''),(174,'2015-10-12 12:27:58',1,10,'69','Chettinad Hospital & Research Institute,',1,''),(175,'2015-10-12 12:28:46',1,9,'1625','Enathur',1,''),(176,'2015-10-12 12:28:58',1,10,'70','Meenakshi Medical College and Research Institute',1,''),(177,'2015-10-12 12:29:18',1,10,'71','Chengalpattu Medical College',1,''),(178,'2015-10-12 12:30:24',1,10,'72','Chennai Medical College Hospital and research centre',1,''),(179,'2015-10-12 12:31:14',1,10,'73','Dhanalakshmi Srinivasan Medical College and Hospital',1,''),(180,'2015-10-12 12:31:48',1,10,'74','ESI-PGIMSR,ESI Hospital',1,''),(181,'2015-10-12 12:32:56',1,10,'75','Government Dharmapuri Medical College',1,''),(182,'2015-10-12 12:34:00',1,9,'1626','Omandurar',1,''),(183,'2015-10-12 12:34:02',1,10,'76','Government Medical College',1,''),(184,'2015-10-12 12:35:39',1,10,'77','Government Sivagangai Medical College',1,''),(185,'2015-10-12 12:40:54',1,10,'78','Government Thiruvannamalai Medical College',1,''),(186,'2015-10-12 12:42:27',1,10,'79','Government Vellore Medical College',1,''),(187,'2015-10-12 12:43:06',1,10,'80','Government Villupuram Medical College',1,''),(188,'2015-10-12 12:44:09',1,9,'1627','Perundurai',1,''),(189,'2015-10-12 12:44:11',1,10,'81','IRT Perundurai Medical College',1,''),(190,'2015-10-12 12:44:37',1,10,'82','Alluri Sitaram Raju Academy of Medical Sciences',1,''),(191,'2015-10-12 12:44:40',1,10,'83','K A P Viswanathan Government Medical College',1,''),(192,'2015-10-12 12:45:42',1,10,'84','Andhra Medical College',1,''),(193,'2015-10-12 12:46:01',1,9,'1628','Asaripallam',1,''),(194,'2015-10-12 12:46:03',1,10,'85','KanyaKumari Government Medical College',1,''),(195,'2015-10-12 12:46:39',1,9,'1629','Chinoutpalli',1,''),(196,'2015-10-12 12:47:08',1,9,'1630','Maduranthagam',1,''),(197,'2015-10-12 12:47:09',1,10,'86','Karpaga Vinayaga Institute of Medical Sciences',1,''),(198,'2015-10-12 12:48:21',1,10,'87','Karpagam Faculty of Medical Sciences & Research',1,''),(199,'2015-10-12 12:48:43',1,10,'88','Madha Medical College and Hospital',1,''),(200,'2015-10-12 12:50:55',1,9,'1629','Chinoutpalli',3,''),(201,'2015-10-12 12:51:13',1,10,'89','PSG Institute of Medical Sciences',1,''),(202,'2015-10-12 12:51:38',1,9,'1631','Chinoutpalli',1,''),(203,'2015-10-12 12:52:00',1,9,'1632','Annamalainagar',1,''),(204,'2015-10-12 12:52:01',1,10,'90','Rajah Muthiah Medical College',1,''),(205,'2015-10-12 12:52:13',1,10,'91','Dr. P.S.I. Medical College',1,''),(206,'2015-10-12 12:52:25',1,10,'92','Sri Ramachandra Medical College & Research Institute',1,''),(207,'2015-10-12 12:52:48',1,10,'93','Stanley Medical College',1,''),(208,'2015-10-12 12:53:16',1,10,'94','Guntur Medical College',1,''),(209,'2015-10-12 12:53:20',1,10,'95','Thanjavur Medical College',1,''),(210,'2015-10-12 12:54:16',1,10,'96','Vinayaka Missions Kirupananda Variyar Medical College',1,''),(211,'2015-10-12 12:54:35',1,10,'97',' 	Kurnool Medical College',1,''),(212,'2015-10-12 12:55:18',1,9,'1633','Ambathurai',1,''),(213,'2015-10-12 12:55:22',1,10,'98','The Gandhigram Institute of Rural Health and Family Welfare Trust',1,''),(214,'2015-10-12 12:55:29',1,10,'99','Narayana Medical College',1,''),(215,'2015-10-12 12:56:13',1,10,'100','NRI Medical College',1,''),(216,'2015-10-12 12:57:18',1,9,'1634','Kuppam',1,''),(217,'2015-10-12 12:57:34',1,10,'101',' Institute Of Medical Sciences and Research',1,''),(218,'2015-10-12 12:58:14',1,10,'102','SRM Medical College Hospital & Research Centre',1,''),(219,'2015-10-12 12:58:24',1,10,'103','Rangaraya Medical College',1,''),(220,'2015-10-12 12:59:02',1,10,'104','S V Medical College',1,''),(221,'2015-10-12 12:59:43',1,10,'105','Tirunelveli Medical College',1,''),(222,'2015-10-12 12:59:45',1,10,'106','Alluri Sitaram Raju Academy of Medical Sciences',1,''),(223,'2015-10-12 13:00:31',1,10,'107','Regional centre for Cancer Research and treatment,Adyar',1,''),(224,'2015-10-12 13:00:48',1,10,'106','Alluri Sitaram Raju Academy of Medical Sciences',3,''),(225,'2015-10-12 13:02:00',1,10,'108','GSL Medical Colleger',1,''),(226,'2015-10-12 13:02:05',1,10,'109','ACS Medical College and Hospital',1,''),(227,'2015-10-12 13:03:08',1,10,'110','Chennai Medical College Hospital and research centre,Irungalur',1,''),(228,'2015-10-12 13:03:29',1,10,'111','Katuri Medical College',1,''),(229,'2015-10-12 13:04:32',1,10,'112','Maharajah Institute of Medical Sciences',1,''),(230,'2015-10-12 13:04:38',1,10,'113','Melmaruvathur Adiparasakthi Instt. Medical Sciences and Research',1,''),(231,'2015-10-12 13:05:20',1,10,'114','Mohan Kumaramangalam Medical College',1,''),(232,'2015-10-12 13:05:49',1,10,'115','Saveetha Medical College and Hospital',1,''),(233,'2015-10-12 13:06:46',1,10,'116','Shri Satya Sai Medical College and Research Institute',1,''),(234,'2015-10-12 13:07:03',1,10,'117','Sree Balaji Medical College and Hospital',1,''),(235,'2015-10-12 13:08:38',1,9,'1635','Kanya kumari',1,''),(236,'2015-10-12 13:08:44',1,10,'118','Sree Mookambika Institute of Medical Sciences',1,''),(237,'2015-10-12 13:09:11',1,10,'119','Sri Muthukumaran Medical College',1,''),(238,'2015-10-12 13:09:42',1,10,'120','Tagore Medical College and Hospital',1,''),(239,'2015-10-12 13:11:13',1,10,'121','Theni Government Medical College',1,''),(240,'2015-10-12 13:11:43',1,10,'122','Thiruvarur Govt. Medical College',1,''),(241,'2015-10-12 13:12:07',1,10,'123','P E S Institute Of Medical Sciences and Research',1,''),(242,'2015-10-12 13:12:13',1,10,'124','Thoothukudi Medical College',1,''),(243,'2015-10-12 13:12:57',1,10,'125','Velammal Medical College Hospital and Research Institute',1,''),(244,'2015-10-13 06:00:32',1,7,'6','Polytechnic',3,''),(245,'2015-10-13 07:43:21',1,10,'126','Institute of Postgraduate Medical Education & Research',1,''),(246,'2015-10-13 07:44:01',1,10,'127','Calcutta National Medical College',1,''),(247,'2015-10-13 07:44:54',1,10,'128','Nilratan Sircar Medical College',1,''),(248,'2015-10-13 07:46:05',1,10,'129','RG Kar Medical College',1,''),(249,'2015-10-13 07:46:52',1,10,'130','University College of Medicine',1,''),(250,'2015-10-13 07:47:26',1,10,'131','Chittaranjan Seva Sadan Hospital',1,''),(251,'2015-10-13 07:48:15',1,10,'132','Dr. B C Roy Post Graduate Institute of Paediatric Sciences',1,''),(252,'2015-10-13 07:48:56',1,10,'133','Institute of Child Health',1,''),(253,'2015-10-13 07:49:39',1,10,'134','Vivekananda Institute of Medical Sciences',1,''),(254,'2015-10-13 07:51:54',1,10,'135','School of Tropical Medicine',1,''),(255,'2015-10-13 07:52:30',1,10,'136','All India Institute of Hygiene & Public Health',1,''),(256,'2015-10-13 07:53:52',1,9,'1636','Burdwan',1,''),(257,'2015-10-13 07:53:58',1,10,'137','Burdwan Medical College',1,''),(258,'2015-10-13 07:57:52',1,9,'1637','Nadia',1,''),(259,'2015-10-13 07:57:56',1,10,'138','College of Medicine and JNM Hospital,Kalyani',1,''),(260,'2015-10-13 07:59:31',1,10,'139','College of Medicine and Sagore Dutta Hospital',1,''),(261,'2015-10-13 08:00:23',1,10,'140','Employees State Insurance Corporation Medical College, Joka',1,''),(262,'2015-10-13 08:02:40',1,10,'141','ICARE Institute of Medical Sciences & Research',1,''),(263,'2015-10-13 08:03:54',1,10,'142','IQ-City Medical College',1,''),(264,'2015-10-13 08:04:31',1,10,'143','KPC Medical College,Jadavpur',1,''),(265,'2015-10-13 08:06:37',1,9,'1638','Malda',1,''),(266,'2015-10-13 08:06:40',1,10,'144','Malda Medical College & Hospital',1,''),(267,'2015-10-13 08:07:33',1,9,'1639','Midnapore',1,''),(268,'2015-10-13 08:07:49',1,10,'145','Midnapore Medical College',1,''),(269,'2015-10-13 08:10:15',1,10,'146','Murshidabad Medical College & Hospitals',1,''),(270,'2015-10-13 08:11:50',1,10,'147','North Bengal Medical College',1,''),(271,'2015-10-13 08:15:06',1,10,'148','Bankura Sammilani Medical College',1,''),(272,'2015-10-13 08:15:40',1,10,'149','Command Hospital',1,''),(273,'2015-10-13 08:16:18',1,10,'150','ESI-PGIMSR,ESI Hospital.Manicktala',1,''),(274,'2015-10-13 18:08:20',1,15,'14','Srinandhan R,  Haritha S ',1,''),(275,'2015-10-13 18:09:13',1,14,'17','17th FUTURA',1,''),(276,'2015-10-14 07:57:27',1,21,'3','Mainbanner object',3,''),(277,'2015-10-14 08:05:06',1,8,'6','Technical',2,'Changed category.'),(278,'2015-10-14 08:10:40',1,21,'5','Mainbanner object',1,''),(279,'2015-10-14 08:37:16',1,21,'5','Mainbanner object',3,''),(280,'2015-10-14 08:37:53',1,21,'6','Mainbanner object',1,''),(281,'2015-10-14 08:52:00',1,21,'6','Mainbanner object',3,''),(282,'2015-10-14 08:53:09',1,21,'7','Mainbanner object',1,''),(283,'2015-10-14 09:09:20',1,21,'4','Mainbanner object',3,''),(284,'2015-10-14 09:09:50',1,21,'8','Mainbanner object',1,''),(285,'2015-10-14 09:28:01',1,14,'20','EREKZ 2K15',2,'Changed organizer and admin_status.'),(286,'2015-10-14 09:29:45',1,14,'21','UAVDC\'16',2,'Changed organizer.'),(287,'2015-10-14 09:30:12',1,14,'21','UAVDC\'16',2,'Changed admin_status.'),(288,'2015-10-14 09:32:22',1,15,'20','S.PRAKASH ',1,''),(289,'2015-10-14 09:35:18',1,14,'24','Arohan 15',2,'Changed organizer, poster and admin_status.'),(290,'2015-10-14 09:35:51',1,14,'25','INTERNATIONAL WINTER INTERNSHIP&TRAINING PROGRAM',1,''),(291,'2015-10-14 09:38:25',1,15,'21','Deepak',1,''),(292,'2015-10-14 09:39:14',1,14,'26','A Two Day Workshop on IOT – Internet of Things',1,''),(293,'2015-10-14 09:41:21',1,15,'22','Mr. T. Rajeshwaran ',1,''),(294,'2015-10-14 09:42:08',1,14,'27','Workshop on Time Series Econometrics',1,''),(295,'2015-10-14 09:47:04',1,15,'23','The Director',1,''),(296,'2015-10-14 09:47:44',1,14,'28','Workshop on “MARINE BIOPROSPECTING\"',1,''),(297,'2015-10-14 10:01:14',1,15,'24','ICARBEST',1,''),(298,'2015-10-14 10:12:08',1,14,'31','ICARBEST\'15',1,''),(299,'2015-10-14 10:16:16',1,15,'25','Sugan.T ',1,''),(300,'2015-10-14 10:17:04',1,14,'32','International Conference on Researches on Eng ',1,''),(301,'2015-10-14 10:17:38',1,15,'26','Deviprasad',1,''),(302,'2015-10-14 10:18:06',1,14,'33','Media Fest',1,''),(303,'2015-10-14 10:21:35',1,15,'27','T.Ragavendhar ',1,''),(304,'2015-10-14 10:22:28',1,14,'34','Aatral 2k15',1,''),(305,'2015-10-14 10:22:44',1,14,'33','Media Fest',2,'Changed startdate and enddate.'),(306,'2015-10-14 10:25:47',1,15,'28','Krisha Shah ',1,''),(307,'2015-10-14 10:30:27',1,15,'29','S.Vigneshwaran',1,''),(308,'2015-10-14 10:31:09',1,14,'35','FECTRA 2k16',1,''),(309,'2015-10-14 10:34:14',1,15,'30','M.Ezhilarasi',1,''),(310,'2015-10-14 10:35:03',1,14,'36','Mirage 2015',1,''),(311,'2015-10-14 10:35:30',1,14,'37',' National Symposium on Instrumentation',1,''),(312,'2015-10-14 10:38:55',1,14,'36','Mirage 2015',2,'Changed college and department.'),(313,'2015-10-14 10:44:50',1,15,'31','Sudhir Raju Shetty',1,''),(314,'2015-10-14 10:53:45',1,14,'38','RAY 2015',1,''),(315,'2015-10-14 10:54:05',1,14,'38','RAY 2015',2,'Changed admin_status.'),(316,'2015-10-14 10:59:10',1,15,'33','Vishal Saini',1,''),(317,'2015-10-14 11:00:29',1,14,'40','AutoKriti 7.0 ',1,''),(318,'2015-10-14 11:05:59',1,15,'34','Chander M',1,''),(319,'2015-10-14 11:06:15',1,14,'41','UAV Design & Autopilot Workshop',1,''),(320,'2015-10-14 11:20:21',1,15,'35','The Director',1,''),(321,'2015-10-14 11:22:47',1,14,'42','PECfest 2015',1,''),(322,'2015-10-14 11:31:11',1,15,'36','Students',1,''),(323,'2015-10-14 11:31:59',1,14,'43','Waves ’15',1,''),(324,'2015-10-14 11:39:24',1,14,'44',' Tecnoesis 2015',2,'Changed organizer and admin_status.'),(325,'2015-10-14 11:46:35',1,14,'46','HORIZON-2016 ',2,'Changed organizer and admin_status.'),(326,'2015-10-14 11:50:42',1,15,'39','Dr .D. Dhanasekarn ',1,''),(327,'2015-10-14 11:51:34',1,14,'48','ICHCI\'16 -2nd IEEE International Conference ',1,''),(328,'2015-10-14 11:52:48',1,14,'48','ICHCI\'16 -2nd IEEE International Conference ',2,'Changed admin_status.'),(329,'2015-10-14 11:53:18',1,14,'19','asdfasdf',3,''),(330,'2015-10-14 11:53:18',1,14,'18','sdfgsdfg',3,''),(331,'2015-10-14 11:53:18',1,14,'16','asdfasdf',3,''),(332,'2015-10-14 11:53:18',1,14,'15','sdafasdf',3,''),(333,'2015-10-14 11:53:18',1,14,'14','sdfghj',3,''),(334,'2015-10-14 11:53:18',1,14,'13','sadfasdf',3,''),(335,'2015-10-14 11:53:18',1,14,'12','dhfjhhv',3,''),(336,'2015-10-14 11:53:18',1,14,'11','asdfas',3,''),(337,'2015-10-14 11:53:40',1,14,'39','Pragyan 2016',2,'Changed organizer and admin_status.'),(338,'2015-10-14 11:55:21',1,14,'8','asdfsadf',3,''),(339,'2015-10-14 12:26:52',1,15,'40','Organiser',1,''),(340,'2015-10-14 12:27:47',1,14,'49','Cognito 2015',1,''),(341,'2015-10-14 12:30:58',1,15,'41','Organiser',1,''),(342,'2015-10-14 12:32:33',1,14,'50','National HR Summit a Management Summit',1,''),(343,'2015-10-14 12:34:37',1,15,'42','Organiser',1,''),(344,'2015-10-14 12:35:23',1,14,'51','Varchas 2015',1,''),(345,'2015-10-14 12:37:33',1,15,'43','Organiser',1,''),(346,'2015-10-14 12:38:02',1,14,'52','Antaragni a Culture Fests',1,''),(347,'2015-10-14 12:39:46',1,15,'44','Organiser',1,''),(348,'2015-10-14 12:40:30',1,14,'53','5th National Conference on Emerging Technologies ',1,''),(349,'2015-10-14 12:42:38',1,15,'45','Organiser',1,''),(350,'2015-10-14 12:43:28',1,14,'54','CONCOURS',1,''),(351,'2015-10-14 18:07:35',1,15,'46','Neel Kapadia',1,''),(352,'2015-10-14 18:08:01',1,14,'55','Technovanza 15',1,''),(353,'2015-10-14 18:18:57',1,15,'47','Swapnil Gudmalwar',1,''),(354,'2015-10-14 18:19:12',1,14,'56','Techfest 15-16',1,''),(355,'2015-10-14 18:24:08',1,15,'48','Swapnil gudmalwar',1,''),(356,'2015-10-14 18:26:52',1,14,'57',' Technical Festival ',1,''),(357,'2015-10-14 18:33:17',1,14,'58','International Robotics Challenge 15',1,''),(358,'2015-10-14 18:33:31',1,14,'58','International Robotics Challenge 15',2,'Changed admin_status.'),(359,'2015-10-14 18:47:45',1,15,'49','Pulkit Khera',1,''),(360,'2015-10-14 18:50:04',1,14,'60','KRITVA 15\'',1,''),(361,'2015-10-14 18:57:56',1,15,'50','Gaurav Singh,',1,''),(362,'2015-10-14 19:03:54',1,14,'61','Dynamic karting Challenge',1,''),(363,'2015-10-14 19:22:47',1,15,'51','utkarsh tripathi',1,''),(364,'2015-10-14 19:24:02',1,14,'62','ka-ching 2015 Kaching_ Narsee Monjee Management fe',1,''),(365,'2015-10-14 19:51:34',1,15,'52','Amity School of Engineering and Technology, Bijwas',1,''),(366,'2015-10-14 19:51:55',1,14,'63','Colossus v5.0',1,''),(367,'2015-10-14 19:57:24',1,15,'53','Apurva Chawla',1,''),(368,'2015-10-14 19:58:30',1,14,'64','Taarangana 16',1,''),(369,'2015-10-15 09:58:46',1,15,'54','Akhil A. K. ',1,''),(370,'2015-10-15 10:03:12',1,14,'65','NIRVANA \'15 ',1,''),(371,'2015-10-15 10:04:08',1,14,'65','NIRVANA \'15 ',2,'Changed eventdescription.'),(372,'2015-10-15 10:08:58',1,15,'55','Amal Binoy ( Student Co-Ordinator) ',1,''),(373,'2015-10-15 10:12:16',1,14,'66','CALIGO 15',1,''),(374,'2015-10-15 10:12:28',1,14,'66','CALIGO 15',2,'Changed admin_status.'),(375,'2015-10-15 11:08:34',1,15,'56','Amal Joseph',1,''),(376,'2015-10-15 11:35:32',1,15,'57',' Amal Joseph',1,''),(377,'2015-10-15 11:35:58',1,14,'67','KarmAnta 2K15',1,''),(378,'2015-10-15 11:41:46',1,15,'58','Mishael Jose',1,''),(379,'2015-10-15 11:42:50',1,14,'68','Asccend 2K15',1,''),(380,'2015-10-15 11:53:03',1,15,'59','Organiser',1,''),(381,'2015-10-15 11:53:21',1,15,'60','suryanarayanan m s',1,''),(382,'2015-10-15 11:53:47',1,14,'69','We Are The World',1,''),(383,'2015-10-15 11:55:30',1,14,'70','Tathva 15 ',1,''),(384,'2015-10-15 11:56:53',1,14,'71','International Robotics Challenge',1,''),(385,'2015-10-15 12:00:11',1,15,'61','Vignesh',1,''),(386,'2015-10-15 12:01:29',1,14,'72','International Conference on Advances in computing ',1,''),(387,'2015-10-15 12:03:49',1,15,'62','Syam ',1,''),(388,'2015-10-15 12:03:54',1,15,'63','Ashutosh',1,''),(389,'2015-10-15 12:04:25',1,14,'73','SANGATI',1,''),(390,'2015-10-15 12:06:23',1,14,'74','WaVes 2K15',1,''),(391,'2015-10-15 12:07:02',1,15,'64','Ahmed',1,''),(392,'2015-10-15 12:07:47',1,14,'75','P3C - Project Paper Presentation Competition',1,''),(393,'2015-10-15 12:09:34',1,15,'65','Prashant Sangulagi',1,''),(394,'2015-10-15 12:10:30',1,14,'76','Second National Conference on Recent Innovations ',1,''),(395,'2015-10-15 12:12:19',1,15,'66','Anirudh Toshniwal',1,''),(396,'2015-10-15 12:13:06',1,14,'77',' KHANIJ RAJIV GANDHI FEST',1,''),(397,'2015-10-15 12:14:42',1,15,'67','Shreevats',1,''),(398,'2015-10-15 12:15:23',1,14,'78',' National Students Space Challenge 2015',1,''),(399,'2015-10-15 12:23:17',1,15,'68','Rubesh',1,''),(400,'2015-10-15 12:25:40',1,15,'69','Vignesh ',1,''),(401,'2015-10-15 12:25:41',1,14,'79',' 3 Days Workshop on Automotive Design',1,''),(402,'2015-10-15 12:27:18',1,14,'80','Luminance 2k15',1,''),(403,'2015-10-15 13:14:38',1,15,'70','Incharge',1,''),(404,'2015-10-15 13:16:51',1,14,'81','ICTTE’16 ',1,''),(405,'2015-10-15 17:47:52',1,15,'71',' Jishnu O.P',1,''),(406,'2015-10-15 17:50:22',1,14,'82','Ramsayana 2015',1,''),(407,'2015-10-16 05:51:24',1,15,'72',' Dr. Brojo Kishore Mishra',1,''),(408,'2015-10-16 05:53:53',1,14,'83','INDIACom- 2016 ',1,''),(409,'2015-10-16 05:57:04',1,15,'73','Incharge',1,''),(410,'2015-10-16 05:57:12',1,14,'84','International Conference on Inter Disciplinary',1,''),(411,'2015-10-16 05:59:04',1,15,'74','Apurva Chawla',1,''),(412,'2015-10-16 05:59:26',1,14,'85','Taarangana 16 ',1,''),(413,'2015-10-16 06:02:12',1,15,'75','Atif Ali Khan',1,''),(414,'2015-10-16 06:03:18',1,14,'86',' Nerdz 2k15 ',1,''),(415,'2015-10-16 06:07:22',1,15,'76','Mayank Jain',1,''),(416,'2015-10-16 06:07:33',1,14,'87','Momentum 2015',1,''),(417,'2015-10-16 06:19:44',1,15,'77',' Ashish Singh',1,''),(418,'2015-10-16 06:19:52',1,14,'88','Indo Asian Solar Challenge 2016',1,''),(419,'2015-10-16 06:50:33',1,15,'78','Jatin Singla',1,''),(420,'2015-10-16 06:53:39',1,14,'89','techNITi\'15 v.2 ',1,''),(421,'2015-10-16 06:58:05',1,15,'79','Manish Jangra',1,''),(422,'2015-10-16 06:58:36',1,14,'90','CU FEST \'15',1,''),(423,'2015-10-16 07:01:08',1,15,'80','Vinay',1,''),(424,'2015-10-16 07:01:31',1,14,'91','SLDC -2015 ',1,''),(425,'2015-10-16 07:05:11',1,15,'81','Chandra Prakash',1,''),(426,'2015-10-16 07:05:30',1,14,'92','Youth Vibe 15 ',1,''),(427,'2015-10-16 07:45:21',1,15,'82','Viraj Sanghvi',1,''),(428,'2015-10-16 07:46:45',1,14,'93','ENTHUSIA_2015',1,''),(429,'2015-10-16 07:49:22',1,15,'83','Sidhant',1,''),(430,'2015-10-16 07:50:00',1,14,'94','UCC 2015 ARDL __ Space Event India',1,''),(431,'2015-10-16 08:01:20',1,15,'84','Sudhir Raju Shetty',1,''),(432,'2015-10-16 08:02:01',1,14,'95','Ray Festival 2015 ',1,''),(433,'2015-10-16 08:14:36',1,14,'96','ka-ching 2015',1,''),(434,'2015-10-16 08:19:16',1,14,'97','SYNAPSE 2016',1,''),(435,'2015-10-17 06:38:33',1,15,'85','Mritunjay',1,''),(436,'2015-10-17 06:40:37',1,14,'98','Arohan 15 ',1,''),(437,'2015-10-17 06:42:40',1,15,'86','Ashutosh',1,''),(438,'2015-10-17 06:43:22',1,14,'99','Chakravyuh 2015 ',1,''),(439,'2015-10-17 06:47:10',1,15,'87','Organiser',1,''),(440,'2015-10-17 06:49:52',1,14,'103','EUPHORIA 16 ',1,''),(441,'2015-10-17 06:51:13',1,15,'88','Kapil Matani ',1,''),(442,'2015-10-17 06:52:18',1,14,'104','Plinth 16 ',1,''),(443,'2015-10-17 06:55:08',1,15,'89','Harsh Modi',1,''),(444,'2015-10-17 06:55:24',1,14,'105','Amalthea 2015 ',1,''),(445,'2015-10-17 06:57:51',1,15,'90','Shivam',1,''),(446,'2015-10-17 06:58:04',1,14,'6','Student Led Design Conference',2,'Changed organizer and admin_status.'),(447,'2015-10-17 07:04:28',1,15,'91','Akshay Singh',1,''),(448,'2015-10-17 07:05:07',1,14,'106','Primicerius 2015 ',1,''),(449,'2015-10-17 07:07:24',1,15,'92','Tobin Koshy',1,''),(450,'2015-10-17 07:07:58',1,14,'107','Inbloom 2016 ',1,''),(451,'2015-10-17 07:10:07',1,15,'93','Akash Singla',1,''),(452,'2015-10-17 07:11:01',1,14,'108','Pravega \'16 ',1,''),(453,'2015-10-17 07:19:28',1,14,'10','Inflore \'15',2,'Changed organizer and admin_status.'),(454,'2015-10-17 07:20:25',1,14,'9','Inflore \'15',3,''),(455,'2015-10-17 11:15:40',1,14,'109','one',3,''),(456,'2015-10-19 14:38:10',1,14,'110','Media Fest',1,''),(457,'2015-10-19 14:40:36',1,14,'110','Media Fest',3,''),(458,'2015-10-19 15:27:54',1,4,'8','muthu',2,'Changed password.'),(459,'2015-10-19 15:30:30',1,14,'111','test',2,'Changed admin_status.'),(460,'2015-10-19 15:30:56',1,14,'111','test',3,''),(461,'2015-10-31 13:03:04',1,15,'93','Akash Singla',2,'No fields changed.'),(462,'2015-10-31 13:03:42',1,15,'93','Akash Singla',2,'Changed organizer_email.'),(463,'2015-11-03 06:31:25',1,14,'109','MITILENCE\'15',3,''),(464,'2015-12-11 06:45:18',1,27,'60','',1,''),(465,'2015-12-11 06:46:01',1,27,'60','',3,''),(466,'2015-12-11 06:50:26',1,27,'59','madhi',2,'No fields changed.'),(467,'2015-12-12 11:32:14',1,4,'73','django',1,''),(468,'2015-12-12 11:35:56',1,27,'74','ramani',1,''),(469,'2015-12-15 05:11:42',1,27,'76','sangavi2',1,''),(470,'2015-12-15 05:12:17',1,4,'76','sangavi2',2,'No fields changed.'),(471,'2015-12-15 05:13:31',1,27,'76','sangavi2',2,'Changed mobile.'),(472,'2015-12-15 05:13:55',1,27,'76','sangavi2',2,'Changed mobile.'),(473,'2015-12-15 05:14:07',1,27,'76','sangavi2',2,'Changed mobile.'),(474,'2015-12-15 06:36:06',1,27,'79','sangavi5',1,''),(475,'2015-12-15 06:36:22',1,27,'79','sangavi5',2,'Changed email.'),(476,'2015-12-15 06:42:23',1,27,'80','sangavi6',1,''),(477,'2015-12-15 06:45:00',1,27,'80','sangavi6',2,'Changed password.'),(478,'2015-12-15 06:45:34',1,27,'80','sangavi6',2,'Changed password.'),(479,'2015-12-15 06:57:40',1,27,'80','sangavi6',2,'No fields changed.'),(480,'2015-12-15 06:58:05',1,27,'81','madhi7',1,''),(481,'2015-12-15 06:58:24',1,4,'81','madhi7',2,'Changed password.');
/*!40000 ALTER TABLE `django_admin_log` ENABLE KEYS */;
UNLOCK TABLES;

--
-- Table structure for table `django_content_type`
--

DROP TABLE IF EXISTS `django_content_type`;
/*!40101 SET @saved_cs_client     = @@character_set_client */;
/*!40101 SET character_set_client = utf8 */;
CREATE TABLE `django_content_type` (
  `id` int(11) NOT NULL AUTO_INCREMENT,
  `name` varchar(100) NOT NULL,
  `app_label` varchar(100) NOT NULL,
  `model` varchar(100) NOT NULL,
  PRIMARY KEY (`id`),
  UNIQUE KEY `app_label` (`app_label`,`model`)
) ENGINE=InnoDB AUTO_INCREMENT=28 DEFAULT CHARSET=latin1;
/*!40101 SET character_set_client = @saved_cs_client */;

--
-- Dumping data for table `django_content_type`
--

LOCK TABLES `django_content_type` WRITE;
/*!40000 ALTER TABLE `django_content_type` DISABLE KEYS */;
INSERT INTO `django_content_type` VALUES (1,'log entry','admin','logentry'),(2,'permission','auth','permission'),(3,'group','auth','group'),(4,'user','auth','user'),(5,'content type','contenttypes','contenttype'),(6,'session','sessions','session'),(7,'category','college_event','category'),(8,'sub category','college_event','subcategory'),(9,'city','college_event','city'),(10,'college','college_event','college'),(11,'department','college_event','department'),(12,'college department','college_event','collegedepartment'),(13,'premium price info','college_event','premiumpriceinfo'),(14,'postevent','college_event','postevent'),(15,'organizer','college_event','organizer'),(16,'feedback','college_event','feedback'),(18,'payu details','payu','payudetails'),(19,'site banner','banner','sitebanner'),(20,'banner price','banner','bannerprice'),(21,'mainbanner','banner','mainbanner'),(22,'events category','events','eventscategory'),(23,'events sub category','events','eventssubcategory'),(24,'subcategory related field','events','subcategoryrelatedfield'),(25,'city','events','city'),(26,'feedback','events','feedback'),(27,'user','usermanagement','userprofile');
/*!40000 ALTER TABLE `django_content_type` ENABLE KEYS */;
UNLOCK TABLES;

--
-- Table structure for table `django_session`
--

DROP TABLE IF EXISTS `django_session`;
/*!40101 SET @saved_cs_client     = @@character_set_client */;
/*!40101 SET character_set_client = utf8 */;
CREATE TABLE `django_session` (
  `session_key` varchar(40) NOT NULL,
  `session_data` longtext NOT NULL,
  `expire_date` datetime NOT NULL,
  PRIMARY KEY (`session_key`),
  KEY `django_session_b7b81f0c` (`expire_date`)
) ENGINE=InnoDB DEFAULT CHARSET=latin1;
/*!40101 SET character_set_client = @saved_cs_client */;

--
-- Dumping data for table `django_session`
--

LOCK TABLES `django_session` WRITE;
/*!40000 ALTER TABLE `django_session` DISABLE KEYS */;
INSERT INTO `django_session` VALUES ('00dp1tbn05wjbk29ihjv5nkspe7re80x','MWM2NDY3OTI1YTFlYmE4Zjg4YzE0Y2YwODUyNTNjYTIyZjBkMDE3Yjp7fQ==','2015-11-20 08:27:34'),('01c3aynbf6gv8y4hf5vkfqjco6n2bx99','MWM2NDY3OTI1YTFlYmE4Zjg4YzE0Y2YwODUyNTNjYTIyZjBkMDE3Yjp7fQ==','2015-12-26 09:46:42'),('06b9r68l2o7ycv9s8h7rnb1ern9gx7m5','MWM2NDY3OTI1YTFlYmE4Zjg4YzE0Y2YwODUyNTNjYTIyZjBkMDE3Yjp7fQ==','2015-12-26 09:49:44'),('071f55dryyo144hvoh887l32pj5luvfu','MWM2NDY3OTI1YTFlYmE4Zjg4YzE0Y2YwODUyNTNjYTIyZjBkMDE3Yjp7fQ==','2015-12-26 09:51:23'),('074p4h6iyj7mqmnre296pugqybffhcks','MWM2NDY3OTI1YTFlYmE4Zjg4YzE0Y2YwODUyNTNjYTIyZjBkMDE3Yjp7fQ==','2015-11-20 05:27:34'),('08tdellmltj5zsxlah1kzhmgdrfae578','MWM2NDY3OTI1YTFlYmE4Zjg4YzE0Y2YwODUyNTNjYTIyZjBkMDE3Yjp7fQ==','2015-12-21 13:46:44'),('0ag2upbbrc1yzruqlvwe89tic8efxj2g','MWM2NDY3OTI1YTFlYmE4Zjg4YzE0Y2YwODUyNTNjYTIyZjBkMDE3Yjp7fQ==','2015-12-26 06:58:48'),('0aoki0eqnygw5j9wxu283y5cp9mcsvsj','MWM2NDY3OTI1YTFlYmE4Zjg4YzE0Y2YwODUyNTNjYTIyZjBkMDE3Yjp7fQ==','2015-12-25 05:39:43'),('0d9cv3sc8c7bb7ghmk7xvjlcf5z1rh3s','MWM2NDY3OTI1YTFlYmE4Zjg4YzE0Y2YwODUyNTNjYTIyZjBkMDE3Yjp7fQ==','2015-11-26 13:08:33'),('0fgbc7cp4ylpi4kcwy31kk0s6owvj7v7','MWM2NDY3OTI1YTFlYmE4Zjg4YzE0Y2YwODUyNTNjYTIyZjBkMDE3Yjp7fQ==','2015-12-29 05:16:18'),('0g7umdbpcopxgwdw049gbd3o458btfxy','MWM2NDY3OTI1YTFlYmE4Zjg4YzE0Y2YwODUyNTNjYTIyZjBkMDE3Yjp7fQ==','2015-12-25 05:37:47'),('0iz8d455prnt7vfigpa10ii56la8kfwu','MWM2NDY3OTI1YTFlYmE4Zjg4YzE0Y2YwODUyNTNjYTIyZjBkMDE3Yjp7fQ==','2015-12-26 10:00:56'),('0kw0p597ugd5jqqgr7w2p6igrwkn4a2s','MWM2NDY3OTI1YTFlYmE4Zjg4YzE0Y2YwODUyNTNjYTIyZjBkMDE3Yjp7fQ==','2015-11-26 13:02:02'),('0lcw4kpyc43eu7oxld7bscxaaittxptg','MWM2NDY3OTI1YTFlYmE4Zjg4YzE0Y2YwODUyNTNjYTIyZjBkMDE3Yjp7fQ==','2015-12-26 08:19:30'),('0pr16j4syd3zodlcv3d3uw2cgiueguk0','MWM2NDY3OTI1YTFlYmE4Zjg4YzE0Y2YwODUyNTNjYTIyZjBkMDE3Yjp7fQ==','2015-12-24 11:10:07'),('0qdun5dcjsk89p4fhwx52d4rss6e4aao','MWM2NDY3OTI1YTFlYmE4Zjg4YzE0Y2YwODUyNTNjYTIyZjBkMDE3Yjp7fQ==','2015-12-25 05:41:04'),('0rvxi9m53azxnid66ulzvsy7vcvxxb1c','MWM2NDY3OTI1YTFlYmE4Zjg4YzE0Y2YwODUyNTNjYTIyZjBkMDE3Yjp7fQ==','2015-12-26 06:58:55'),('0sq3qu5te45c65nx1vdn9cnl1vhc9hn0','MWM2NDY3OTI1YTFlYmE4Zjg4YzE0Y2YwODUyNTNjYTIyZjBkMDE3Yjp7fQ==','2015-12-25 05:41:17'),('0u32pbbflrpq6bg96x1yhgv34qukmops','YTg4YjA1M2M2MTczOWQxMWE0OGY0Nzg4YjRlZTg2MWU4NzJlMjc3YTp7Il9hdXRoX3VzZXJfYmFja2VuZCI6ImRqYW5nby5jb250cmliLmF1dGguYmFja2VuZHMuTW9kZWxCYWNrZW5kIiwiX2F1dGhfdXNlcl9pZCI6Nzh9','2015-12-29 05:16:27'),('0uiivnlysfir0cqanoqvggcs1mxi6yu1','MWM2NDY3OTI1YTFlYmE4Zjg4YzE0Y2YwODUyNTNjYTIyZjBkMDE3Yjp7fQ==','2015-12-26 08:19:54'),('0x51emvbh2u33p65tprrjcewk0up4lem','MWM2NDY3OTI1YTFlYmE4Zjg4YzE0Y2YwODUyNTNjYTIyZjBkMDE3Yjp7fQ==','2015-11-20 05:27:57'),('0y4sz0qenmygnf62yg4y66k003s6uoqw','MWM2NDY3OTI1YTFlYmE4Zjg4YzE0Y2YwODUyNTNjYTIyZjBkMDE3Yjp7fQ==','2015-12-26 09:54:18'),('0za76e442bynqpu9zh2f7vu6fr5ohqsk','MWM2NDY3OTI1YTFlYmE4Zjg4YzE0Y2YwODUyNTNjYTIyZjBkMDE3Yjp7fQ==','2015-12-26 09:39:30'),('11lad6mrl6z7r07hz29ip7nwlay80flx','MWM2NDY3OTI1YTFlYmE4Zjg4YzE0Y2YwODUyNTNjYTIyZjBkMDE3Yjp7fQ==','2015-12-26 09:46:49'),('12rtvr775yqrgfkk6ifhhu6jgtzb0pcc','MWM2NDY3OTI1YTFlYmE4Zjg4YzE0Y2YwODUyNTNjYTIyZjBkMDE3Yjp7fQ==','2015-11-21 11:37:55'),('13oy97jg5dpz1ktrwli63h24b43ma4vl','MWM2NDY3OTI1YTFlYmE4Zjg4YzE0Y2YwODUyNTNjYTIyZjBkMDE3Yjp7fQ==','2015-12-26 09:39:05'),('15gp0tp7j598vjs3xeas53zk4jtdeqq0','MWM2NDY3OTI1YTFlYmE4Zjg4YzE0Y2YwODUyNTNjYTIyZjBkMDE3Yjp7fQ==','2015-12-26 09:36:03'),('16ip8b2x17vvchpt2blu1dbl9d1ieljq','MWM2NDY3OTI1YTFlYmE4Zjg4YzE0Y2YwODUyNTNjYTIyZjBkMDE3Yjp7fQ==','2015-11-30 13:15:51'),('16s6xd47kn37d47e6a228l3jjcpgoubm','MWM2NDY3OTI1YTFlYmE4Zjg4YzE0Y2YwODUyNTNjYTIyZjBkMDE3Yjp7fQ==','2015-12-26 09:54:16'),('170w2fyohsce927p9q20ye62n653f4aa','MWM2NDY3OTI1YTFlYmE4Zjg4YzE0Y2YwODUyNTNjYTIyZjBkMDE3Yjp7fQ==','2015-12-25 05:37:49'),('1771f4zr3kazows3lek07czidhbtswvf','MWM2NDY3OTI1YTFlYmE4Zjg4YzE0Y2YwODUyNTNjYTIyZjBkMDE3Yjp7fQ==','2015-12-01 06:48:39'),('17efvk7sixn67igz16upnkneoud8v78h','ZTMyZGJjZTFlZjNjNTE0MThhYWY4NzkxOTc3MDg3MmVmYWRmNzYzZjp7Il9hdXRoX3VzZXJfYmFja2VuZCI6ImRqYW5nby5jb250cmliLmF1dGguYmFja2VuZHMuTW9kZWxCYWNrZW5kIiwiX2F1dGhfdXNlcl9pZCI6NzB9','2015-12-26 11:56:08'),('17tjyri208usgecjqyfqiglpgs6p786u','MWM2NDY3OTI1YTFlYmE4Zjg4YzE0Y2YwODUyNTNjYTIyZjBkMDE3Yjp7fQ==','2015-12-24 11:09:01'),('17unf7ecn1ldmrpwelywdi4p9q7c4t3w','MWM2NDY3OTI1YTFlYmE4Zjg4YzE0Y2YwODUyNTNjYTIyZjBkMDE3Yjp7fQ==','2015-12-02 07:32:52'),('18hdpcp7ivv76towbkc76t5itt6yuwcl','MWM2NDY3OTI1YTFlYmE4Zjg4YzE0Y2YwODUyNTNjYTIyZjBkMDE3Yjp7fQ==','2015-12-26 09:35:46'),('1al2587yt2ab0qbwlf9umk4red2r63b2','MWM2NDY3OTI1YTFlYmE4Zjg4YzE0Y2YwODUyNTNjYTIyZjBkMDE3Yjp7fQ==','2015-12-01 06:48:16'),('1e5u9ji4c9kospgyuxxb17423oiga2m2','MWM2NDY3OTI1YTFlYmE4Zjg4YzE0Y2YwODUyNTNjYTIyZjBkMDE3Yjp7fQ==','2015-11-20 05:27:55'),('1f1tfl67716mo4a3m2iepei08iqyvgeu','MWM2NDY3OTI1YTFlYmE4Zjg4YzE0Y2YwODUyNTNjYTIyZjBkMDE3Yjp7fQ==','2015-12-26 11:29:25'),('1f60a796f7bjhoq4sytzvwpuy6jdlofo','MWM2NDY3OTI1YTFlYmE4Zjg4YzE0Y2YwODUyNTNjYTIyZjBkMDE3Yjp7fQ==','2015-12-26 09:39:09'),('1gw14ldubbrq7zqvqdgxgacesqpk3ydf','MWM2NDY3OTI1YTFlYmE4Zjg4YzE0Y2YwODUyNTNjYTIyZjBkMDE3Yjp7fQ==','2015-11-30 10:55:07'),('1ise8kbvcldivulziagacou0blvt0z3u','MWM2NDY3OTI1YTFlYmE4Zjg4YzE0Y2YwODUyNTNjYTIyZjBkMDE3Yjp7fQ==','2015-12-26 11:29:23'),('1jvjaenm3peg3g1r9soud9wldmndz3q9','MWM2NDY3OTI1YTFlYmE4Zjg4YzE0Y2YwODUyNTNjYTIyZjBkMDE3Yjp7fQ==','2015-12-26 07:00:44'),('1k11sc0zoye3je8my7s33kyn60ho5fuu','MWM2NDY3OTI1YTFlYmE4Zjg4YzE0Y2YwODUyNTNjYTIyZjBkMDE3Yjp7fQ==','2015-12-26 09:46:53'),('1lu438bx9phs5bmig03h8uwef09avixz','ZmM5MDk1MDU5MjY1MDI2MjhhMjJhYTZiNWQzMjY4MmMwMmVlZThlYzp7Il9hdXRoX3VzZXJfYmFja2VuZCI6ImRqYW5nby5jb250cmliLmF1dGguYmFja2VuZHMuTW9kZWxCYWNrZW5kIiwiX2F1dGhfdXNlcl9pZCI6Mjd9','2015-11-30 10:55:07'),('1m3v4952nvw0fxqd34gr4o7w8x6b2hrt','MWM2NDY3OTI1YTFlYmE4Zjg4YzE0Y2YwODUyNTNjYTIyZjBkMDE3Yjp7fQ==','2015-12-02 08:47:30'),('1n98cqc6cmmwpq1vs5ow43mypfco5i3i','MWM2NDY3OTI1YTFlYmE4Zjg4YzE0Y2YwODUyNTNjYTIyZjBkMDE3Yjp7fQ==','2015-12-26 09:44:56'),('1pne0n8hooskki2w7maxnqx2k0yuykmr','MWM2NDY3OTI1YTFlYmE4Zjg4YzE0Y2YwODUyNTNjYTIyZjBkMDE3Yjp7fQ==','2015-12-26 08:26:53'),('1r8t6up5hdx8vatyfkhcdv5j6nqjqehf','MWM2NDY3OTI1YTFlYmE4Zjg4YzE0Y2YwODUyNTNjYTIyZjBkMDE3Yjp7fQ==','2015-11-26 13:08:13'),('1t0xxfobunw3jrfysytkddm374f039b1','YjQwMDBjMWYxMTQzN2Y1YjhhY2E4OGQ4MzBmYzAwNTBlNzZjYmI1NDp7Il9hdXRoX3VzZXJfYmFja2VuZCI6ImRqYW5nby5jb250cmliLmF1dGguYmFja2VuZHMuTW9kZWxCYWNrZW5kIiwiX2F1dGhfdXNlcl9pZCI6NX0=','2015-12-02 10:29:55'),('1wq3wei7hugfxxta36ph40txzqbgz8uv','MWM2NDY3OTI1YTFlYmE4Zjg4YzE0Y2YwODUyNTNjYTIyZjBkMDE3Yjp7fQ==','2015-12-26 08:19:52'),('1wxvsdpph9dn92rqw1gi3wdgiow1pzlp','MWM2NDY3OTI1YTFlYmE4Zjg4YzE0Y2YwODUyNTNjYTIyZjBkMDE3Yjp7fQ==','2015-12-26 09:52:50'),('1xgtq1fa96ftyxp3da0b7br87dkvuqh8','MWM2NDY3OTI1YTFlYmE4Zjg4YzE0Y2YwODUyNTNjYTIyZjBkMDE3Yjp7fQ==','2015-11-26 13:08:46'),('1y50ljkk15bucmtgxxrjdpfjcsfupx5d','MWM2NDY3OTI1YTFlYmE4Zjg4YzE0Y2YwODUyNTNjYTIyZjBkMDE3Yjp7fQ==','2015-12-26 09:46:46'),('21yws0qxygwj34oeb53tpk1kxd5gfujb','MWM2NDY3OTI1YTFlYmE4Zjg4YzE0Y2YwODUyNTNjYTIyZjBkMDE3Yjp7fQ==','2015-11-26 13:08:32'),('26aja0y883qxwqjwv4mi0b2ctkz8wtiy','MWM2NDY3OTI1YTFlYmE4Zjg4YzE0Y2YwODUyNTNjYTIyZjBkMDE3Yjp7fQ==','2015-12-26 09:39:07'),('26qiqfqe4du7snspkgrkkg9pv3wgi7kd','ZmM5MDk1MDU5MjY1MDI2MjhhMjJhYTZiNWQzMjY4MmMwMmVlZThlYzp7Il9hdXRoX3VzZXJfYmFja2VuZCI6ImRqYW5nby5jb250cmliLmF1dGguYmFja2VuZHMuTW9kZWxCYWNrZW5kIiwiX2F1dGhfdXNlcl9pZCI6Mjd9','2015-12-19 11:31:06'),('274lusn0ulmnx8uczm082sfwtjpkwzj4','MWM2NDY3OTI1YTFlYmE4Zjg4YzE0Y2YwODUyNTNjYTIyZjBkMDE3Yjp7fQ==','2015-11-20 05:37:59'),('28641y4mwvirwctqm9abd3h7rzlniaul','MWM2NDY3OTI1YTFlYmE4Zjg4YzE0Y2YwODUyNTNjYTIyZjBkMDE3Yjp7fQ==','2015-12-26 11:29:21'),('28ez2z4yjx2577ux6fl50zj2ky071lsq','MWM2NDY3OTI1YTFlYmE4Zjg4YzE0Y2YwODUyNTNjYTIyZjBkMDE3Yjp7fQ==','2015-12-26 09:49:52'),('29a48hq5m629854ca1lhnyyw6uzinmf8','MWM2NDY3OTI1YTFlYmE4Zjg4YzE0Y2YwODUyNTNjYTIyZjBkMDE3Yjp7fQ==','2015-12-26 09:52:53'),('2an7e9m9vl5yn8134vooun90xvjblwk5','MWM2NDY3OTI1YTFlYmE4Zjg4YzE0Y2YwODUyNTNjYTIyZjBkMDE3Yjp7fQ==','2015-12-26 08:26:54'),('2bl0jisot4b2jqxkec9l7jvawrhwa5dw','MWM2NDY3OTI1YTFlYmE4Zjg4YzE0Y2YwODUyNTNjYTIyZjBkMDE3Yjp7fQ==','2015-12-26 10:00:30'),('2bv6xlhk1wcx07z1t1n782qudq3oknq8','MWM2NDY3OTI1YTFlYmE4Zjg4YzE0Y2YwODUyNTNjYTIyZjBkMDE3Yjp7fQ==','2015-12-26 09:51:27'),('2c3qvhf1792teex401bssdrpfezxry4p','MWM2NDY3OTI1YTFlYmE4Zjg4YzE0Y2YwODUyNTNjYTIyZjBkMDE3Yjp7fQ==','2015-12-02 08:47:37'),('2frq36ssjbo6qad32ijjrnv915gv27ls','MWM2NDY3OTI1YTFlYmE4Zjg4YzE0Y2YwODUyNTNjYTIyZjBkMDE3Yjp7fQ==','2015-11-28 06:44:09'),('2h6myfoml2p7kerqsjanta240afl2n21','MWM2NDY3OTI1YTFlYmE4Zjg4YzE0Y2YwODUyNTNjYTIyZjBkMDE3Yjp7fQ==','2015-12-01 14:33:46'),('2ie0vkhxp5t8b16y9bz6xb64miga17bj','NDE3YTY5NTA5N2M0ZTYwMmUwMWIyNmYzZjFhMThiNzAwYTI4Zjc5OTp7Il9hdXRoX3VzZXJfYmFja2VuZCI6ImRqYW5nby5jb250cmliLmF1dGguYmFja2VuZHMuTW9kZWxCYWNrZW5kIiwiX2F1dGhfdXNlcl9pZCI6MX0=','2015-10-30 18:53:41'),('2j9mcp2qde8ggty2y91vhbs7ynlsog09','MWM2NDY3OTI1YTFlYmE4Zjg4YzE0Y2YwODUyNTNjYTIyZjBkMDE3Yjp7fQ==','2015-12-26 09:40:04'),('2jqz7oxs0df3gpp9oefimqdi9335cz1r','MWM2NDY3OTI1YTFlYmE4Zjg4YzE0Y2YwODUyNTNjYTIyZjBkMDE3Yjp7fQ==','2015-12-26 09:52:51'),('2k0tqygroxdlbbbdjgdgzt1hkrrwicf2','MWM2NDY3OTI1YTFlYmE4Zjg4YzE0Y2YwODUyNTNjYTIyZjBkMDE3Yjp7fQ==','2015-12-26 08:21:18'),('2k8lr9c27h716yl30eo3qysin69eyoov','MWM2NDY3OTI1YTFlYmE4Zjg4YzE0Y2YwODUyNTNjYTIyZjBkMDE3Yjp7fQ==','2015-12-26 09:51:22'),('2kh9ll450kgz6starwpjedz9059l0wz9','MWM2NDY3OTI1YTFlYmE4Zjg4YzE0Y2YwODUyNTNjYTIyZjBkMDE3Yjp7fQ==','2015-12-26 11:29:24'),('2llhtqk839vq8cnb3oi25vum6icnvn5b','MWM2NDY3OTI1YTFlYmE4Zjg4YzE0Y2YwODUyNTNjYTIyZjBkMDE3Yjp7fQ==','2015-12-26 09:50:55'),('2ltnxffzmsvvu30iritgv6ivqype1ajn','MWM2NDY3OTI1YTFlYmE4Zjg4YzE0Y2YwODUyNTNjYTIyZjBkMDE3Yjp7fQ==','2015-12-26 09:44:51'),('2rfdhwf3y4513gs74vk9ah0pev97tszp','MWM2NDY3OTI1YTFlYmE4Zjg4YzE0Y2YwODUyNTNjYTIyZjBkMDE3Yjp7fQ==','2015-12-25 05:39:44'),('2tlmmj52riacl2zipjcoxjk43cidcpg0','MWM2NDY3OTI1YTFlYmE4Zjg4YzE0Y2YwODUyNTNjYTIyZjBkMDE3Yjp7fQ==','2015-12-25 05:39:43'),('2u2cgb5ijneykyw0srb3obzree97xtia','MWM2NDY3OTI1YTFlYmE4Zjg4YzE0Y2YwODUyNTNjYTIyZjBkMDE3Yjp7fQ==','2015-12-25 05:37:47'),('2wtky66imbd6raqkms0woodw1tq433g4','MWM2NDY3OTI1YTFlYmE4Zjg4YzE0Y2YwODUyNTNjYTIyZjBkMDE3Yjp7fQ==','2015-12-25 05:41:13'),('2zcp4dj5lwlkrat7r0tlv63xtmyu739b','MWM2NDY3OTI1YTFlYmE4Zjg4YzE0Y2YwODUyNTNjYTIyZjBkMDE3Yjp7fQ==','2015-12-26 11:30:28'),('2zk9ffm8je21rjokktjkaphzgvgkx42t','MWM2NDY3OTI1YTFlYmE4Zjg4YzE0Y2YwODUyNTNjYTIyZjBkMDE3Yjp7fQ==','2015-12-26 09:44:48'),('319o7gda0t06cdnrmatarlyqoiyr0ins','NDE3YTY5NTA5N2M0ZTYwMmUwMWIyNmYzZjFhMThiNzAwYTI4Zjc5OTp7Il9hdXRoX3VzZXJfYmFja2VuZCI6ImRqYW5nby5jb250cmliLmF1dGguYmFja2VuZHMuTW9kZWxCYWNrZW5kIiwiX2F1dGhfdXNlcl9pZCI6MX0=','2015-10-28 15:33:21'),('370kosw12okhjkg7fci10s7k35poyd9x','MWM2NDY3OTI1YTFlYmE4Zjg4YzE0Y2YwODUyNTNjYTIyZjBkMDE3Yjp7fQ==','2015-12-01 06:49:04'),('37s7hhr7ew2upnmmkl50kw8l4vahz4oc','MWM2NDY3OTI1YTFlYmE4Zjg4YzE0Y2YwODUyNTNjYTIyZjBkMDE3Yjp7fQ==','2015-12-26 09:51:16'),('380sij6s4k6i1wwnuuca633tec15bmb5','MWM2NDY3OTI1YTFlYmE4Zjg4YzE0Y2YwODUyNTNjYTIyZjBkMDE3Yjp7fQ==','2015-12-26 09:50:52'),('38c649qfqa6w7kqocotnpcuh9xzfej7b','MWM2NDY3OTI1YTFlYmE4Zjg4YzE0Y2YwODUyNTNjYTIyZjBkMDE3Yjp7fQ==','2015-12-26 08:21:14'),('38dpyp6bx8vst7r4lhumnyg7colffgrb','MWM2NDY3OTI1YTFlYmE4Zjg4YzE0Y2YwODUyNTNjYTIyZjBkMDE3Yjp7fQ==','2015-11-26 13:08:35'),('38eiddso3wp9emfdncgxjacy6x6tvxry','MWM2NDY3OTI1YTFlYmE4Zjg4YzE0Y2YwODUyNTNjYTIyZjBkMDE3Yjp7fQ==','2015-12-26 09:42:59'),('38ijpwnyr55uykryrhfmovawez3sxdif','MWM2NDY3OTI1YTFlYmE4Zjg4YzE0Y2YwODUyNTNjYTIyZjBkMDE3Yjp7fQ==','2015-12-25 05:41:07'),('38k344b7bqkfbl1si2714b3pzoxufdk0','MWM2NDY3OTI1YTFlYmE4Zjg4YzE0Y2YwODUyNTNjYTIyZjBkMDE3Yjp7fQ==','2015-12-26 06:58:48'),('38w2k34kj0rjy9x4ho8iw7uakhu1zd62','MWM2NDY3OTI1YTFlYmE4Zjg4YzE0Y2YwODUyNTNjYTIyZjBkMDE3Yjp7fQ==','2015-11-25 12:59:16'),('39wsfzo8r1jz0tjg1fu4mmwlltuxf3ci','MWM2NDY3OTI1YTFlYmE4Zjg4YzE0Y2YwODUyNTNjYTIyZjBkMDE3Yjp7fQ==','2015-12-02 10:29:46'),('3dp27hvv06vry2wun8l893a4zh20e4cv','MWM2NDY3OTI1YTFlYmE4Zjg4YzE0Y2YwODUyNTNjYTIyZjBkMDE3Yjp7fQ==','2015-12-26 09:35:49'),('3fljxm7i7vvvfrcg8lvbxblmu72y2p1c','MWM2NDY3OTI1YTFlYmE4Zjg4YzE0Y2YwODUyNTNjYTIyZjBkMDE3Yjp7fQ==','2015-12-26 09:42:56'),('3k646krmznc9hbejp7s8mnzh0y0egidt','MWM2NDY3OTI1YTFlYmE4Zjg4YzE0Y2YwODUyNTNjYTIyZjBkMDE3Yjp7fQ==','2015-11-26 13:02:09'),('3k6rowmeoguidkmqnozlbzu8kk32d8r6','MWM2NDY3OTI1YTFlYmE4Zjg4YzE0Y2YwODUyNTNjYTIyZjBkMDE3Yjp7fQ==','2015-12-26 08:29:56'),('3ls3ujmqmwgjjc0zyio7gysyur55g3e7','MWM2NDY3OTI1YTFlYmE4Zjg4YzE0Y2YwODUyNTNjYTIyZjBkMDE3Yjp7fQ==','2015-12-25 05:41:11'),('3n2xyw5axfpdbw5j4wk48erdv043hidr','MWM2NDY3OTI1YTFlYmE4Zjg4YzE0Y2YwODUyNTNjYTIyZjBkMDE3Yjp7fQ==','2015-12-26 08:28:54'),('3n904wvnfqqyu81984un1dwfnp1z5htg','MWM2NDY3OTI1YTFlYmE4Zjg4YzE0Y2YwODUyNTNjYTIyZjBkMDE3Yjp7fQ==','2015-12-24 11:08:56'),('3onchurs0zq5c74nvk500s540gvhe626','MWM2NDY3OTI1YTFlYmE4Zjg4YzE0Y2YwODUyNTNjYTIyZjBkMDE3Yjp7fQ==','2015-12-26 10:00:39'),('3oy777krzea4r1gcovy8pil77489cooj','MWM2NDY3OTI1YTFlYmE4Zjg4YzE0Y2YwODUyNTNjYTIyZjBkMDE3Yjp7fQ==','2015-12-26 09:52:49'),('3pdpi5btqoe2hrvh2glhav5dn4gitc2c','MWM2NDY3OTI1YTFlYmE4Zjg4YzE0Y2YwODUyNTNjYTIyZjBkMDE3Yjp7fQ==','2015-11-26 13:07:54'),('3rbbstsyc9dgttco9lhhm29q3hzpddic','MWM2NDY3OTI1YTFlYmE4Zjg4YzE0Y2YwODUyNTNjYTIyZjBkMDE3Yjp7fQ==','2015-12-24 11:45:53'),('3re6vs0coi0158n4728uwvdrkuoi59i4','MWM2NDY3OTI1YTFlYmE4Zjg4YzE0Y2YwODUyNTNjYTIyZjBkMDE3Yjp7fQ==','2015-12-26 08:21:17'),('3s3kkjozkpt2nvgj5fcz32eqdysytiw0','MWM2NDY3OTI1YTFlYmE4Zjg4YzE0Y2YwODUyNTNjYTIyZjBkMDE3Yjp7fQ==','2015-12-26 09:51:24'),('3s7oo6ve6836ypmnmdz8xlq27orxxfu2','MWM2NDY3OTI1YTFlYmE4Zjg4YzE0Y2YwODUyNTNjYTIyZjBkMDE3Yjp7fQ==','2015-12-26 09:51:23'),('3t8jxvoztr07hx1lm3giq2fgp0wud3se','MWM2NDY3OTI1YTFlYmE4Zjg4YzE0Y2YwODUyNTNjYTIyZjBkMDE3Yjp7fQ==','2015-12-26 10:08:37'),('3u4aqi6a8yusntuoth4zrr1412kcqb6m','MWM2NDY3OTI1YTFlYmE4Zjg4YzE0Y2YwODUyNTNjYTIyZjBkMDE3Yjp7fQ==','2015-11-20 05:27:54'),('3xlry6920he2mxn8c8s8c6ko51tiw653','MWM2NDY3OTI1YTFlYmE4Zjg4YzE0Y2YwODUyNTNjYTIyZjBkMDE3Yjp7fQ==','2015-11-20 05:27:53'),('3yguhb6ht2xlviww104z5s2gp4l5v2xr','MWM2NDY3OTI1YTFlYmE4Zjg4YzE0Y2YwODUyNTNjYTIyZjBkMDE3Yjp7fQ==','2015-12-21 13:50:39'),('3ynd4uoeoef8v172vyenhb19k9o2wpfj','MWM2NDY3OTI1YTFlYmE4Zjg4YzE0Y2YwODUyNTNjYTIyZjBkMDE3Yjp7fQ==','2015-12-02 10:29:51'),('3yv1hz9qkqjh859phdz14bs4k3nf1dp4','MWM2NDY3OTI1YTFlYmE4Zjg4YzE0Y2YwODUyNTNjYTIyZjBkMDE3Yjp7fQ==','2015-12-26 09:54:18'),('407kt9p7ef1ja76tijk1rjkkbvjn1ta8','MWM2NDY3OTI1YTFlYmE4Zjg4YzE0Y2YwODUyNTNjYTIyZjBkMDE3Yjp7fQ==','2015-12-26 10:08:36'),('40d3291akycr5rqef3aynevrgqmz6qsm','MWM2NDY3OTI1YTFlYmE4Zjg4YzE0Y2YwODUyNTNjYTIyZjBkMDE3Yjp7fQ==','2015-12-26 08:21:55'),('43h0ky7dx00qdct3qd9u80vkfitu64zq','MWM2NDY3OTI1YTFlYmE4Zjg4YzE0Y2YwODUyNTNjYTIyZjBkMDE3Yjp7fQ==','2015-12-26 10:08:35'),('43l95oao63f41krs4bz4cssd6ehvlbto','MWM2NDY3OTI1YTFlYmE4Zjg4YzE0Y2YwODUyNTNjYTIyZjBkMDE3Yjp7fQ==','2015-12-26 09:46:46'),('44g4l2f89azerjztvlf1b0tg3owz9dzj','MWM2NDY3OTI1YTFlYmE4Zjg4YzE0Y2YwODUyNTNjYTIyZjBkMDE3Yjp7fQ==','2015-11-20 05:27:43'),('44nb3srbzhq7rjogvhnxoi1779wp4xys','MWM2NDY3OTI1YTFlYmE4Zjg4YzE0Y2YwODUyNTNjYTIyZjBkMDE3Yjp7fQ==','2015-12-26 09:44:47'),('488gw3c79iyc8l58ctaa2o2clznluv5e','MWM2NDY3OTI1YTFlYmE4Zjg4YzE0Y2YwODUyNTNjYTIyZjBkMDE3Yjp7fQ==','2015-12-25 05:37:47'),('49aktbnqty2ahqjmp49qqxo4thqf305y','MWM2NDY3OTI1YTFlYmE4Zjg4YzE0Y2YwODUyNTNjYTIyZjBkMDE3Yjp7fQ==','2015-12-26 09:35:48'),('4amzfp7yvtxx9q5atibx1ab6ylfqinmx','MWM2NDY3OTI1YTFlYmE4Zjg4YzE0Y2YwODUyNTNjYTIyZjBkMDE3Yjp7fQ==','2015-12-26 11:29:19'),('4bdrxcwt608vbufl2s4928x1bvhcernb','MWM2NDY3OTI1YTFlYmE4Zjg4YzE0Y2YwODUyNTNjYTIyZjBkMDE3Yjp7fQ==','2015-12-26 08:21:14'),('4cezpykqqc7qh8wj5e9dggogjd6qv35x','MWM2NDY3OTI1YTFlYmE4Zjg4YzE0Y2YwODUyNTNjYTIyZjBkMDE3Yjp7fQ==','2015-12-26 08:19:54'),('4d6tijam1tiv9kg5mrqit4ulg2oaboo9','MWM2NDY3OTI1YTFlYmE4Zjg4YzE0Y2YwODUyNTNjYTIyZjBkMDE3Yjp7fQ==','2015-12-26 08:21:15'),('4d70qewbmorch0mh5zi07zvbe4e8mow3','MWM2NDY3OTI1YTFlYmE4Zjg4YzE0Y2YwODUyNTNjYTIyZjBkMDE3Yjp7fQ==','2015-12-26 08:19:19'),('4dk9htitsbgog7syzpk23y1nxtgazwk4','MWM2NDY3OTI1YTFlYmE4Zjg4YzE0Y2YwODUyNTNjYTIyZjBkMDE3Yjp7fQ==','2015-12-26 08:21:56'),('4dnqmww0h2fvjjky86xs9c3qmc3eie16','MWM2NDY3OTI1YTFlYmE4Zjg4YzE0Y2YwODUyNTNjYTIyZjBkMDE3Yjp7fQ==','2015-12-26 07:00:45'),('4duz0d0874hhwmuztqvw3cqvtsxwu006','MWM2NDY3OTI1YTFlYmE4Zjg4YzE0Y2YwODUyNTNjYTIyZjBkMDE3Yjp7fQ==','2015-12-25 05:37:50'),('4m9var7ilvmzk4mhvj1sbwawmdoyud09','MWM2NDY3OTI1YTFlYmE4Zjg4YzE0Y2YwODUyNTNjYTIyZjBkMDE3Yjp7fQ==','2015-12-26 09:50:52'),('4ncp1q6gb9uy6sp3upt1t5ji7xkcxj9v','MWM2NDY3OTI1YTFlYmE4Zjg4YzE0Y2YwODUyNTNjYTIyZjBkMDE3Yjp7fQ==','2015-12-26 09:35:52'),('4nqym9q39f2i0ohq7x48i467mtg25xj8','MWM2NDY3OTI1YTFlYmE4Zjg4YzE0Y2YwODUyNTNjYTIyZjBkMDE3Yjp7fQ==','2015-12-26 09:44:46'),('4o7h7r6trrae2fokbhcz3pfrslavpm5e','MWM2NDY3OTI1YTFlYmE4Zjg4YzE0Y2YwODUyNTNjYTIyZjBkMDE3Yjp7fQ==','2015-12-26 11:29:20'),('4qcg9h78m8388b2tt4216xhhic745i56','MWM2NDY3OTI1YTFlYmE4Zjg4YzE0Y2YwODUyNTNjYTIyZjBkMDE3Yjp7fQ==','2015-12-19 11:17:02'),('4rgxcjdji9x9orcm1tnoa5hv9gwr2yc2','MWM2NDY3OTI1YTFlYmE4Zjg4YzE0Y2YwODUyNTNjYTIyZjBkMDE3Yjp7fQ==','2015-12-26 08:19:28'),('4s44esl87h0itkiwaajlz6jkd7upxr1f','MWM2NDY3OTI1YTFlYmE4Zjg4YzE0Y2YwODUyNTNjYTIyZjBkMDE3Yjp7fQ==','2015-11-28 06:44:11'),('4u67osfw18fgmnpz8zty6kcr83hgfmrk','ZmM5MDk1MDU5MjY1MDI2MjhhMjJhYTZiNWQzMjY4MmMwMmVlZThlYzp7Il9hdXRoX3VzZXJfYmFja2VuZCI6ImRqYW5nby5jb250cmliLmF1dGguYmFja2VuZHMuTW9kZWxCYWNrZW5kIiwiX2F1dGhfdXNlcl9pZCI6Mjd9','2015-11-20 05:37:34'),('4uoettp3ockgy4mktsf4dj050pufj5i7','MWM2NDY3OTI1YTFlYmE4Zjg4YzE0Y2YwODUyNTNjYTIyZjBkMDE3Yjp7fQ==','2015-12-26 08:21:09'),('4v9usb3cf9qrlkcpuc01w6l6hir87uf6','MWM2NDY3OTI1YTFlYmE4Zjg4YzE0Y2YwODUyNTNjYTIyZjBkMDE3Yjp7fQ==','2015-12-29 05:14:53'),('4vw8hi1fdqpf8zjmzjo8g1ir9tuem8ak','MWM2NDY3OTI1YTFlYmE4Zjg4YzE0Y2YwODUyNTNjYTIyZjBkMDE3Yjp7fQ==','2015-11-20 05:27:53'),('4ws5kc7qn8yms0j7wswo145z7nhnzyto','MWM2NDY3OTI1YTFlYmE4Zjg4YzE0Y2YwODUyNTNjYTIyZjBkMDE3Yjp7fQ==','2015-11-26 13:08:33'),('4y29tmnna1iqut69n72erqv45x4jc3j2','MWM2NDY3OTI1YTFlYmE4Zjg4YzE0Y2YwODUyNTNjYTIyZjBkMDE3Yjp7fQ==','2015-12-26 09:46:42'),('4yf0gdf1f32oiohlqx7jgp50q4u9xbnc','MWM2NDY3OTI1YTFlYmE4Zjg4YzE0Y2YwODUyNTNjYTIyZjBkMDE3Yjp7fQ==','2015-12-26 08:28:58'),('4yfxowt5j7djfi74c5kohrhhiwuvhbej','MWM2NDY3OTI1YTFlYmE4Zjg4YzE0Y2YwODUyNTNjYTIyZjBkMDE3Yjp7fQ==','2015-12-26 10:00:29'),('50xs1t7gpkslq5wmb3n2utwbbyqw8q2d','MWM2NDY3OTI1YTFlYmE4Zjg4YzE0Y2YwODUyNTNjYTIyZjBkMDE3Yjp7fQ==','2015-12-26 09:46:34'),('5182zrv924n0irfzy0m2dztxb7xy98th','MWM2NDY3OTI1YTFlYmE4Zjg4YzE0Y2YwODUyNTNjYTIyZjBkMDE3Yjp7fQ==','2015-12-26 09:36:08'),('53t8vj6zc272be1crkwp65cn6qivnbac','MWM2NDY3OTI1YTFlYmE4Zjg4YzE0Y2YwODUyNTNjYTIyZjBkMDE3Yjp7fQ==','2015-11-20 05:37:59'),('54485m77vj0ml95ot7gh86h3ojisp565','MWM2NDY3OTI1YTFlYmE4Zjg4YzE0Y2YwODUyNTNjYTIyZjBkMDE3Yjp7fQ==','2015-12-26 09:39:03'),('55esyw4qios08m0mkzt1zaajp6u5lh3c','MWM2NDY3OTI1YTFlYmE4Zjg4YzE0Y2YwODUyNTNjYTIyZjBkMDE3Yjp7fQ==','2015-12-26 10:01:39'),('565ny7b10veeopk2yjyk03o9fy654amm','MWM2NDY3OTI1YTFlYmE4Zjg4YzE0Y2YwODUyNTNjYTIyZjBkMDE3Yjp7fQ==','2015-12-25 05:39:44'),('59dh72pz5rj07d11vxjepjhgpbcdo4de','MWM2NDY3OTI1YTFlYmE4Zjg4YzE0Y2YwODUyNTNjYTIyZjBkMDE3Yjp7fQ==','2015-11-26 13:08:15'),('5a92fiygaobj0aambri1flszgn2zx6hx','MWM2NDY3OTI1YTFlYmE4Zjg4YzE0Y2YwODUyNTNjYTIyZjBkMDE3Yjp7fQ==','2015-11-30 12:24:16'),('5apmy8zsa4dckryllmi9n8ht6tbetrvv','MWM2NDY3OTI1YTFlYmE4Zjg4YzE0Y2YwODUyNTNjYTIyZjBkMDE3Yjp7fQ==','2015-12-26 10:01:52'),('5b2h9qc2sr2mrnnd9uq7hax7p5sjojfd','MWM2NDY3OTI1YTFlYmE4Zjg4YzE0Y2YwODUyNTNjYTIyZjBkMDE3Yjp7fQ==','2015-12-26 09:51:22'),('5cw0xcfzudezwql14p3l2ngc8rxj4qm4','MWM2NDY3OTI1YTFlYmE4Zjg4YzE0Y2YwODUyNTNjYTIyZjBkMDE3Yjp7fQ==','2015-12-26 09:54:13'),('5czx688tghir9n7jya7sl1ty494dehnw','MWM2NDY3OTI1YTFlYmE4Zjg4YzE0Y2YwODUyNTNjYTIyZjBkMDE3Yjp7fQ==','2015-10-31 23:07:09'),('5dapejcyhwfetzigvap80g7xb9vbn2tq','ZmM5MDk1MDU5MjY1MDI2MjhhMjJhYTZiNWQzMjY4MmMwMmVlZThlYzp7Il9hdXRoX3VzZXJfYmFja2VuZCI6ImRqYW5nby5jb250cmliLmF1dGguYmFja2VuZHMuTW9kZWxCYWNrZW5kIiwiX2F1dGhfdXNlcl9pZCI6Mjd9','2015-12-01 06:49:12'),('5dfpggiatf8iywoc92k016v9994bvk6z','MWM2NDY3OTI1YTFlYmE4Zjg4YzE0Y2YwODUyNTNjYTIyZjBkMDE3Yjp7fQ==','2015-12-26 10:08:37'),('5dxyimftelfyxodan3jkcyc66oolnyka','MWM2NDY3OTI1YTFlYmE4Zjg4YzE0Y2YwODUyNTNjYTIyZjBkMDE3Yjp7fQ==','2015-12-26 09:44:45'),('5e13rdaksx31k386a66q5aghcf9sa9rx','MWM2NDY3OTI1YTFlYmE4Zjg4YzE0Y2YwODUyNTNjYTIyZjBkMDE3Yjp7fQ==','2015-12-25 05:41:09'),('5i90on71eet6gyevvpj0rm7a5k4nq2je','ZmM5MDk1MDU5MjY1MDI2MjhhMjJhYTZiNWQzMjY4MmMwMmVlZThlYzp7Il9hdXRoX3VzZXJfYmFja2VuZCI6ImRqYW5nby5jb250cmliLmF1dGguYmFja2VuZHMuTW9kZWxCYWNrZW5kIiwiX2F1dGhfdXNlcl9pZCI6Mjd9','2015-11-20 05:28:00'),('5ji7emka3sreyrfjqz6nr5vo8b8z6gvn','MWM2NDY3OTI1YTFlYmE4Zjg4YzE0Y2YwODUyNTNjYTIyZjBkMDE3Yjp7fQ==','2015-12-25 05:41:07'),('5jmabaonxo2akqks95cpax786gpf5zt2','MWM2NDY3OTI1YTFlYmE4Zjg4YzE0Y2YwODUyNTNjYTIyZjBkMDE3Yjp7fQ==','2015-12-26 10:08:37'),('5jtpne8w9czhmmvefcydkli6hovqp3b6','MWM2NDY3OTI1YTFlYmE4Zjg4YzE0Y2YwODUyNTNjYTIyZjBkMDE3Yjp7fQ==','2015-10-25 14:30:32'),('5maa1sorarnkr9x9drmvh7yl0aa1polh','MWM2NDY3OTI1YTFlYmE4Zjg4YzE0Y2YwODUyNTNjYTIyZjBkMDE3Yjp7fQ==','2015-11-26 13:08:32'),('5mypsz82xn3zvkcs3zb9dpxizumr41gc','MWM2NDY3OTI1YTFlYmE4Zjg4YzE0Y2YwODUyNTNjYTIyZjBkMDE3Yjp7fQ==','2015-12-25 05:39:42'),('5nja1cydiig13acfeashxoa5oc0dxqz1','MWM2NDY3OTI1YTFlYmE4Zjg4YzE0Y2YwODUyNTNjYTIyZjBkMDE3Yjp7fQ==','2015-12-26 08:22:42'),('5obdszzolm53hhf7usfx5d3ah55ef3ld','MWM2NDY3OTI1YTFlYmE4Zjg4YzE0Y2YwODUyNTNjYTIyZjBkMDE3Yjp7fQ==','2015-12-26 09:40:08'),('5otdjyv4w6042tcmobl5ew9lp8ixqnho','MWM2NDY3OTI1YTFlYmE4Zjg4YzE0Y2YwODUyNTNjYTIyZjBkMDE3Yjp7fQ==','2015-12-01 14:35:34'),('5pp7q3znmes2lrk0lwlahyfr19gtntc4','MWM2NDY3OTI1YTFlYmE4Zjg4YzE0Y2YwODUyNTNjYTIyZjBkMDE3Yjp7fQ==','2015-12-29 05:14:51'),('5qw5eflfewfuup7qejjiulbchimyvfwg','MWM2NDY3OTI1YTFlYmE4Zjg4YzE0Y2YwODUyNTNjYTIyZjBkMDE3Yjp7fQ==','2015-12-26 09:42:58'),('5rfs9uw3ncv0in6torioestp50b17ed8','MWM2NDY3OTI1YTFlYmE4Zjg4YzE0Y2YwODUyNTNjYTIyZjBkMDE3Yjp7fQ==','2015-10-26 03:18:07'),('5ry6ctap47i5czh06xnanr2431864suf','MWM2NDY3OTI1YTFlYmE4Zjg4YzE0Y2YwODUyNTNjYTIyZjBkMDE3Yjp7fQ==','2015-11-20 03:09:36'),('5ss2fihuqy7dn1x7i0kqal7auydxsxsg','MWM2NDY3OTI1YTFlYmE4Zjg4YzE0Y2YwODUyNTNjYTIyZjBkMDE3Yjp7fQ==','2015-12-26 09:54:17'),('5v62konw3st2obxoemo6liflg7sv7t6t','MWM2NDY3OTI1YTFlYmE4Zjg4YzE0Y2YwODUyNTNjYTIyZjBkMDE3Yjp7fQ==','2015-11-20 03:09:37'),('5v7c0dh05e6j21a3jx7g158hw1tvqu1v','MWM2NDY3OTI1YTFlYmE4Zjg4YzE0Y2YwODUyNTNjYTIyZjBkMDE3Yjp7fQ==','2015-12-26 09:50:57'),('5v7cz9bxcrnq1mn648e78wr24o9xm0yd','MWM2NDY3OTI1YTFlYmE4Zjg4YzE0Y2YwODUyNTNjYTIyZjBkMDE3Yjp7fQ==','2015-12-26 10:00:30'),('5wkzx1zkj6pfuiivbw3td7lw03wyhh6r','MWM2NDY3OTI1YTFlYmE4Zjg4YzE0Y2YwODUyNTNjYTIyZjBkMDE3Yjp7fQ==','2015-12-26 09:39:11'),('5xru5e4w8kv61ys0m7fvv4kc47yhgfi7','MWM2NDY3OTI1YTFlYmE4Zjg4YzE0Y2YwODUyNTNjYTIyZjBkMDE3Yjp7fQ==','2015-12-26 08:26:51'),('60rfppnnjv726ox75vlptzr78o7dtv7q','MWM2NDY3OTI1YTFlYmE4Zjg4YzE0Y2YwODUyNTNjYTIyZjBkMDE3Yjp7fQ==','2015-12-26 09:49:45'),('60sed910yirxte4kctibd2491rzfw2po','MWM2NDY3OTI1YTFlYmE4Zjg4YzE0Y2YwODUyNTNjYTIyZjBkMDE3Yjp7fQ==','2015-12-25 05:41:13'),('61774d2abw27tgyk9ulh4bj5jmsmx4f3','MWM2NDY3OTI1YTFlYmE4Zjg4YzE0Y2YwODUyNTNjYTIyZjBkMDE3Yjp7fQ==','2015-12-26 08:21:15'),('618r2ynbdfk11dugjeao7x68eq9zpldb','MWM2NDY3OTI1YTFlYmE4Zjg4YzE0Y2YwODUyNTNjYTIyZjBkMDE3Yjp7fQ==','2015-12-26 09:39:02'),('62h9a43pf8vxbmkjfxfxbbtijj0eanea','MWM2NDY3OTI1YTFlYmE4Zjg4YzE0Y2YwODUyNTNjYTIyZjBkMDE3Yjp7fQ==','2015-12-26 09:40:04'),('62l0tt2n2096ayzd6chl2lmhwf9xf1oc','MWM2NDY3OTI1YTFlYmE4Zjg4YzE0Y2YwODUyNTNjYTIyZjBkMDE3Yjp7fQ==','2015-12-26 09:40:09'),('62lsgxygm3kdlsvp9xn0tzo2icp82kdh','MWM2NDY3OTI1YTFlYmE4Zjg4YzE0Y2YwODUyNTNjYTIyZjBkMDE3Yjp7fQ==','2015-12-26 08:22:43'),('63ap5me5a7x53ztxgkuasv1xqu62gdlk','MWM2NDY3OTI1YTFlYmE4Zjg4YzE0Y2YwODUyNTNjYTIyZjBkMDE3Yjp7fQ==','2015-12-26 08:19:25'),('64fyiq0ubfw3iluvacpnt7bd4ugzx36b','MWM2NDY3OTI1YTFlYmE4Zjg4YzE0Y2YwODUyNTNjYTIyZjBkMDE3Yjp7fQ==','2015-12-26 09:51:19'),('64obsfktscnky2cqwigo5rlcjx4t52gt','MWM2NDY3OTI1YTFlYmE4Zjg4YzE0Y2YwODUyNTNjYTIyZjBkMDE3Yjp7fQ==','2015-12-26 10:08:34'),('65vqz94csdj92poid11wg7ftbxgrv14d','MWM2NDY3OTI1YTFlYmE4Zjg4YzE0Y2YwODUyNTNjYTIyZjBkMDE3Yjp7fQ==','2015-12-25 05:37:48'),('663wwg76qmutyzthwer1kfdu0f7bdir5','MWM2NDY3OTI1YTFlYmE4Zjg4YzE0Y2YwODUyNTNjYTIyZjBkMDE3Yjp7fQ==','2015-12-25 05:41:07'),('663zph010twzg3uvm9a8woisf8dbrbdi','MWM2NDY3OTI1YTFlYmE4Zjg4YzE0Y2YwODUyNTNjYTIyZjBkMDE3Yjp7fQ==','2015-12-25 05:39:43'),('67cuqca1l4mk1yy6qc7yg3t2u9gjci35','MWM2NDY3OTI1YTFlYmE4Zjg4YzE0Y2YwODUyNTNjYTIyZjBkMDE3Yjp7fQ==','2015-12-25 05:39:40'),('686qmpaarp3pd8x9zxn27pnqxbva2qbn','MWM2NDY3OTI1YTFlYmE4Zjg4YzE0Y2YwODUyNTNjYTIyZjBkMDE3Yjp7fQ==','2015-12-26 11:29:19'),('68qk1iy5wezapa3ssz9jfv6m7ubqh1k0','MWM2NDY3OTI1YTFlYmE4Zjg4YzE0Y2YwODUyNTNjYTIyZjBkMDE3Yjp7fQ==','2015-12-26 09:46:40'),('69wt3lrmi3umdxh341sw4alfbhtb8inl','MWM2NDY3OTI1YTFlYmE4Zjg4YzE0Y2YwODUyNTNjYTIyZjBkMDE3Yjp7fQ==','2015-12-26 09:51:32'),('6at9b41ij67fropfq0h74er6hgjtxuva','MWM2NDY3OTI1YTFlYmE4Zjg4YzE0Y2YwODUyNTNjYTIyZjBkMDE3Yjp7fQ==','2015-12-26 09:42:58'),('6bok8vp80ze7md8qyv03k2sdcitmius0','MWM2NDY3OTI1YTFlYmE4Zjg4YzE0Y2YwODUyNTNjYTIyZjBkMDE3Yjp7fQ==','2015-12-26 08:22:43'),('6c3kixg5dlkf9edtxcgofhkqt04evd7e','MWM2NDY3OTI1YTFlYmE4Zjg4YzE0Y2YwODUyNTNjYTIyZjBkMDE3Yjp7fQ==','2015-12-25 05:37:46'),('6cguchecj9emxsdvgox4mbll3yrmamz3','MWM2NDY3OTI1YTFlYmE4Zjg4YzE0Y2YwODUyNTNjYTIyZjBkMDE3Yjp7fQ==','2015-12-26 10:00:53'),('6cuvz35utsjjssn07voul0ylv34pl3hj','MWM2NDY3OTI1YTFlYmE4Zjg4YzE0Y2YwODUyNTNjYTIyZjBkMDE3Yjp7fQ==','2015-12-01 14:33:44'),('6f38r0c3arhbvqjedr3931kl0rm9uvkv','MWM2NDY3OTI1YTFlYmE4Zjg4YzE0Y2YwODUyNTNjYTIyZjBkMDE3Yjp7fQ==','2015-11-26 13:08:41'),('6fa507hc7yvyf5kq5lm8e8knfukuz8je','MWM2NDY3OTI1YTFlYmE4Zjg4YzE0Y2YwODUyNTNjYTIyZjBkMDE3Yjp7fQ==','2015-12-26 09:53:54'),('6ftfl7ma3juersyoiqfwrgtrs5ptgwte','MWM2NDY3OTI1YTFlYmE4Zjg4YzE0Y2YwODUyNTNjYTIyZjBkMDE3Yjp7fQ==','2015-12-26 08:28:59'),('6fzje3lzt4w5sq1tpwi659g08oytha3x','MWM2NDY3OTI1YTFlYmE4Zjg4YzE0Y2YwODUyNTNjYTIyZjBkMDE3Yjp7fQ==','2015-12-25 05:41:07'),('6g4wtp1uepxmrjy0yvf3i8vidkekvn1k','MWM2NDY3OTI1YTFlYmE4Zjg4YzE0Y2YwODUyNTNjYTIyZjBkMDE3Yjp7fQ==','2015-12-26 08:21:13'),('6jwskeum4xk9qjsv5tn6342ot64bfjcf','MWM2NDY3OTI1YTFlYmE4Zjg4YzE0Y2YwODUyNTNjYTIyZjBkMDE3Yjp7fQ==','2015-12-26 09:42:56'),('6k0kcfrzjyr99z0f7mtvgxx0whvbw5tq','MWM2NDY3OTI1YTFlYmE4Zjg4YzE0Y2YwODUyNTNjYTIyZjBkMDE3Yjp7fQ==','2015-12-24 11:37:17'),('6m6rtvuw3rvnj0gwdr5zsplz4bn3tx19','MWM2NDY3OTI1YTFlYmE4Zjg4YzE0Y2YwODUyNTNjYTIyZjBkMDE3Yjp7fQ==','2015-12-26 09:49:54'),('6p9mj4wf95818n4vxaos9wckmrtz4tvq','MWM2NDY3OTI1YTFlYmE4Zjg4YzE0Y2YwODUyNTNjYTIyZjBkMDE3Yjp7fQ==','2015-12-25 05:39:43'),('6pc92ei3joncyq28yzsjl928b55ljhus','MWM2NDY3OTI1YTFlYmE4Zjg4YzE0Y2YwODUyNTNjYTIyZjBkMDE3Yjp7fQ==','2015-12-26 09:51:17'),('6pw6hf1kdz6tlpgf15q9c47z4j4bcqxx','MWM2NDY3OTI1YTFlYmE4Zjg4YzE0Y2YwODUyNTNjYTIyZjBkMDE3Yjp7fQ==','2015-12-26 10:08:36'),('6rm1u2bgw87aon8ph8386z9c9pc39j85','MWM2NDY3OTI1YTFlYmE4Zjg4YzE0Y2YwODUyNTNjYTIyZjBkMDE3Yjp7fQ==','2015-12-02 07:35:13'),('6rmqknxk8r8xj82cwj6htvw5emg1qr3f','MWM2NDY3OTI1YTFlYmE4Zjg4YzE0Y2YwODUyNTNjYTIyZjBkMDE3Yjp7fQ==','2015-10-26 11:36:16'),('6tvrjz9s8zzc9hbw3u0jfcczuea44kof','ZmM5MDk1MDU5MjY1MDI2MjhhMjJhYTZiNWQzMjY4MmMwMmVlZThlYzp7Il9hdXRoX3VzZXJfYmFja2VuZCI6ImRqYW5nby5jb250cmliLmF1dGguYmFja2VuZHMuTW9kZWxCYWNrZW5kIiwiX2F1dGhfdXNlcl9pZCI6Mjd9','2015-12-01 06:49:04'),('6uy0281dq1cks9q7obf5cixhl2dlsdzk','MWM2NDY3OTI1YTFlYmE4Zjg4YzE0Y2YwODUyNTNjYTIyZjBkMDE3Yjp7fQ==','2015-11-20 08:28:08'),('6w8u1zg9c3iedhxkvypl40f9w5s0680v','MWM2NDY3OTI1YTFlYmE4Zjg4YzE0Y2YwODUyNTNjYTIyZjBkMDE3Yjp7fQ==','2015-12-26 09:46:42'),('6yzo3geoszmvka4112u0aot3x7s3ekki','MWM2NDY3OTI1YTFlYmE4Zjg4YzE0Y2YwODUyNTNjYTIyZjBkMDE3Yjp7fQ==','2015-12-24 12:05:54'),('6zhsgcylru0oo08r1uejxe6pyh2jg7bq','MWM2NDY3OTI1YTFlYmE4Zjg4YzE0Y2YwODUyNTNjYTIyZjBkMDE3Yjp7fQ==','2015-12-25 05:41:09'),('701b84f7bjuuxr4iuriglrihntxiut9j','MWM2NDY3OTI1YTFlYmE4Zjg4YzE0Y2YwODUyNTNjYTIyZjBkMDE3Yjp7fQ==','2015-12-26 09:52:46'),('70jbhyvsuc294aq6ykdpn1npc830p9vc','MWM2NDY3OTI1YTFlYmE4Zjg4YzE0Y2YwODUyNTNjYTIyZjBkMDE3Yjp7fQ==','2015-12-26 08:19:25'),('71tim0sh6g7nykhuonqh93fay955ijx0','MWM2NDY3OTI1YTFlYmE4Zjg4YzE0Y2YwODUyNTNjYTIyZjBkMDE3Yjp7fQ==','2015-12-26 10:00:50'),('724wsxbedevly8xabp10oa1i40f6l0yq','MWM2NDY3OTI1YTFlYmE4Zjg4YzE0Y2YwODUyNTNjYTIyZjBkMDE3Yjp7fQ==','2015-12-26 11:30:28'),('73lzg2xhtgx3umv0blm3z527vn9o97qd','MWM2NDY3OTI1YTFlYmE4Zjg4YzE0Y2YwODUyNTNjYTIyZjBkMDE3Yjp7fQ==','2015-12-26 09:39:08'),('74kai7x4wnoaqmxh73o1ktj8cv51ykum','MWM2NDY3OTI1YTFlYmE4Zjg4YzE0Y2YwODUyNTNjYTIyZjBkMDE3Yjp7fQ==','2015-12-25 05:37:47'),('74xk8csth9799835qkse40x466904xv7','MWM2NDY3OTI1YTFlYmE4Zjg4YzE0Y2YwODUyNTNjYTIyZjBkMDE3Yjp7fQ==','2015-12-02 07:32:53'),('77rpkvo2ipr8cj5quvthcnd4jtcqwpnl','MWM2NDY3OTI1YTFlYmE4Zjg4YzE0Y2YwODUyNTNjYTIyZjBkMDE3Yjp7fQ==','2015-11-20 03:08:10'),('786295gfkux8y3m127p1sr4l6cj9x8ah','MWM2NDY3OTI1YTFlYmE4Zjg4YzE0Y2YwODUyNTNjYTIyZjBkMDE3Yjp7fQ==','2015-12-26 10:00:35'),('7amhbqv8llbijcgy647adxh4p50ip1sh','MWM2NDY3OTI1YTFlYmE4Zjg4YzE0Y2YwODUyNTNjYTIyZjBkMDE3Yjp7fQ==','2015-12-26 09:40:09'),('7bmeled2tzta9qfd9lxjr4377pxjitxi','MWM2NDY3OTI1YTFlYmE4Zjg4YzE0Y2YwODUyNTNjYTIyZjBkMDE3Yjp7fQ==','2015-11-20 05:37:33'),('7dcwdrf777l79e7pn6nh3zrm52ghfswg','MWM2NDY3OTI1YTFlYmE4Zjg4YzE0Y2YwODUyNTNjYTIyZjBkMDE3Yjp7fQ==','2015-12-26 08:29:51'),('7g7ax5ldd8g2a5bswn825fj7mm3k6doc','MWM2NDY3OTI1YTFlYmE4Zjg4YzE0Y2YwODUyNTNjYTIyZjBkMDE3Yjp7fQ==','2015-12-26 09:51:25'),('7ikg5gml052v8eegktal8n0f87nxbbr8','MWM2NDY3OTI1YTFlYmE4Zjg4YzE0Y2YwODUyNTNjYTIyZjBkMDE3Yjp7fQ==','2015-12-26 09:49:52'),('7jkllu8nn6cin6uxjn6rjsccp683t5we','MWM2NDY3OTI1YTFlYmE4Zjg4YzE0Y2YwODUyNTNjYTIyZjBkMDE3Yjp7fQ==','2015-12-01 06:48:19'),('7jnl2i64n60oqh0d5ycrycxmyflxjik7','MWM2NDY3OTI1YTFlYmE4Zjg4YzE0Y2YwODUyNTNjYTIyZjBkMDE3Yjp7fQ==','2015-11-20 03:09:07'),('7kbj0k20if4fttk2bt2dz2kbdkvom91l','MWM2NDY3OTI1YTFlYmE4Zjg4YzE0Y2YwODUyNTNjYTIyZjBkMDE3Yjp7fQ==','2015-12-26 09:46:36'),('7m2b5ek2f8ixsb4ihq6hus8h5asuantp','MWM2NDY3OTI1YTFlYmE4Zjg4YzE0Y2YwODUyNTNjYTIyZjBkMDE3Yjp7fQ==','2015-12-26 08:26:50'),('7mr2j0axvtmieosi1qra5i75sc2n8o3x','MWM2NDY3OTI1YTFlYmE4Zjg4YzE0Y2YwODUyNTNjYTIyZjBkMDE3Yjp7fQ==','2015-12-26 09:54:14'),('7q38pcdi40mgwxrfhyhdm3nlsekoi5v0','MWM2NDY3OTI1YTFlYmE4Zjg4YzE0Y2YwODUyNTNjYTIyZjBkMDE3Yjp7fQ==','2015-11-20 05:27:51'),('7rt23q5fcfw7vdr51e579qa8cwlk4sej','MWM2NDY3OTI1YTFlYmE4Zjg4YzE0Y2YwODUyNTNjYTIyZjBkMDE3Yjp7fQ==','2015-12-26 11:30:28'),('7tgwysd4s5zb97e8mxhtb25aj8vr5foj','MWM2NDY3OTI1YTFlYmE4Zjg4YzE0Y2YwODUyNTNjYTIyZjBkMDE3Yjp7fQ==','2015-12-26 08:27:22'),('7ue1d5h89e1woqvcxidn9o9jl51z4lib','MWM2NDY3OTI1YTFlYmE4Zjg4YzE0Y2YwODUyNTNjYTIyZjBkMDE3Yjp7fQ==','2015-12-26 08:19:18'),('7uqiua2gcr3g02lj07l9opyn5nwgeovz','MWM2NDY3OTI1YTFlYmE4Zjg4YzE0Y2YwODUyNTNjYTIyZjBkMDE3Yjp7fQ==','2015-12-25 05:39:38'),('7vxestl39ps4attomyqh68xjfutmmcm8','MWM2NDY3OTI1YTFlYmE4Zjg4YzE0Y2YwODUyNTNjYTIyZjBkMDE3Yjp7fQ==','2015-12-26 09:44:48'),('81kidtqowpmtybredbel2prsq58dcugx','MWM2NDY3OTI1YTFlYmE4Zjg4YzE0Y2YwODUyNTNjYTIyZjBkMDE3Yjp7fQ==','2015-12-26 08:26:53'),('81spkrl69mxq6ovfiwwxzfiqui6h6f13','MWM2NDY3OTI1YTFlYmE4Zjg4YzE0Y2YwODUyNTNjYTIyZjBkMDE3Yjp7fQ==','2015-12-26 06:58:54'),('83odee3noq19lhefsjsd1m92bil0lrac','MWM2NDY3OTI1YTFlYmE4Zjg4YzE0Y2YwODUyNTNjYTIyZjBkMDE3Yjp7fQ==','2015-12-26 07:00:05'),('83w7a1wn34ffqavfgcqh56x8hsdilfir','MWM2NDY3OTI1YTFlYmE4Zjg4YzE0Y2YwODUyNTNjYTIyZjBkMDE3Yjp7fQ==','2015-12-26 08:25:09'),('84vlsm38tlhjb7o4kj7xmz9xhgjg92ek','MWM2NDY3OTI1YTFlYmE4Zjg4YzE0Y2YwODUyNTNjYTIyZjBkMDE3Yjp7fQ==','2015-11-20 03:09:35'),('87p0vhmmbmjqam81vkao85lwn7x1zoa7','MWM2NDY3OTI1YTFlYmE4Zjg4YzE0Y2YwODUyNTNjYTIyZjBkMDE3Yjp7fQ==','2015-12-29 05:16:15'),('895d5myylxrxed34r5xb47ha9yrx1fle','MWM2NDY3OTI1YTFlYmE4Zjg4YzE0Y2YwODUyNTNjYTIyZjBkMDE3Yjp7fQ==','2015-12-26 09:40:09'),('89qf2xihn4959rtsb2n2fwrkg3wk7eln','MWM2NDY3OTI1YTFlYmE4Zjg4YzE0Y2YwODUyNTNjYTIyZjBkMDE3Yjp7fQ==','2015-11-20 03:09:39'),('8dj6krqj1s03fpc14epr31wjabglhl6x','MWM2NDY3OTI1YTFlYmE4Zjg4YzE0Y2YwODUyNTNjYTIyZjBkMDE3Yjp7fQ==','2015-12-24 11:15:33'),('8dpm4svzwjywgs7xzg3sahtwkwmj458y','MWM2NDY3OTI1YTFlYmE4Zjg4YzE0Y2YwODUyNTNjYTIyZjBkMDE3Yjp7fQ==','2015-12-26 09:51:19'),('8dvc7gq0geyu7ujp8vo5tv27r4lhshpx','MWM2NDY3OTI1YTFlYmE4Zjg4YzE0Y2YwODUyNTNjYTIyZjBkMDE3Yjp7fQ==','2015-12-26 09:40:08'),('8eyeodcx1u2h9mri9246w5qyw9u2d1t5','MWM2NDY3OTI1YTFlYmE4Zjg4YzE0Y2YwODUyNTNjYTIyZjBkMDE3Yjp7fQ==','2015-12-24 11:34:45'),('8h92cvwvw2aav02xwfzegs5bgfcpblqz','MWM2NDY3OTI1YTFlYmE4Zjg4YzE0Y2YwODUyNTNjYTIyZjBkMDE3Yjp7fQ==','2015-11-20 05:27:34'),('8n2e6l4k8wiwu147516l91t3o06itwr5','MWM2NDY3OTI1YTFlYmE4Zjg4YzE0Y2YwODUyNTNjYTIyZjBkMDE3Yjp7fQ==','2015-11-03 09:02:17'),('8nbhgzpfdi1bglq0cimecyhswxxy5wbx','MWM2NDY3OTI1YTFlYmE4Zjg4YzE0Y2YwODUyNTNjYTIyZjBkMDE3Yjp7fQ==','2015-12-26 11:30:32'),('8ndhna4a841ho5x9q3cxz8o8mzvn63is','ZmM5MDk1MDU5MjY1MDI2MjhhMjJhYTZiNWQzMjY4MmMwMmVlZThlYzp7Il9hdXRoX3VzZXJfYmFja2VuZCI6ImRqYW5nby5jb250cmliLmF1dGguYmFja2VuZHMuTW9kZWxCYWNrZW5kIiwiX2F1dGhfdXNlcl9pZCI6Mjd9','2015-11-20 05:27:39'),('8np670hbnnfb3x43ep3u25o5e4dfjd3x','MWM2NDY3OTI1YTFlYmE4Zjg4YzE0Y2YwODUyNTNjYTIyZjBkMDE3Yjp7fQ==','2015-12-26 08:29:54'),('8qnt27ujtovs1wir299fjaez0r37lfj6','MWM2NDY3OTI1YTFlYmE4Zjg4YzE0Y2YwODUyNTNjYTIyZjBkMDE3Yjp7fQ==','2015-12-26 10:00:36'),('8sdseeshdoy86v9rnknjb0g9t5ise3rp','MWM2NDY3OTI1YTFlYmE4Zjg4YzE0Y2YwODUyNTNjYTIyZjBkMDE3Yjp7fQ==','2015-12-26 09:46:51'),('8teou9fqp4hlrdbuy646l3ehay48vhvr','MWM2NDY3OTI1YTFlYmE4Zjg4YzE0Y2YwODUyNTNjYTIyZjBkMDE3Yjp7fQ==','2015-12-26 09:50:54'),('8v4x87gvhtbq4fr0h0tj64n0c6x8ik2r','MWM2NDY3OTI1YTFlYmE4Zjg4YzE0Y2YwODUyNTNjYTIyZjBkMDE3Yjp7fQ==','2015-12-25 05:40:57'),('8vihdqaa40e6dp6x8tu83i7yxp6lqh7o','MWM2NDY3OTI1YTFlYmE4Zjg4YzE0Y2YwODUyNTNjYTIyZjBkMDE3Yjp7fQ==','2015-12-26 08:21:55'),('8vmeqiiqv46rkdwrytxmhtz1u9sf8f4j','MWM2NDY3OTI1YTFlYmE4Zjg4YzE0Y2YwODUyNTNjYTIyZjBkMDE3Yjp7fQ==','2015-12-25 05:41:10'),('8xqgu2k21d0mdl948gz5gv8kdm0x2bnw','MWM2NDY3OTI1YTFlYmE4Zjg4YzE0Y2YwODUyNTNjYTIyZjBkMDE3Yjp7fQ==','2015-12-26 09:39:07'),('8y72xgmrud87dhdi9mwvjjhj61490roe','MWM2NDY3OTI1YTFlYmE4Zjg4YzE0Y2YwODUyNTNjYTIyZjBkMDE3Yjp7fQ==','2015-12-26 09:39:05'),('8yd1ubsob4vhv70ral875nm6y6gf5gri','MWM2NDY3OTI1YTFlYmE4Zjg4YzE0Y2YwODUyNTNjYTIyZjBkMDE3Yjp7fQ==','2015-12-26 09:50:51'),('8ztu74i3tgaz341onjkoggarw3rdibyf','MWM2NDY3OTI1YTFlYmE4Zjg4YzE0Y2YwODUyNTNjYTIyZjBkMDE3Yjp7fQ==','2015-12-25 05:41:14'),('908txffgjlmuz46o8yaoe6b2e1a80q26','MWM2NDY3OTI1YTFlYmE4Zjg4YzE0Y2YwODUyNTNjYTIyZjBkMDE3Yjp7fQ==','2015-12-26 09:52:47'),('91q3iw3ltvxp77r7s840tg7lgy2kl8c6','MWM2NDY3OTI1YTFlYmE4Zjg4YzE0Y2YwODUyNTNjYTIyZjBkMDE3Yjp7fQ==','2015-12-26 10:00:32'),('98i9d5u8qljf455ty1vvlo5wz8j2omrm','MWM2NDY3OTI1YTFlYmE4Zjg4YzE0Y2YwODUyNTNjYTIyZjBkMDE3Yjp7fQ==','2015-12-24 12:00:28'),('98ko7bhn0xc1cnx55a8ubdfb3aq6d5f8','MWM2NDY3OTI1YTFlYmE4Zjg4YzE0Y2YwODUyNTNjYTIyZjBkMDE3Yjp7fQ==','2015-12-26 09:43:00'),('98pcn3jxzcbz0zjpl2osm60968qeg4l2','MWM2NDY3OTI1YTFlYmE4Zjg4YzE0Y2YwODUyNTNjYTIyZjBkMDE3Yjp7fQ==','2015-12-26 08:25:06'),('9bm5vb5w10rct6nxlg5wp3gwluit3mdj','MWM2NDY3OTI1YTFlYmE4Zjg4YzE0Y2YwODUyNTNjYTIyZjBkMDE3Yjp7fQ==','2015-12-01 06:48:25'),('9c5e5w32wqpa1017jluswr91owk6szoj','MWM2NDY3OTI1YTFlYmE4Zjg4YzE0Y2YwODUyNTNjYTIyZjBkMDE3Yjp7fQ==','2015-12-26 10:00:54'),('9c94pdgrqregkkvhidiu41b7rj1zfbcq','MWM2NDY3OTI1YTFlYmE4Zjg4YzE0Y2YwODUyNTNjYTIyZjBkMDE3Yjp7fQ==','2015-12-25 05:37:43'),('9cb2y1i3y2s6gn3dgo1i430d25uv2hao','MWM2NDY3OTI1YTFlYmE4Zjg4YzE0Y2YwODUyNTNjYTIyZjBkMDE3Yjp7fQ==','2015-12-26 10:00:35'),('9f8fwx2krv6zqpj2zjeb868ct3bazp4g','MWM2NDY3OTI1YTFlYmE4Zjg4YzE0Y2YwODUyNTNjYTIyZjBkMDE3Yjp7fQ==','2015-12-26 09:40:28'),('9gxnwqsqk7wuqeomdbedwubwpschjsww','MWM2NDY3OTI1YTFlYmE4Zjg4YzE0Y2YwODUyNTNjYTIyZjBkMDE3Yjp7fQ==','2015-12-26 09:46:51'),('9hclag3jxuyo52c8akwwht0abzxqxy8z','MWM2NDY3OTI1YTFlYmE4Zjg4YzE0Y2YwODUyNTNjYTIyZjBkMDE3Yjp7fQ==','2015-12-25 05:40:57'),('9it8ekl9tvohsye86vr9m9mpfy9v8698','MWM2NDY3OTI1YTFlYmE4Zjg4YzE0Y2YwODUyNTNjYTIyZjBkMDE3Yjp7fQ==','2015-12-26 08:19:55'),('9izeh5ok1d2h12fx87phyq9ku0jmo4vo','MWM2NDY3OTI1YTFlYmE4Zjg4YzE0Y2YwODUyNTNjYTIyZjBkMDE3Yjp7fQ==','2015-12-24 11:59:42'),('9jprekcdr3maory2ksjc8u9w24n5ya5k','MWM2NDY3OTI1YTFlYmE4Zjg4YzE0Y2YwODUyNTNjYTIyZjBkMDE3Yjp7fQ==','2015-12-25 05:40:57'),('9jqfmee2rhe46x7j7tuzvt0lq44tb2jq','MWM2NDY3OTI1YTFlYmE4Zjg4YzE0Y2YwODUyNTNjYTIyZjBkMDE3Yjp7fQ==','2015-12-26 09:35:52'),('9jza1pylx6q1n6vfzwcyssmyr41ohii9','MWM2NDY3OTI1YTFlYmE4Zjg4YzE0Y2YwODUyNTNjYTIyZjBkMDE3Yjp7fQ==','2015-12-25 05:41:17'),('9k53odvube605hh4t2ei4z0jojy2hh49','MWM2NDY3OTI1YTFlYmE4Zjg4YzE0Y2YwODUyNTNjYTIyZjBkMDE3Yjp7fQ==','2015-11-30 12:24:20'),('9ki9agw5i9qwgiho2jax45kuiqezxl1z','MWM2NDY3OTI1YTFlYmE4Zjg4YzE0Y2YwODUyNTNjYTIyZjBkMDE3Yjp7fQ==','2015-12-26 10:00:37'),('9mydo2e4063qr3z7xxwcqia2er8pz91r','MWM2NDY3OTI1YTFlYmE4Zjg4YzE0Y2YwODUyNTNjYTIyZjBkMDE3Yjp7fQ==','2015-12-29 05:14:50'),('9n3fpwsizziq842rz2tqgbodxk614vg8','MWM2NDY3OTI1YTFlYmE4Zjg4YzE0Y2YwODUyNTNjYTIyZjBkMDE3Yjp7fQ==','2015-12-26 09:54:14'),('9n8u1xwe2sa8fkkjthheik9zkpiv6hgj','MWM2NDY3OTI1YTFlYmE4Zjg4YzE0Y2YwODUyNTNjYTIyZjBkMDE3Yjp7fQ==','2015-12-25 05:37:48'),('9ngczbvcwdc4s2t1lm1ehjaqo3d83nr9','MWM2NDY3OTI1YTFlYmE4Zjg4YzE0Y2YwODUyNTNjYTIyZjBkMDE3Yjp7fQ==','2015-12-02 10:29:49'),('9nmwlxppq3sesg2y5evwb2tl90vmx92j','MWM2NDY3OTI1YTFlYmE4Zjg4YzE0Y2YwODUyNTNjYTIyZjBkMDE3Yjp7fQ==','2015-12-26 11:29:18'),('9p39t1pkhrllp8rz2orrzfi0nl2aw85n','MWM2NDY3OTI1YTFlYmE4Zjg4YzE0Y2YwODUyNTNjYTIyZjBkMDE3Yjp7fQ==','2015-12-02 10:29:46'),('9pzl0bso70br8e7sjbvwfh55wn2jl6ts','MWM2NDY3OTI1YTFlYmE4Zjg4YzE0Y2YwODUyNTNjYTIyZjBkMDE3Yjp7fQ==','2015-12-25 05:41:12'),('9rrj37kgfabnfjhiwy72ckhv71iz8pwz','MWM2NDY3OTI1YTFlYmE4Zjg4YzE0Y2YwODUyNTNjYTIyZjBkMDE3Yjp7fQ==','2015-12-02 07:29:37'),('9tnvtirx2uxcvyj0z06e7nju42p3bzl6','MWM2NDY3OTI1YTFlYmE4Zjg4YzE0Y2YwODUyNTNjYTIyZjBkMDE3Yjp7fQ==','2015-12-26 09:50:53'),('9xpo57symk2fyyix5hupef6l19u1b9r3','MWM2NDY3OTI1YTFlYmE4Zjg4YzE0Y2YwODUyNTNjYTIyZjBkMDE3Yjp7fQ==','2015-12-26 09:44:50'),('9y14nztqn3voz3pz2773cgm5pfx7c7d3','MWM2NDY3OTI1YTFlYmE4Zjg4YzE0Y2YwODUyNTNjYTIyZjBkMDE3Yjp7fQ==','2015-11-20 05:37:46'),('9yvdyooyedjevp5xj3jddufskwybpea2','MWM2NDY3OTI1YTFlYmE4Zjg4YzE0Y2YwODUyNTNjYTIyZjBkMDE3Yjp7fQ==','2015-11-20 05:27:55'),('9zs65ciu1i3n1rh3ev6aix7rv3uf6w7j','MWM2NDY3OTI1YTFlYmE4Zjg4YzE0Y2YwODUyNTNjYTIyZjBkMDE3Yjp7fQ==','2015-12-26 09:40:07'),('9zxzyoybddz1kwrfl3bl0ieopxartqdw','MWM2NDY3OTI1YTFlYmE4Zjg4YzE0Y2YwODUyNTNjYTIyZjBkMDE3Yjp7fQ==','2015-12-26 09:54:16'),('a0rw9r6lt3kcevvm9respdutdta5zil9','ZmM5MDk1MDU5MjY1MDI2MjhhMjJhYTZiNWQzMjY4MmMwMmVlZThlYzp7Il9hdXRoX3VzZXJfYmFja2VuZCI6ImRqYW5nby5jb250cmliLmF1dGguYmFja2VuZHMuTW9kZWxCYWNrZW5kIiwiX2F1dGhfdXNlcl9pZCI6Mjd9','2015-11-20 05:37:36'),('a0u943f70foxsj1ll6s4bod2mazhfnvl','MWM2NDY3OTI1YTFlYmE4Zjg4YzE0Y2YwODUyNTNjYTIyZjBkMDE3Yjp7fQ==','2015-12-01 14:33:45'),('a1jl6h8snbg8r421ocfjcy484993ianv','MWM2NDY3OTI1YTFlYmE4Zjg4YzE0Y2YwODUyNTNjYTIyZjBkMDE3Yjp7fQ==','2015-11-30 12:24:17'),('a5pffvwmnrfc9ysg3i7fr4ht2cd8evwg','MWM2NDY3OTI1YTFlYmE4Zjg4YzE0Y2YwODUyNTNjYTIyZjBkMDE3Yjp7fQ==','2015-10-25 14:19:39'),('a6yzqxksa97bul3ue8noppuky1rnbf4q','MWM2NDY3OTI1YTFlYmE4Zjg4YzE0Y2YwODUyNTNjYTIyZjBkMDE3Yjp7fQ==','2015-12-26 09:39:07'),('a7pb3ybgnrxchrvx24p9i3ve9m0fp1l4','MWM2NDY3OTI1YTFlYmE4Zjg4YzE0Y2YwODUyNTNjYTIyZjBkMDE3Yjp7fQ==','2015-12-26 09:42:59'),('a8rbd34tbicn04cnhvnza4jv4dh975gb','MWM2NDY3OTI1YTFlYmE4Zjg4YzE0Y2YwODUyNTNjYTIyZjBkMDE3Yjp7fQ==','2015-12-26 09:42:57'),('ab0tcfgay71vdccnofo5b2aylp55w1mf','MWM2NDY3OTI1YTFlYmE4Zjg4YzE0Y2YwODUyNTNjYTIyZjBkMDE3Yjp7fQ==','2015-12-24 12:05:52'),('aco2swdtkbvz26uy9denosvckt3km26i','MWM2NDY3OTI1YTFlYmE4Zjg4YzE0Y2YwODUyNTNjYTIyZjBkMDE3Yjp7fQ==','2015-10-28 12:01:36'),('adzos8fh683at3duhrsyn7silm8x1l89','MWM2NDY3OTI1YTFlYmE4Zjg4YzE0Y2YwODUyNTNjYTIyZjBkMDE3Yjp7fQ==','2015-12-26 09:51:17'),('afbfotc8ewjuapw9zk9int1c0lmb5v39','MWM2NDY3OTI1YTFlYmE4Zjg4YzE0Y2YwODUyNTNjYTIyZjBkMDE3Yjp7fQ==','2015-12-26 09:42:57'),('ahgjd7rg4e1ohbd8nvlil5rsxjfmt0ex','MWM2NDY3OTI1YTFlYmE4Zjg4YzE0Y2YwODUyNTNjYTIyZjBkMDE3Yjp7fQ==','2015-12-02 08:47:27'),('ai00klb17j14fxmwi1tgqtc30k8k89hc','MWM2NDY3OTI1YTFlYmE4Zjg4YzE0Y2YwODUyNTNjYTIyZjBkMDE3Yjp7fQ==','2015-12-26 09:44:51'),('aj9sf42wwmomaut6mt9r65sus3dozrpx','MWM2NDY3OTI1YTFlYmE4Zjg4YzE0Y2YwODUyNTNjYTIyZjBkMDE3Yjp7fQ==','2015-12-25 05:39:45'),('ajo8l9nsh9y0v3yksluz3oxq979p9d32','MWM2NDY3OTI1YTFlYmE4Zjg4YzE0Y2YwODUyNTNjYTIyZjBkMDE3Yjp7fQ==','2015-12-26 09:54:14'),('akk0kgqgabcjl4yrz6qke8ud04afffqd','MWM2NDY3OTI1YTFlYmE4Zjg4YzE0Y2YwODUyNTNjYTIyZjBkMDE3Yjp7fQ==','2015-12-26 12:59:27'),('al5g4cwvkvo3b00xntmn1fwp3xuqwswu','MWM2NDY3OTI1YTFlYmE4Zjg4YzE0Y2YwODUyNTNjYTIyZjBkMDE3Yjp7fQ==','2015-11-26 13:08:08'),('am2o17eo4oton9bl3hh51plonm4y6he2','MWM2NDY3OTI1YTFlYmE4Zjg4YzE0Y2YwODUyNTNjYTIyZjBkMDE3Yjp7fQ==','2015-12-26 09:46:42'),('anwrza6plht2h7cz7psk4dsn2c86t9cl','MWM2NDY3OTI1YTFlYmE4Zjg4YzE0Y2YwODUyNTNjYTIyZjBkMDE3Yjp7fQ==','2015-12-25 05:41:03'),('aoacpt724v9uxkx3w1pip4ikai1pkhvw','MWM2NDY3OTI1YTFlYmE4Zjg4YzE0Y2YwODUyNTNjYTIyZjBkMDE3Yjp7fQ==','2015-12-26 09:49:47'),('aosrqdskeppjubpsicwa8lkhnz42lcfc','MWM2NDY3OTI1YTFlYmE4Zjg4YzE0Y2YwODUyNTNjYTIyZjBkMDE3Yjp7fQ==','2015-12-25 05:40:56'),('arxvwcycrp96u9gcyyry4v4hschm96ch','MWM2NDY3OTI1YTFlYmE4Zjg4YzE0Y2YwODUyNTNjYTIyZjBkMDE3Yjp7fQ==','2015-12-26 08:25:11'),('as5n6f6wr58lmniqunkkjsf9g101a4p3','MWM2NDY3OTI1YTFlYmE4Zjg4YzE0Y2YwODUyNTNjYTIyZjBkMDE3Yjp7fQ==','2015-11-20 05:38:09'),('as9ywvekgtt9ah654343h0opwgjqdan0','MWM2NDY3OTI1YTFlYmE4Zjg4YzE0Y2YwODUyNTNjYTIyZjBkMDE3Yjp7fQ==','2015-12-26 10:00:56'),('au5601idvkcor25jm6kvrp7kot9bj7fs','MWM2NDY3OTI1YTFlYmE4Zjg4YzE0Y2YwODUyNTNjYTIyZjBkMDE3Yjp7fQ==','2015-12-26 10:00:35'),('aw8foh5upy1h6pg4w4ewlxbvyhmrwaxk','MWM2NDY3OTI1YTFlYmE4Zjg4YzE0Y2YwODUyNTNjYTIyZjBkMDE3Yjp7fQ==','2015-12-26 10:00:29'),('ax6a6eg599wjni7ynpwy7de6qgih7wvn','MWM2NDY3OTI1YTFlYmE4Zjg4YzE0Y2YwODUyNTNjYTIyZjBkMDE3Yjp7fQ==','2015-12-26 10:00:30'),('axmcco6zp3o4gs39glqvwg0735xc56y7','MWM2NDY3OTI1YTFlYmE4Zjg4YzE0Y2YwODUyNTNjYTIyZjBkMDE3Yjp7fQ==','2015-11-21 00:25:54'),('ayn65ivhb7z877mktrdcht7bh6mumqup','MWM2NDY3OTI1YTFlYmE4Zjg4YzE0Y2YwODUyNTNjYTIyZjBkMDE3Yjp7fQ==','2015-12-26 09:46:40'),('azmq9en6lf0ris99p3uunpisvp5v36lh','MWM2NDY3OTI1YTFlYmE4Zjg4YzE0Y2YwODUyNTNjYTIyZjBkMDE3Yjp7fQ==','2015-10-25 05:45:50'),('b00ryyk6ac6bhb7cgcw56umrf2kvipof','MWM2NDY3OTI1YTFlYmE4Zjg4YzE0Y2YwODUyNTNjYTIyZjBkMDE3Yjp7fQ==','2015-12-25 05:39:45'),('b1xxqjka88a570uq4xjj9tv1hvau6u66','MWM2NDY3OTI1YTFlYmE4Zjg4YzE0Y2YwODUyNTNjYTIyZjBkMDE3Yjp7fQ==','2015-12-26 08:25:11'),('b2c6ishlnnfv7h5wt5gs17q7s2gzdxmd','MWM2NDY3OTI1YTFlYmE4Zjg4YzE0Y2YwODUyNTNjYTIyZjBkMDE3Yjp7fQ==','2015-12-21 13:54:55'),('b2tkuu1zyupvvpjk6qloej8jzo8cfc36','MWM2NDY3OTI1YTFlYmE4Zjg4YzE0Y2YwODUyNTNjYTIyZjBkMDE3Yjp7fQ==','2015-12-25 05:37:43'),('b2xjr3y91a3fjrwd82p5fwj17j4543if','MWM2NDY3OTI1YTFlYmE4Zjg4YzE0Y2YwODUyNTNjYTIyZjBkMDE3Yjp7fQ==','2015-12-26 11:29:21'),('b3so35mhpadqbuv77q71xgfvls8qqw1c','MWM2NDY3OTI1YTFlYmE4Zjg4YzE0Y2YwODUyNTNjYTIyZjBkMDE3Yjp7fQ==','2015-11-20 03:08:21'),('b67s7fjilb9fsgohi2w4tlm2ongbfwbq','MWM2NDY3OTI1YTFlYmE4Zjg4YzE0Y2YwODUyNTNjYTIyZjBkMDE3Yjp7fQ==','2015-12-26 08:26:48'),('b8diswhdig4yv8rbewkj3j2nszvcpurr','MWM2NDY3OTI1YTFlYmE4Zjg4YzE0Y2YwODUyNTNjYTIyZjBkMDE3Yjp7fQ==','2015-12-26 11:30:35'),('b91oa25k3v5df0pge6zvtgl4dor101zz','MWM2NDY3OTI1YTFlYmE4Zjg4YzE0Y2YwODUyNTNjYTIyZjBkMDE3Yjp7fQ==','2015-12-26 08:29:52'),('bcdauyfi88irxzffj35m9mtxh8e2ufwm','ZmM5MDk1MDU5MjY1MDI2MjhhMjJhYTZiNWQzMjY4MmMwMmVlZThlYzp7Il9hdXRoX3VzZXJfYmFja2VuZCI6ImRqYW5nby5jb250cmliLmF1dGguYmFja2VuZHMuTW9kZWxCYWNrZW5kIiwiX2F1dGhfdXNlcl9pZCI6Mjd9','2015-11-20 05:37:36'),('bd73ai2wjx0zwnyp83dqjwl76278bvdi','MWM2NDY3OTI1YTFlYmE4Zjg4YzE0Y2YwODUyNTNjYTIyZjBkMDE3Yjp7fQ==','2015-11-30 10:57:52'),('be4jxqqekxv0d64g5fc0b7lszuktqv2n','MWM2NDY3OTI1YTFlYmE4Zjg4YzE0Y2YwODUyNTNjYTIyZjBkMDE3Yjp7fQ==','2015-12-02 10:29:43'),('beyxl5q4gv88h3qq56eo9g48n5t5hi7w','MWM2NDY3OTI1YTFlYmE4Zjg4YzE0Y2YwODUyNTNjYTIyZjBkMDE3Yjp7fQ==','2015-11-20 05:27:51'),('bg4n7xz6ec9r0m5a5hf4v1olmwvuisej','MWM2NDY3OTI1YTFlYmE4Zjg4YzE0Y2YwODUyNTNjYTIyZjBkMDE3Yjp7fQ==','2015-12-26 06:58:48'),('bgkfpat2pwgety3mxaj7fhenx029yv1p','MWM2NDY3OTI1YTFlYmE4Zjg4YzE0Y2YwODUyNTNjYTIyZjBkMDE3Yjp7fQ==','2015-12-26 09:46:39'),('bh3h7d9u1kcicvc93i46lgp16yzzvhut','MWM2NDY3OTI1YTFlYmE4Zjg4YzE0Y2YwODUyNTNjYTIyZjBkMDE3Yjp7fQ==','2015-12-26 09:50:52'),('bhg8ndm3l74ecyrtcu0f50g71rx452p2','MWM2NDY3OTI1YTFlYmE4Zjg4YzE0Y2YwODUyNTNjYTIyZjBkMDE3Yjp7fQ==','2015-12-26 09:51:16'),('bhpco9jjcq5j7zpaijjwvvd90ilixglq','MWM2NDY3OTI1YTFlYmE4Zjg4YzE0Y2YwODUyNTNjYTIyZjBkMDE3Yjp7fQ==','2015-12-26 11:30:33'),('bippzltiv4ld3r7d2vgzav77fk97kvaf','MWM2NDY3OTI1YTFlYmE4Zjg4YzE0Y2YwODUyNTNjYTIyZjBkMDE3Yjp7fQ==','2015-12-26 08:29:55'),('bisr0bx9er83uf7teyf0835une10pffj','MWM2NDY3OTI1YTFlYmE4Zjg4YzE0Y2YwODUyNTNjYTIyZjBkMDE3Yjp7fQ==','2015-12-26 11:29:23'),('bjvk98vnvgm8p0ajo2tbi72kpk6zrhpo','MWM2NDY3OTI1YTFlYmE4Zjg4YzE0Y2YwODUyNTNjYTIyZjBkMDE3Yjp7fQ==','2015-12-26 07:00:04'),('bkp1r2i02hwi6s33mrz490vt0rzn1dkv','MWM2NDY3OTI1YTFlYmE4Zjg4YzE0Y2YwODUyNTNjYTIyZjBkMDE3Yjp7fQ==','2015-12-26 08:19:27'),('blvgbn3be27777iu27daaq35x8333znk','MWM2NDY3OTI1YTFlYmE4Zjg4YzE0Y2YwODUyNTNjYTIyZjBkMDE3Yjp7fQ==','2015-12-26 07:00:06'),('bml0qa6hp0z8t3aikcooqh6rxhw1p2xh','MWM2NDY3OTI1YTFlYmE4Zjg4YzE0Y2YwODUyNTNjYTIyZjBkMDE3Yjp7fQ==','2015-12-26 09:50:54'),('bmozg595l87atp4emo56sfcszmlj86k1','MWM2NDY3OTI1YTFlYmE4Zjg4YzE0Y2YwODUyNTNjYTIyZjBkMDE3Yjp7fQ==','2015-12-26 10:01:54'),('bs7wxguzdl4mg6t51eso0dp0iwxawqvx','MWM2NDY3OTI1YTFlYmE4Zjg4YzE0Y2YwODUyNTNjYTIyZjBkMDE3Yjp7fQ==','2015-12-26 09:39:02'),('bt7zj8gj1vskt87yucuahbb4rc0lr7ne','MWM2NDY3OTI1YTFlYmE4Zjg4YzE0Y2YwODUyNTNjYTIyZjBkMDE3Yjp7fQ==','2015-12-25 05:41:08'),('bvll6qmbudv67nkxd0oltygamirfj1h2','MWM2NDY3OTI1YTFlYmE4Zjg4YzE0Y2YwODUyNTNjYTIyZjBkMDE3Yjp7fQ==','2015-12-26 09:52:47'),('bwcyn68es6uhd1c34k5xnrxyjaeciawo','MWM2NDY3OTI1YTFlYmE4Zjg4YzE0Y2YwODUyNTNjYTIyZjBkMDE3Yjp7fQ==','2015-12-26 07:00:46'),('bxuouwf8fb6uro8ay9ivebvndxglwz5m','MWM2NDY3OTI1YTFlYmE4Zjg4YzE0Y2YwODUyNTNjYTIyZjBkMDE3Yjp7fQ==','2015-12-26 11:30:33'),('bymwae73lm1c6d10dnol921lvw145g52','MWM2NDY3OTI1YTFlYmE4Zjg4YzE0Y2YwODUyNTNjYTIyZjBkMDE3Yjp7fQ==','2015-12-26 09:39:09'),('byn0et4oyalv06mxd1mibt7k6qjao7ce','MWM2NDY3OTI1YTFlYmE4Zjg4YzE0Y2YwODUyNTNjYTIyZjBkMDE3Yjp7fQ==','2015-12-26 09:49:49'),('c0eb6dunuoz9sna3gzbh2fguqfqhg7o4','MWM2NDY3OTI1YTFlYmE4Zjg4YzE0Y2YwODUyNTNjYTIyZjBkMDE3Yjp7fQ==','2015-12-26 11:56:04'),('c0k7nb9mvahzti8lm4n2rvxwaf73v0jt','MWM2NDY3OTI1YTFlYmE4Zjg4YzE0Y2YwODUyNTNjYTIyZjBkMDE3Yjp7fQ==','2015-12-26 08:29:54'),('c6fn8jhbt69t1nv1wyss8eo4hfn2sxnw','MWM2NDY3OTI1YTFlYmE4Zjg4YzE0Y2YwODUyNTNjYTIyZjBkMDE3Yjp7fQ==','2015-12-01 06:49:04'),('c6ividejdzdxdlnvu9iuwaz8bf1g9qft','MWM2NDY3OTI1YTFlYmE4Zjg4YzE0Y2YwODUyNTNjYTIyZjBkMDE3Yjp7fQ==','2015-12-26 07:00:11'),('cbw37hlppj55gsyirw7iwtpxkn028lug','MWM2NDY3OTI1YTFlYmE4Zjg4YzE0Y2YwODUyNTNjYTIyZjBkMDE3Yjp7fQ==','2015-12-26 08:25:11'),('cefkjzwv1qy57c6yanqvfqombs76b3aj','MWM2NDY3OTI1YTFlYmE4Zjg4YzE0Y2YwODUyNTNjYTIyZjBkMDE3Yjp7fQ==','2015-12-26 10:00:50'),('cez1oj2zewzyyttu7km86axpf398wj7m','MWM2NDY3OTI1YTFlYmE4Zjg4YzE0Y2YwODUyNTNjYTIyZjBkMDE3Yjp7fQ==','2015-11-20 05:27:39'),('cfm3c65yo3wy2kf2qazsfiy0fqaioa6x','MWM2NDY3OTI1YTFlYmE4Zjg4YzE0Y2YwODUyNTNjYTIyZjBkMDE3Yjp7fQ==','2015-12-29 05:14:47'),('cgelwzshoxxfk3x6dqjrdpmg6wefhwt1','MWM2NDY3OTI1YTFlYmE4Zjg4YzE0Y2YwODUyNTNjYTIyZjBkMDE3Yjp7fQ==','2015-12-02 07:35:23'),('cgnb4dg2se6rtletem2pdx6ylxp20h72','MWM2NDY3OTI1YTFlYmE4Zjg4YzE0Y2YwODUyNTNjYTIyZjBkMDE3Yjp7fQ==','2015-12-26 09:44:47'),('ch9ga71h73itjfo1dvda0y78v55ysy5n','MWM2NDY3OTI1YTFlYmE4Zjg4YzE0Y2YwODUyNTNjYTIyZjBkMDE3Yjp7fQ==','2015-12-01 06:48:18'),('ciu2as7fmer9yul97644vfabd67vtwd9','MWM2NDY3OTI1YTFlYmE4Zjg4YzE0Y2YwODUyNTNjYTIyZjBkMDE3Yjp7fQ==','2015-12-26 10:00:33'),('cjgdgb5rgrtiavb6vybwfv9vdp710hv9','MWM2NDY3OTI1YTFlYmE4Zjg4YzE0Y2YwODUyNTNjYTIyZjBkMDE3Yjp7fQ==','2015-12-24 11:40:05'),('cjv5fuhxajjw2jaeaxztx2wa76fwhl9b','MWM2NDY3OTI1YTFlYmE4Zjg4YzE0Y2YwODUyNTNjYTIyZjBkMDE3Yjp7fQ==','2015-12-26 09:40:07'),('cjygtqx0gkxhpcxdnofkhqgg4l878m12','MWM2NDY3OTI1YTFlYmE4Zjg4YzE0Y2YwODUyNTNjYTIyZjBkMDE3Yjp7fQ==','2015-11-30 10:55:06'),('ckgsxfd53rzkwx2hujlnria80x0l8vkq','MWM2NDY3OTI1YTFlYmE4Zjg4YzE0Y2YwODUyNTNjYTIyZjBkMDE3Yjp7fQ==','2015-12-26 08:30:07'),('cki8y08y1vnsvao7yrq0evkpr2o9lkp2','MWM2NDY3OTI1YTFlYmE4Zjg4YzE0Y2YwODUyNTNjYTIyZjBkMDE3Yjp7fQ==','2015-12-29 05:16:21'),('cm6np7r9mt74antn2e172p7zjsh94p8l','MWM2NDY3OTI1YTFlYmE4Zjg4YzE0Y2YwODUyNTNjYTIyZjBkMDE3Yjp7fQ==','2015-12-26 09:35:49'),('cnhr1rpst4e3e4ifjufjoz7qr6tkk5ln','MWM2NDY3OTI1YTFlYmE4Zjg4YzE0Y2YwODUyNTNjYTIyZjBkMDE3Yjp7fQ==','2015-12-26 09:46:35'),('cnx2syu1dgc17kug5y3a3hbwcv55acjv','MWM2NDY3OTI1YTFlYmE4Zjg4YzE0Y2YwODUyNTNjYTIyZjBkMDE3Yjp7fQ==','2015-10-31 20:50:06'),('cop4l2ahuxm6vclixk6gs0pishfgalba','MWM2NDY3OTI1YTFlYmE4Zjg4YzE0Y2YwODUyNTNjYTIyZjBkMDE3Yjp7fQ==','2015-12-26 09:50:55'),('cps87so1bonbbua2mh70x11toxnznytt','MWM2NDY3OTI1YTFlYmE4Zjg4YzE0Y2YwODUyNTNjYTIyZjBkMDE3Yjp7fQ==','2015-12-01 14:33:55'),('cqj3tjim1rghjd5k63s6f73vkmi7m4go','MWM2NDY3OTI1YTFlYmE4Zjg4YzE0Y2YwODUyNTNjYTIyZjBkMDE3Yjp7fQ==','2015-12-26 08:19:18'),('crk77owyyoik61hz9wdh6b2z6xzf50cx','MWM2NDY3OTI1YTFlYmE4Zjg4YzE0Y2YwODUyNTNjYTIyZjBkMDE3Yjp7fQ==','2015-11-20 05:27:39'),('crz1mhmaygdmkbxavj3bsquvrjmowkjg','MWM2NDY3OTI1YTFlYmE4Zjg4YzE0Y2YwODUyNTNjYTIyZjBkMDE3Yjp7fQ==','2015-12-26 08:19:26'),('cubfs5jpuj4xi3tftps0nev0jcztwf50','MWM2NDY3OTI1YTFlYmE4Zjg4YzE0Y2YwODUyNTNjYTIyZjBkMDE3Yjp7fQ==','2015-12-26 09:49:44'),('cv0b9ajlc2i1aicd5rgxpcji7em83yqg','MWM2NDY3OTI1YTFlYmE4Zjg4YzE0Y2YwODUyNTNjYTIyZjBkMDE3Yjp7fQ==','2015-12-26 09:54:15'),('cvtjjf8g2juccbpxvcwnbmbjulm7kov7','MWM2NDY3OTI1YTFlYmE4Zjg4YzE0Y2YwODUyNTNjYTIyZjBkMDE3Yjp7fQ==','2015-11-25 12:58:51'),('cw2wgztyd5913msabbk6npvqsi2i60f5','MWM2NDY3OTI1YTFlYmE4Zjg4YzE0Y2YwODUyNTNjYTIyZjBkMDE3Yjp7fQ==','2015-12-02 10:29:43'),('cwq74nbef3fgp64p88vxi8v4wmcdppnp','MWM2NDY3OTI1YTFlYmE4Zjg4YzE0Y2YwODUyNTNjYTIyZjBkMDE3Yjp7fQ==','2015-12-29 05:16:19'),('cxitozanqvrqk6l4y7o618qfglg4i1fy','MWM2NDY3OTI1YTFlYmE4Zjg4YzE0Y2YwODUyNTNjYTIyZjBkMDE3Yjp7fQ==','2015-12-26 09:46:41'),('cxxcvce6mzd0j1er5g1reusie0du80lm','MWM2NDY3OTI1YTFlYmE4Zjg4YzE0Y2YwODUyNTNjYTIyZjBkMDE3Yjp7fQ==','2015-12-26 09:52:55'),('cy625rngr7b8mhp9dq4bqybtga009xk2','MWM2NDY3OTI1YTFlYmE4Zjg4YzE0Y2YwODUyNTNjYTIyZjBkMDE3Yjp7fQ==','2015-12-19 11:31:03'),('cyda14twrysqtvgdx37irrpdv5f6nbfu','MWM2NDY3OTI1YTFlYmE4Zjg4YzE0Y2YwODUyNTNjYTIyZjBkMDE3Yjp7fQ==','2015-12-26 07:08:32'),('czbeniohe61dlhraj2tdovsj43lkt3gi','MWM2NDY3OTI1YTFlYmE4Zjg4YzE0Y2YwODUyNTNjYTIyZjBkMDE3Yjp7fQ==','2015-12-26 06:58:47'),('d162gdgolzxam10d84ep17eq7s4thggx','MWM2NDY3OTI1YTFlYmE4Zjg4YzE0Y2YwODUyNTNjYTIyZjBkMDE3Yjp7fQ==','2015-12-26 09:50:55'),('d1jzzr69urd6616qlesrmvk8bsz79snd','MWM2NDY3OTI1YTFlYmE4Zjg4YzE0Y2YwODUyNTNjYTIyZjBkMDE3Yjp7fQ==','2015-12-26 09:39:09'),('d22etdoixyov8r2a1mfaogjzbajomqn8','MWM2NDY3OTI1YTFlYmE4Zjg4YzE0Y2YwODUyNTNjYTIyZjBkMDE3Yjp7fQ==','2015-12-26 11:29:24'),('d39ofp7ab80kedbm4oy5v6qxjv1y5uvw','MWM2NDY3OTI1YTFlYmE4Zjg4YzE0Y2YwODUyNTNjYTIyZjBkMDE3Yjp7fQ==','2015-12-26 08:21:15'),('d5ns8pdzcwwcubgkwlvbkzky7sp1llvp','MWM2NDY3OTI1YTFlYmE4Zjg4YzE0Y2YwODUyNTNjYTIyZjBkMDE3Yjp7fQ==','2015-11-20 05:27:55'),('d76vz85eaigx1vavg6lruc9pkjkifzck','MWM2NDY3OTI1YTFlYmE4Zjg4YzE0Y2YwODUyNTNjYTIyZjBkMDE3Yjp7fQ==','2015-12-26 09:39:30'),('d7s1rx4wrai0g86wjg8s60wq7wfhzezf','MWM2NDY3OTI1YTFlYmE4Zjg4YzE0Y2YwODUyNTNjYTIyZjBkMDE3Yjp7fQ==','2015-12-26 08:21:12'),('d7wrfz7jfqu5119n19sqty4hviq8h3e5','MWM2NDY3OTI1YTFlYmE4Zjg4YzE0Y2YwODUyNTNjYTIyZjBkMDE3Yjp7fQ==','2015-11-20 05:37:34'),('d8h6gdm78lz5kyr6xbkacnh9zdda31nd','MWM2NDY3OTI1YTFlYmE4Zjg4YzE0Y2YwODUyNTNjYTIyZjBkMDE3Yjp7fQ==','2015-10-28 12:43:46'),('dap25n5pfocrdqwij7f21rrhc5ki2ndy','MWM2NDY3OTI1YTFlYmE4Zjg4YzE0Y2YwODUyNTNjYTIyZjBkMDE3Yjp7fQ==','2015-12-25 05:37:45'),('daslw6aq6868p97qdhim4rkbfindy8pd','MWM2NDY3OTI1YTFlYmE4Zjg4YzE0Y2YwODUyNTNjYTIyZjBkMDE3Yjp7fQ==','2015-12-26 08:22:42'),('dcxxguvp3ec4m6s1ruw4nitub8bzi6s2','MWM2NDY3OTI1YTFlYmE4Zjg4YzE0Y2YwODUyNTNjYTIyZjBkMDE3Yjp7fQ==','2015-12-29 05:16:22'),('dd0ct35t6iqry9qdabw1vm1zqiu3zf43','MWM2NDY3OTI1YTFlYmE4Zjg4YzE0Y2YwODUyNTNjYTIyZjBkMDE3Yjp7fQ==','2015-12-26 08:25:07'),('ddbzkpf4k9bpackvxqhgaa3clhzylmu0','MWM2NDY3OTI1YTFlYmE4Zjg4YzE0Y2YwODUyNTNjYTIyZjBkMDE3Yjp7fQ==','2015-12-02 08:47:30'),('de3cp108x76mx6dmn6a48peu87b594yx','MWM2NDY3OTI1YTFlYmE4Zjg4YzE0Y2YwODUyNTNjYTIyZjBkMDE3Yjp7fQ==','2015-11-26 13:08:35'),('de5xcn43ialu1x393naedkuaiwy7avvd','MWM2NDY3OTI1YTFlYmE4Zjg4YzE0Y2YwODUyNTNjYTIyZjBkMDE3Yjp7fQ==','2015-12-26 08:22:43'),('dhepcsqqhomkv0tt63d989fqii9n1o06','MWM2NDY3OTI1YTFlYmE4Zjg4YzE0Y2YwODUyNTNjYTIyZjBkMDE3Yjp7fQ==','2015-11-01 02:08:42'),('dij1km4l6enarakxt5nyiy6bw5itp2vm','MWM2NDY3OTI1YTFlYmE4Zjg4YzE0Y2YwODUyNTNjYTIyZjBkMDE3Yjp7fQ==','2015-12-26 10:00:36'),('dildedeq1monmbreaj7q6dt23duq3vy0','MWM2NDY3OTI1YTFlYmE4Zjg4YzE0Y2YwODUyNTNjYTIyZjBkMDE3Yjp7fQ==','2015-12-26 09:44:47'),('dk8rkw5ifjqs7vp81z8kil303o4icphx','MWM2NDY3OTI1YTFlYmE4Zjg4YzE0Y2YwODUyNTNjYTIyZjBkMDE3Yjp7fQ==','2015-12-24 11:45:53'),('dlh1x2msukcapdz55r85hy43n0pnmr1q','MWM2NDY3OTI1YTFlYmE4Zjg4YzE0Y2YwODUyNTNjYTIyZjBkMDE3Yjp7fQ==','2015-12-29 05:16:23'),('dluabkw5uct438bfohanyw565uroz3fh','MWM2NDY3OTI1YTFlYmE4Zjg4YzE0Y2YwODUyNTNjYTIyZjBkMDE3Yjp7fQ==','2015-12-26 08:19:26'),('dlxsel5zz6d0vgxi02db397x7kl5ynhz','NmYzM2Y1MWVjOWVmNWQyNzI3ZGIzODViZWJjZTJiZGMxMzhiNmYxODp7Il9hdXRoX3VzZXJfYmFja2VuZCI6ImRqYW5nby5jb250cmliLmF1dGguYmFja2VuZHMuTW9kZWxCYWNrZW5kIiwiX2F1dGhfdXNlcl9pZCI6MTZ9','2015-10-25 14:30:33'),('dm1luybwhe6ft1e6srd3qgepgsiuhsvl','MWM2NDY3OTI1YTFlYmE4Zjg4YzE0Y2YwODUyNTNjYTIyZjBkMDE3Yjp7fQ==','2015-11-30 12:24:20'),('dodakjp8j1v0v2y3d0vqimu4rl7kgva4','MWM2NDY3OTI1YTFlYmE4Zjg4YzE0Y2YwODUyNTNjYTIyZjBkMDE3Yjp7fQ==','2015-12-01 06:48:39'),('ds2rhtkpnyq0lj676menxqw9oa9x4ppg','MWM2NDY3OTI1YTFlYmE4Zjg4YzE0Y2YwODUyNTNjYTIyZjBkMDE3Yjp7fQ==','2015-11-30 10:57:51'),('dw2smxr8pq45f3o4brwr7oh104z8hjpd','MWM2NDY3OTI1YTFlYmE4Zjg4YzE0Y2YwODUyNTNjYTIyZjBkMDE3Yjp7fQ==','2015-11-20 05:37:46'),('dxmsf71rbt56o59y6tsv5zqzhgd61lil','MWM2NDY3OTI1YTFlYmE4Zjg4YzE0Y2YwODUyNTNjYTIyZjBkMDE3Yjp7fQ==','2015-12-29 05:14:52'),('dzchswvapk05qjccgva52ceuktcuvehx','MWM2NDY3OTI1YTFlYmE4Zjg4YzE0Y2YwODUyNTNjYTIyZjBkMDE3Yjp7fQ==','2015-12-02 10:27:40'),('e0zo1rux1lypsf09ayr9g4e3kyp87d62','MWM2NDY3OTI1YTFlYmE4Zjg4YzE0Y2YwODUyNTNjYTIyZjBkMDE3Yjp7fQ==','2015-12-26 09:46:41'),('e3g34drmi5me1gkw54st41zbqexfht7b','MWM2NDY3OTI1YTFlYmE4Zjg4YzE0Y2YwODUyNTNjYTIyZjBkMDE3Yjp7fQ==','2015-11-26 13:07:53'),('e3jcemcp9o095djdqxegjuztz2gng79t','MWM2NDY3OTI1YTFlYmE4Zjg4YzE0Y2YwODUyNTNjYTIyZjBkMDE3Yjp7fQ==','2015-12-25 05:39:46'),('e5vgbnel8ltufiwanww36nvv65fbzsuy','MWM2NDY3OTI1YTFlYmE4Zjg4YzE0Y2YwODUyNTNjYTIyZjBkMDE3Yjp7fQ==','2015-12-25 05:37:46'),('e7u8ybotnw0zoi62dltjolg9wadsa7vw','MWM2NDY3OTI1YTFlYmE4Zjg4YzE0Y2YwODUyNTNjYTIyZjBkMDE3Yjp7fQ==','2015-12-24 11:08:56'),('e9c84u82mfxbkezstap1sg0vvuttzrfi','MWM2NDY3OTI1YTFlYmE4Zjg4YzE0Y2YwODUyNTNjYTIyZjBkMDE3Yjp7fQ==','2015-12-26 10:00:55'),('e9dyy8asup1bgs5pefbl41rb0qiis3x7','MWM2NDY3OTI1YTFlYmE4Zjg4YzE0Y2YwODUyNTNjYTIyZjBkMDE3Yjp7fQ==','2015-12-26 07:00:03'),('ebyb8erdj0wie44fuovk8kzruv3xq4mw','MWM2NDY3OTI1YTFlYmE4Zjg4YzE0Y2YwODUyNTNjYTIyZjBkMDE3Yjp7fQ==','2015-12-24 10:35:58'),('egt18fdxi5dkhnn7i5vm53f2p8wavk8h','MWM2NDY3OTI1YTFlYmE4Zjg4YzE0Y2YwODUyNTNjYTIyZjBkMDE3Yjp7fQ==','2015-12-26 08:22:41'),('ehmmevb9edbtbd8plad0x54lodpbvcyy','MWM2NDY3OTI1YTFlYmE4Zjg4YzE0Y2YwODUyNTNjYTIyZjBkMDE3Yjp7fQ==','2015-12-26 09:50:47'),('ej5zt0z1omoqi4ulaujjrv0omnz5ir4r','MWM2NDY3OTI1YTFlYmE4Zjg4YzE0Y2YwODUyNTNjYTIyZjBkMDE3Yjp7fQ==','2015-11-20 05:27:39'),('ekkceloctlw9iewkno12mly5d0e9u9x9','MWM2NDY3OTI1YTFlYmE4Zjg4YzE0Y2YwODUyNTNjYTIyZjBkMDE3Yjp7fQ==','2015-12-26 08:19:32'),('ekl5e9vvj1wptj5r7az8ux2fny07882q','MWM2NDY3OTI1YTFlYmE4Zjg4YzE0Y2YwODUyNTNjYTIyZjBkMDE3Yjp7fQ==','2015-12-26 09:46:51'),('em906e1xohc1wwndz07x4aerbwnlqvfe','MWM2NDY3OTI1YTFlYmE4Zjg4YzE0Y2YwODUyNTNjYTIyZjBkMDE3Yjp7fQ==','2015-11-20 05:27:59'),('eocgzgvc8bajsb6b74eg1ta74psw6vmv','MWM2NDY3OTI1YTFlYmE4Zjg4YzE0Y2YwODUyNTNjYTIyZjBkMDE3Yjp7fQ==','2015-11-20 03:08:29'),('eolqw568aahbxo5kt6x91v26hu8w6a4h','MWM2NDY3OTI1YTFlYmE4Zjg4YzE0Y2YwODUyNTNjYTIyZjBkMDE3Yjp7fQ==','2015-12-26 11:29:24'),('ep84yku42ohq72z59kg7sup13fahl2w4','MWM2NDY3OTI1YTFlYmE4Zjg4YzE0Y2YwODUyNTNjYTIyZjBkMDE3Yjp7fQ==','2015-11-20 05:37:46'),('epyzlu1n5rt8lcufk5thyp63qo61rhgu','MWM2NDY3OTI1YTFlYmE4Zjg4YzE0Y2YwODUyNTNjYTIyZjBkMDE3Yjp7fQ==','2015-12-26 09:39:10'),('erpogvfqy2eoqb98mtydg4buaem2vyyp','MWM2NDY3OTI1YTFlYmE4Zjg4YzE0Y2YwODUyNTNjYTIyZjBkMDE3Yjp7fQ==','2015-12-26 11:29:23'),('evbiy6auw1b8u7gleeu7lu9o4p40feox','MWM2NDY3OTI1YTFlYmE4Zjg4YzE0Y2YwODUyNTNjYTIyZjBkMDE3Yjp7fQ==','2015-12-26 09:46:38'),('ewg3kctnbfnnpcfn4nxpvsl9vibic7fn','MWM2NDY3OTI1YTFlYmE4Zjg4YzE0Y2YwODUyNTNjYTIyZjBkMDE3Yjp7fQ==','2015-12-26 09:52:55'),('exaz2p47x16lo4b2dw0r5e96l368jpib','MWM2NDY3OTI1YTFlYmE4Zjg4YzE0Y2YwODUyNTNjYTIyZjBkMDE3Yjp7fQ==','2015-11-26 13:08:13'),('exlwwnqgfrwa8e5d60la09gqwtqy7e5i','MWM2NDY3OTI1YTFlYmE4Zjg4YzE0Y2YwODUyNTNjYTIyZjBkMDE3Yjp7fQ==','2015-12-25 05:37:43'),('exm69z0c1xs1jdokh73dhv5rw71x5b2w','MWM2NDY3OTI1YTFlYmE4Zjg4YzE0Y2YwODUyNTNjYTIyZjBkMDE3Yjp7fQ==','2015-12-26 08:26:48'),('f15swubwbcxjzouejkekledkt6qirarr','MWM2NDY3OTI1YTFlYmE4Zjg4YzE0Y2YwODUyNTNjYTIyZjBkMDE3Yjp7fQ==','2015-12-26 08:25:11'),('f2ca588ozkhxbx41hx89rubo2355c974','MWM2NDY3OTI1YTFlYmE4Zjg4YzE0Y2YwODUyNTNjYTIyZjBkMDE3Yjp7fQ==','2015-12-25 05:40:55'),('f2lc6qaoukhu6aq08c394fyxq3y5mxqy','MWM2NDY3OTI1YTFlYmE4Zjg4YzE0Y2YwODUyNTNjYTIyZjBkMDE3Yjp7fQ==','2015-12-02 10:27:45'),('f5gjd0mt4fp6zc3v12o8zwekwni27g8l','ZmM5MDk1MDU5MjY1MDI2MjhhMjJhYTZiNWQzMjY4MmMwMmVlZThlYzp7Il9hdXRoX3VzZXJfYmFja2VuZCI6ImRqYW5nby5jb250cmliLmF1dGguYmFja2VuZHMuTW9kZWxCYWNrZW5kIiwiX2F1dGhfdXNlcl9pZCI6Mjd9','2015-11-20 03:09:43'),('f76vkw1bvsp8lzeob9au7my7gj5hvat9','MWM2NDY3OTI1YTFlYmE4Zjg4YzE0Y2YwODUyNTNjYTIyZjBkMDE3Yjp7fQ==','2015-12-26 10:08:32'),('f8qocdo3iw93sxd4imncajlfrtn9md38','MWM2NDY3OTI1YTFlYmE4Zjg4YzE0Y2YwODUyNTNjYTIyZjBkMDE3Yjp7fQ==','2015-10-25 14:30:32'),('f95yb5nyzltehmvy79wygte4jiazm9vq','MWM2NDY3OTI1YTFlYmE4Zjg4YzE0Y2YwODUyNTNjYTIyZjBkMDE3Yjp7fQ==','2015-12-26 06:58:54'),('f9ie5xnmfnwvuiemlg6f3y773p1e5h5d','MWM2NDY3OTI1YTFlYmE4Zjg4YzE0Y2YwODUyNTNjYTIyZjBkMDE3Yjp7fQ==','2015-12-24 11:45:52'),('feiamvvjpkhml0rnmt6tvby3m4jqemu8','MWM2NDY3OTI1YTFlYmE4Zjg4YzE0Y2YwODUyNTNjYTIyZjBkMDE3Yjp7fQ==','2015-11-25 12:59:17'),('ffbo6etcctbmuptke9prresknilelisn','MWM2NDY3OTI1YTFlYmE4Zjg4YzE0Y2YwODUyNTNjYTIyZjBkMDE3Yjp7fQ==','2015-12-26 08:26:55'),('ffomqw2ffctxltnhxwyn688gihoy227h','MWM2NDY3OTI1YTFlYmE4Zjg4YzE0Y2YwODUyNTNjYTIyZjBkMDE3Yjp7fQ==','2015-12-26 09:46:50'),('fh8noseqb72dsypg5h1396b4ky0cjcnz','MWM2NDY3OTI1YTFlYmE4Zjg4YzE0Y2YwODUyNTNjYTIyZjBkMDE3Yjp7fQ==','2015-12-26 09:52:50'),('fi1hx3o0ytzf6z7qew8ifxp01vczc90b','MWM2NDY3OTI1YTFlYmE4Zjg4YzE0Y2YwODUyNTNjYTIyZjBkMDE3Yjp7fQ==','2015-11-20 03:09:07'),('fk1kt6kml9gy6e4hhj4ykz9e7ed6e15s','MWM2NDY3OTI1YTFlYmE4Zjg4YzE0Y2YwODUyNTNjYTIyZjBkMDE3Yjp7fQ==','2015-12-25 05:40:56'),('fmcstdetqu5c1ipd2b1zjlmcmvm8mcan','MWM2NDY3OTI1YTFlYmE4Zjg4YzE0Y2YwODUyNTNjYTIyZjBkMDE3Yjp7fQ==','2015-11-20 05:28:00'),('fmlqlyab89dzt100i91j1gwk4zv8s1qh','MWM2NDY3OTI1YTFlYmE4Zjg4YzE0Y2YwODUyNTNjYTIyZjBkMDE3Yjp7fQ==','2015-12-02 10:27:43'),('fmxabg5qk547d0baysjgmhu45yy3kvo1','MWM2NDY3OTI1YTFlYmE4Zjg4YzE0Y2YwODUyNTNjYTIyZjBkMDE3Yjp7fQ==','2015-12-26 11:30:31'),('fo1tmw8zwwlr7v2q3e3s1aafyo0qso17','MWM2NDY3OTI1YTFlYmE4Zjg4YzE0Y2YwODUyNTNjYTIyZjBkMDE3Yjp7fQ==','2015-12-25 05:41:14'),('foddf3axsdo4iafslaqiscym4tckjbdp','MWM2NDY3OTI1YTFlYmE4Zjg4YzE0Y2YwODUyNTNjYTIyZjBkMDE3Yjp7fQ==','2015-12-26 09:54:18'),('fqs6sjovxoz0nenm5937p0a9ahptn24l','MWM2NDY3OTI1YTFlYmE4Zjg4YzE0Y2YwODUyNTNjYTIyZjBkMDE3Yjp7fQ==','2015-12-24 11:45:50'),('fr8j9zx4fg0kb7ausqjkgzygnq4raao1','MWM2NDY3OTI1YTFlYmE4Zjg4YzE0Y2YwODUyNTNjYTIyZjBkMDE3Yjp7fQ==','2015-12-26 09:52:50'),('fuiyper6enn263gxm2fhbnqlobfyfr85','MWM2NDY3OTI1YTFlYmE4Zjg4YzE0Y2YwODUyNTNjYTIyZjBkMDE3Yjp7fQ==','2015-11-20 03:09:07'),('fw5xzf7o4edszn75eaxn46urzpqxhjfe','MWM2NDY3OTI1YTFlYmE4Zjg4YzE0Y2YwODUyNTNjYTIyZjBkMDE3Yjp7fQ==','2015-12-25 05:39:39'),('g1xo5vpp79z2r7dw1livpogothpod4wv','MWM2NDY3OTI1YTFlYmE4Zjg4YzE0Y2YwODUyNTNjYTIyZjBkMDE3Yjp7fQ==','2015-12-26 10:00:33'),('g2ua77tmo19dayhuljyg7ljiyoo42suu','ZmM5MDk1MDU5MjY1MDI2MjhhMjJhYTZiNWQzMjY4MmMwMmVlZThlYzp7Il9hdXRoX3VzZXJfYmFja2VuZCI6ImRqYW5nby5jb250cmliLmF1dGguYmFja2VuZHMuTW9kZWxCYWNrZW5kIiwiX2F1dGhfdXNlcl9pZCI6Mjd9','2015-12-01 06:49:11'),('g4cimt0s9l0w5lac9a7y3wzha0nry6q6','MWM2NDY3OTI1YTFlYmE4Zjg4YzE0Y2YwODUyNTNjYTIyZjBkMDE3Yjp7fQ==','2015-12-26 09:39:04'),('g4gr69lcx2nji8er0ondo826xabc3co9','MWM2NDY3OTI1YTFlYmE4Zjg4YzE0Y2YwODUyNTNjYTIyZjBkMDE3Yjp7fQ==','2015-12-26 11:30:28'),('g6kpg81nbfqqda9hcwdf09oarxaix8ab','MWM2NDY3OTI1YTFlYmE4Zjg4YzE0Y2YwODUyNTNjYTIyZjBkMDE3Yjp7fQ==','2015-12-24 11:16:47'),('g7dp1vusfb2dac79mmnjgzjw1rkmecnm','MWM2NDY3OTI1YTFlYmE4Zjg4YzE0Y2YwODUyNTNjYTIyZjBkMDE3Yjp7fQ==','2015-12-25 05:41:12'),('g7tsaao0zpf1m3f9cfhht4l0luho9mwu','MWM2NDY3OTI1YTFlYmE4Zjg4YzE0Y2YwODUyNTNjYTIyZjBkMDE3Yjp7fQ==','2015-12-26 09:39:11'),('g9dzymkkxfr1g8rxtbo6z7gwgmrx461t','MWM2NDY3OTI1YTFlYmE4Zjg4YzE0Y2YwODUyNTNjYTIyZjBkMDE3Yjp7fQ==','2015-12-25 05:39:44'),('g9zz9tqzm19wxglkm81yistqeaplxd8z','MWM2NDY3OTI1YTFlYmE4Zjg4YzE0Y2YwODUyNTNjYTIyZjBkMDE3Yjp7fQ==','2015-12-26 10:02:08'),('gcjyxo475q0zaz15b422vmmj8g1ylmlu','MWM2NDY3OTI1YTFlYmE4Zjg4YzE0Y2YwODUyNTNjYTIyZjBkMDE3Yjp7fQ==','2015-12-26 09:46:37'),('gdtar73xmhv997fy6eip4mq1con13b49','ZmM5MDk1MDU5MjY1MDI2MjhhMjJhYTZiNWQzMjY4MmMwMmVlZThlYzp7Il9hdXRoX3VzZXJfYmFja2VuZCI6ImRqYW5nby5jb250cmliLmF1dGguYmFja2VuZHMuTW9kZWxCYWNrZW5kIiwiX2F1dGhfdXNlcl9pZCI6Mjd9','2015-11-20 05:37:59'),('gdvdecyyp0uo0h5z0w4glijpha60apo2','MWM2NDY3OTI1YTFlYmE4Zjg4YzE0Y2YwODUyNTNjYTIyZjBkMDE3Yjp7fQ==','2015-12-26 09:39:06'),('ge3xzg4blj2gxydhp1jv2169u1xmp3y7','MWM2NDY3OTI1YTFlYmE4Zjg4YzE0Y2YwODUyNTNjYTIyZjBkMDE3Yjp7fQ==','2015-12-26 09:46:37'),('gfdzs496y4q2mm5dxkw0thi37b3uw1ja','MWM2NDY3OTI1YTFlYmE4Zjg4YzE0Y2YwODUyNTNjYTIyZjBkMDE3Yjp7fQ==','2015-12-26 09:44:45'),('ggijma18u8pesmil1do04jyurlmape2k','MWM2NDY3OTI1YTFlYmE4Zjg4YzE0Y2YwODUyNTNjYTIyZjBkMDE3Yjp7fQ==','2015-11-26 13:08:11'),('ggiyt4l1is9qdc2qxnsrsrfv5ugq7ai2','MWM2NDY3OTI1YTFlYmE4Zjg4YzE0Y2YwODUyNTNjYTIyZjBkMDE3Yjp7fQ==','2015-12-26 09:51:23'),('ghue18kcg1ctsmdredqpr08zmwtsniov','MWM2NDY3OTI1YTFlYmE4Zjg4YzE0Y2YwODUyNTNjYTIyZjBkMDE3Yjp7fQ==','2015-12-26 11:30:30'),('gih0wh1ix1ge0wimp16yvm4adumbj679','MWM2NDY3OTI1YTFlYmE4Zjg4YzE0Y2YwODUyNTNjYTIyZjBkMDE3Yjp7fQ==','2015-11-26 13:08:07'),('gj4gslrjzv0ielqezpcn5i4n147yk13r','MWM2NDY3OTI1YTFlYmE4Zjg4YzE0Y2YwODUyNTNjYTIyZjBkMDE3Yjp7fQ==','2015-12-26 09:54:13'),('gj4oqcpk7ne97notipee47ae00svpbcw','MWM2NDY3OTI1YTFlYmE4Zjg4YzE0Y2YwODUyNTNjYTIyZjBkMDE3Yjp7fQ==','2015-12-25 05:37:43'),('gkubrgegsao3e6nbye7zjtglypatnhac','MWM2NDY3OTI1YTFlYmE4Zjg4YzE0Y2YwODUyNTNjYTIyZjBkMDE3Yjp7fQ==','2015-11-20 05:27:54'),('gkxs7jfpju18xrl1wnd1koy2ce59evk5','MWM2NDY3OTI1YTFlYmE4Zjg4YzE0Y2YwODUyNTNjYTIyZjBkMDE3Yjp7fQ==','2015-12-26 09:51:22'),('goh1avcmakjd1w2i5hc7z4tglsqq5dv7','MWM2NDY3OTI1YTFlYmE4Zjg4YzE0Y2YwODUyNTNjYTIyZjBkMDE3Yjp7fQ==','2015-12-26 09:40:29'),('gp94uw8qduzgiz7wf4zsq16vf6cm9ojy','MWM2NDY3OTI1YTFlYmE4Zjg4YzE0Y2YwODUyNTNjYTIyZjBkMDE3Yjp7fQ==','2015-12-26 07:21:50'),('gt40yjjq5s2a07x0cfnt5kuqx8u684ni','MWM2NDY3OTI1YTFlYmE4Zjg4YzE0Y2YwODUyNTNjYTIyZjBkMDE3Yjp7fQ==','2015-12-26 08:28:56'),('gux5qtx44shi232uvesj0l9qpazgibn4','MWM2NDY3OTI1YTFlYmE4Zjg4YzE0Y2YwODUyNTNjYTIyZjBkMDE3Yjp7fQ==','2015-12-24 11:37:16'),('h0ue9ktwmmahhsob7axs96ie8x75ko0b','MWM2NDY3OTI1YTFlYmE4Zjg4YzE0Y2YwODUyNTNjYTIyZjBkMDE3Yjp7fQ==','2015-12-25 05:39:39'),('h3iw0939nt5mbw9xrgnegsuu54kfz5to','MWM2NDY3OTI1YTFlYmE4Zjg4YzE0Y2YwODUyNTNjYTIyZjBkMDE3Yjp7fQ==','2015-12-25 05:37:49'),('h4295rdp21ckh3xbzgx7vfug92siksuz','MWM2NDY3OTI1YTFlYmE4Zjg4YzE0Y2YwODUyNTNjYTIyZjBkMDE3Yjp7fQ==','2015-12-26 08:21:10'),('h6izjuu0cs8qq2fv0bt6ce6vaajvsq68','MWM2NDY3OTI1YTFlYmE4Zjg4YzE0Y2YwODUyNTNjYTIyZjBkMDE3Yjp7fQ==','2015-12-26 09:42:56'),('h6xbi6g4kasiq3ta3jur138eehpofz5r','MWM2NDY3OTI1YTFlYmE4Zjg4YzE0Y2YwODUyNTNjYTIyZjBkMDE3Yjp7fQ==','2015-12-01 14:33:55'),('h73nmosdfc4cktwv6gr5bzu7ikq5rehy','MWM2NDY3OTI1YTFlYmE4Zjg4YzE0Y2YwODUyNTNjYTIyZjBkMDE3Yjp7fQ==','2015-12-26 08:21:12'),('h76uwc04d0l4qe263zdpq8k821zg7sbv','MWM2NDY3OTI1YTFlYmE4Zjg4YzE0Y2YwODUyNTNjYTIyZjBkMDE3Yjp7fQ==','2015-12-01 06:48:30'),('h7gi81bcdgsxmgi26dppnhjrpurh2vuf','MWM2NDY3OTI1YTFlYmE4Zjg4YzE0Y2YwODUyNTNjYTIyZjBkMDE3Yjp7fQ==','2015-12-25 05:39:37'),('h8fzorqsik0zj33a35e13sw32z75cm63','MWM2NDY3OTI1YTFlYmE4Zjg4YzE0Y2YwODUyNTNjYTIyZjBkMDE3Yjp7fQ==','2015-12-02 07:29:37'),('h9l8z26y6y4nhf41wjxtefwqdswtp46j','MWM2NDY3OTI1YTFlYmE4Zjg4YzE0Y2YwODUyNTNjYTIyZjBkMDE3Yjp7fQ==','2015-12-26 11:29:19'),('hcke7vzomrieuy8y6g49zrxsm9wswsov','MWM2NDY3OTI1YTFlYmE4Zjg4YzE0Y2YwODUyNTNjYTIyZjBkMDE3Yjp7fQ==','2015-12-26 08:28:59'),('hecg6ckg2ycpdjcrfwbjjvgazu54qds0','MWM2NDY3OTI1YTFlYmE4Zjg4YzE0Y2YwODUyNTNjYTIyZjBkMDE3Yjp7fQ==','2015-12-29 05:14:52'),('hex2iarb7vlsvixl7y5xlky1qzrzzy7b','MWM2NDY3OTI1YTFlYmE4Zjg4YzE0Y2YwODUyNTNjYTIyZjBkMDE3Yjp7fQ==','2015-12-26 09:46:49'),('hf2h1nz91vwuycgfdjk8j53eh4gzk0x9','MWM2NDY3OTI1YTFlYmE4Zjg4YzE0Y2YwODUyNTNjYTIyZjBkMDE3Yjp7fQ==','2015-12-26 10:00:52'),('hjeplmac12pncfiuy3hcgeotlcfw3a6g','MWM2NDY3OTI1YTFlYmE4Zjg4YzE0Y2YwODUyNTNjYTIyZjBkMDE3Yjp7fQ==','2015-11-20 03:09:43'),('hmy4emiqo6r6ofbs4uyim415s5aa0eyw','MWM2NDY3OTI1YTFlYmE4Zjg4YzE0Y2YwODUyNTNjYTIyZjBkMDE3Yjp7fQ==','2015-12-26 09:46:34'),('hn8vyjfgkhclj1jdwhqvhkzvngnr64z7','MWM2NDY3OTI1YTFlYmE4Zjg4YzE0Y2YwODUyNTNjYTIyZjBkMDE3Yjp7fQ==','2015-12-26 09:46:39'),('hoqe7xht1scjuhp8zh658juytgk68nir','MWM2NDY3OTI1YTFlYmE4Zjg4YzE0Y2YwODUyNTNjYTIyZjBkMDE3Yjp7fQ==','2015-12-26 09:49:43'),('hp9f7m6v7sdly4t6lpmcv24j25yu8500','MWM2NDY3OTI1YTFlYmE4Zjg4YzE0Y2YwODUyNTNjYTIyZjBkMDE3Yjp7fQ==','2015-12-26 09:39:06'),('hqbuv22awdpi3nygkrnykatpsfc0jysp','MWM2NDY3OTI1YTFlYmE4Zjg4YzE0Y2YwODUyNTNjYTIyZjBkMDE3Yjp7fQ==','2015-12-26 09:46:34'),('hqw92n67lu0ctc4o28es154xocpsw70e','MWM2NDY3OTI1YTFlYmE4Zjg4YzE0Y2YwODUyNTNjYTIyZjBkMDE3Yjp7fQ==','2015-12-26 10:08:32'),('hrhhmldgn3w7m7g7cbzrbnons3yu3rhg','MWM2NDY3OTI1YTFlYmE4Zjg4YzE0Y2YwODUyNTNjYTIyZjBkMDE3Yjp7fQ==','2015-12-26 08:21:18'),('hrws3wewtjij7gszn824ilfrlt2sqyta','MWM2NDY3OTI1YTFlYmE4Zjg4YzE0Y2YwODUyNTNjYTIyZjBkMDE3Yjp7fQ==','2015-11-26 13:08:46'),('hsmmmfbl9hxvy7y2uzv8zz07huhhyfgb','MWM2NDY3OTI1YTFlYmE4Zjg4YzE0Y2YwODUyNTNjYTIyZjBkMDE3Yjp7fQ==','2015-12-26 08:25:10'),('htjvegqxygqpojyiwhed8910mw26kj5b','MWM2NDY3OTI1YTFlYmE4Zjg4YzE0Y2YwODUyNTNjYTIyZjBkMDE3Yjp7fQ==','2015-11-15 02:29:19'),('huhrkrnjdn0k20u2lawuxrnvaa0afgr0','MWM2NDY3OTI1YTFlYmE4Zjg4YzE0Y2YwODUyNTNjYTIyZjBkMDE3Yjp7fQ==','2015-12-25 05:41:16'),('hvulkovlqbb8bswzv7b5jb9cpv6topgr','MWM2NDY3OTI1YTFlYmE4Zjg4YzE0Y2YwODUyNTNjYTIyZjBkMDE3Yjp7fQ==','2015-12-19 11:31:00'),('hvvrhdwy1yz4dhsvlcln5iq8ronegjgo','MWM2NDY3OTI1YTFlYmE4Zjg4YzE0Y2YwODUyNTNjYTIyZjBkMDE3Yjp7fQ==','2015-12-24 12:20:56'),('hw7wxf8ggwd4vp2h5iezz0lfcg3vgn63','MWM2NDY3OTI1YTFlYmE4Zjg4YzE0Y2YwODUyNTNjYTIyZjBkMDE3Yjp7fQ==','2015-12-26 11:56:06'),('hwrw6tgk3jao3si5k0sxmvommnk5ppal','MWM2NDY3OTI1YTFlYmE4Zjg4YzE0Y2YwODUyNTNjYTIyZjBkMDE3Yjp7fQ==','2015-11-20 05:38:09'),('hx30amzi0ombiroxu9fyjvvo1zwfytak','MWM2NDY3OTI1YTFlYmE4Zjg4YzE0Y2YwODUyNTNjYTIyZjBkMDE3Yjp7fQ==','2015-12-26 09:35:42'),('hxgmml3tqfmovtfmubiyjfhcczt5vsuz','MWM2NDY3OTI1YTFlYmE4Zjg4YzE0Y2YwODUyNTNjYTIyZjBkMDE3Yjp7fQ==','2015-12-26 11:29:16'),('hylwwvmekvlgimqxbl18lcc2ug1taqgp','MWM2NDY3OTI1YTFlYmE4Zjg4YzE0Y2YwODUyNTNjYTIyZjBkMDE3Yjp7fQ==','2015-12-24 12:20:51'),('hyoauyhqeea04g1fiy2wh43widf01go9','MWM2NDY3OTI1YTFlYmE4Zjg4YzE0Y2YwODUyNTNjYTIyZjBkMDE3Yjp7fQ==','2015-10-25 15:57:28'),('hzuj5nymyvyo82p3tvmy9uanuxrs5h8e','MWM2NDY3OTI1YTFlYmE4Zjg4YzE0Y2YwODUyNTNjYTIyZjBkMDE3Yjp7fQ==','2015-12-26 09:49:54'),('i0fe2q46fc4spdgujfu41u77qxyqje84','MWM2NDY3OTI1YTFlYmE4Zjg4YzE0Y2YwODUyNTNjYTIyZjBkMDE3Yjp7fQ==','2015-12-25 05:41:14'),('i0xdzg5db9cs75b2alsbujguggwfuajh','MWM2NDY3OTI1YTFlYmE4Zjg4YzE0Y2YwODUyNTNjYTIyZjBkMDE3Yjp7fQ==','2015-12-26 09:40:10'),('i17uq1ldwuvcnzlw5eiatum7tbo70nai','MWM2NDY3OTI1YTFlYmE4Zjg4YzE0Y2YwODUyNTNjYTIyZjBkMDE3Yjp7fQ==','2015-12-25 05:41:15'),('i46sb81j6x9u3wrvjxg0j5awbf59w50x','MWM2NDY3OTI1YTFlYmE4Zjg4YzE0Y2YwODUyNTNjYTIyZjBkMDE3Yjp7fQ==','2015-12-26 09:42:57'),('i64sx9gsyf8l7b2gqwg13bayma5jujo2','MWM2NDY3OTI1YTFlYmE4Zjg4YzE0Y2YwODUyNTNjYTIyZjBkMDE3Yjp7fQ==','2015-12-26 09:54:19'),('i6uxw1vym7xp0jqwe0tn7vk8sf1l653k','MWM2NDY3OTI1YTFlYmE4Zjg4YzE0Y2YwODUyNTNjYTIyZjBkMDE3Yjp7fQ==','2015-12-29 05:16:25'),('i7klwvngbfqfdi5nt4a1b8d2k71v1dol','MWM2NDY3OTI1YTFlYmE4Zjg4YzE0Y2YwODUyNTNjYTIyZjBkMDE3Yjp7fQ==','2015-12-25 05:40:57'),('i7zcnzsl4pqkfl551e26sbwxm0h1lfbt','MWM2NDY3OTI1YTFlYmE4Zjg4YzE0Y2YwODUyNTNjYTIyZjBkMDE3Yjp7fQ==','2015-12-25 05:41:00'),('i9uk7bvnt22wo8g238wsp4673nw74k5q','MWM2NDY3OTI1YTFlYmE4Zjg4YzE0Y2YwODUyNTNjYTIyZjBkMDE3Yjp7fQ==','2015-10-25 19:28:07'),('iaz9asgj2klt27i4gf1n8sax15vmmx8v','MWM2NDY3OTI1YTFlYmE4Zjg4YzE0Y2YwODUyNTNjYTIyZjBkMDE3Yjp7fQ==','2015-11-20 05:37:46'),('ibez0mgmj6kzafdiwk2te4i4enzbidkc','MWM2NDY3OTI1YTFlYmE4Zjg4YzE0Y2YwODUyNTNjYTIyZjBkMDE3Yjp7fQ==','2015-12-26 10:00:33'),('icuj4b9coqlou109y1j6ovv8p5j0560r','MWM2NDY3OTI1YTFlYmE4Zjg4YzE0Y2YwODUyNTNjYTIyZjBkMDE3Yjp7fQ==','2015-10-25 14:30:32'),('ie9qb1y5fp6y2zb2tm9ub552li2nz5lf','MWM2NDY3OTI1YTFlYmE4Zjg4YzE0Y2YwODUyNTNjYTIyZjBkMDE3Yjp7fQ==','2015-11-20 05:38:10'),('ie9wxijh5y8ol40tdr3kj9zwe4yjuqym','MWM2NDY3OTI1YTFlYmE4Zjg4YzE0Y2YwODUyNTNjYTIyZjBkMDE3Yjp7fQ==','2015-12-25 05:41:10'),('ifwbeerl3r0ntxk2yqti2b5elj2g4a7r','MWM2NDY3OTI1YTFlYmE4Zjg4YzE0Y2YwODUyNTNjYTIyZjBkMDE3Yjp7fQ==','2015-12-02 07:32:53'),('igziky8h09fy11jlb2hf7zi61wfqhicu','MWM2NDY3OTI1YTFlYmE4Zjg4YzE0Y2YwODUyNTNjYTIyZjBkMDE3Yjp7fQ==','2015-12-26 09:42:57'),('ii8spej8hbvmra9mu7cvm34fo5rvz2qm','MWM2NDY3OTI1YTFlYmE4Zjg4YzE0Y2YwODUyNTNjYTIyZjBkMDE3Yjp7fQ==','2015-12-01 06:48:41'),('iiocscdosjewf7rwf8hcxu4i79mhmmos','MWM2NDY3OTI1YTFlYmE4Zjg4YzE0Y2YwODUyNTNjYTIyZjBkMDE3Yjp7fQ==','2015-12-01 06:49:02'),('ij2v6x73s47snxde5qtpqkoyl7g20e0x','MWM2NDY3OTI1YTFlYmE4Zjg4YzE0Y2YwODUyNTNjYTIyZjBkMDE3Yjp7fQ==','2015-12-26 08:19:34'),('il0eq5ry56tgla5httpy9jg50bbivfq1','MWM2NDY3OTI1YTFlYmE4Zjg4YzE0Y2YwODUyNTNjYTIyZjBkMDE3Yjp7fQ==','2015-10-26 09:01:44'),('il8jcdfflhe3bn3ak5bvpof5yzb9gdg2','YWZhODBhNjM0NTU5MjgzYzFhZTMzMmYxNTZhOTg5OTliZTEwMDgwNjp7Il9hdXRoX3VzZXJfYmFja2VuZCI6ImRqYW5nby5jb250cmliLmF1dGguYmFja2VuZHMuTW9kZWxCYWNrZW5kIiwiX2F1dGhfdXNlcl9pZCI6Mzd9','2015-11-30 08:10:55'),('indjaz831saarv1yqagxbhuwhfj35egp','MWM2NDY3OTI1YTFlYmE4Zjg4YzE0Y2YwODUyNTNjYTIyZjBkMDE3Yjp7fQ==','2015-12-26 09:44:50'),('inkuonksdbtrgjtzpwtj1qsin1347a6w','MWM2NDY3OTI1YTFlYmE4Zjg4YzE0Y2YwODUyNTNjYTIyZjBkMDE3Yjp7fQ==','2015-12-24 12:00:27'),('ip7lzpi1fxwqkegoegh9w0coaarboht8','MWM2NDY3OTI1YTFlYmE4Zjg4YzE0Y2YwODUyNTNjYTIyZjBkMDE3Yjp7fQ==','2015-12-26 08:19:27'),('iq5tfzwb1cpgxf56s46kkm6t1hy9y8yn','MWM2NDY3OTI1YTFlYmE4Zjg4YzE0Y2YwODUyNTNjYTIyZjBkMDE3Yjp7fQ==','2015-12-26 10:08:34'),('ir26nsrmjhj92pypp2xyjbmv48demudm','MWM2NDY3OTI1YTFlYmE4Zjg4YzE0Y2YwODUyNTNjYTIyZjBkMDE3Yjp7fQ==','2015-12-26 08:22:43'),('ivibhd9pgiguu03po03kyxnl09255gxk','MWM2NDY3OTI1YTFlYmE4Zjg4YzE0Y2YwODUyNTNjYTIyZjBkMDE3Yjp7fQ==','2015-12-26 08:25:34'),('ivvq2yripplzkmqql66vvfitry8e0o5z','MWM2NDY3OTI1YTFlYmE4Zjg4YzE0Y2YwODUyNTNjYTIyZjBkMDE3Yjp7fQ==','2015-12-21 13:43:27'),('iyk12q9pwsum1nm7dyg7d8u5ndm63g7u','ZmM5MDk1MDU5MjY1MDI2MjhhMjJhYTZiNWQzMjY4MmMwMmVlZThlYzp7Il9hdXRoX3VzZXJfYmFja2VuZCI6ImRqYW5nby5jb250cmliLmF1dGguYmFja2VuZHMuTW9kZWxCYWNrZW5kIiwiX2F1dGhfdXNlcl9pZCI6Mjd9','2015-11-20 05:37:36'),('iz2ihobfzn8ih64jbld3h391vedgwwqr','MWM2NDY3OTI1YTFlYmE4Zjg4YzE0Y2YwODUyNTNjYTIyZjBkMDE3Yjp7fQ==','2015-12-29 05:16:22'),('j00gbv0dp38n1hprraozd9icvk5zimy2','MWM2NDY3OTI1YTFlYmE4Zjg4YzE0Y2YwODUyNTNjYTIyZjBkMDE3Yjp7fQ==','2015-12-26 08:28:57'),('j0ybuxe7t30p9jv8dz47ymig49v77bir','MWM2NDY3OTI1YTFlYmE4Zjg4YzE0Y2YwODUyNTNjYTIyZjBkMDE3Yjp7fQ==','2015-12-26 09:35:44'),('j286qzkwdr5wvw34sfemeayday6apbls','MWM2NDY3OTI1YTFlYmE4Zjg4YzE0Y2YwODUyNTNjYTIyZjBkMDE3Yjp7fQ==','2015-12-26 11:30:32'),('j3sbdk90hn1dfd155n3qhojw1lm2dnsv','MWM2NDY3OTI1YTFlYmE4Zjg4YzE0Y2YwODUyNTNjYTIyZjBkMDE3Yjp7fQ==','2015-12-25 05:41:10'),('j489zy2w6ridizp6s5jmuvunrgjr10wa','MWM2NDY3OTI1YTFlYmE4Zjg4YzE0Y2YwODUyNTNjYTIyZjBkMDE3Yjp7fQ==','2015-12-26 11:30:31'),('j6izo3qcpjjcj44uwmu2f6od553206gm','MWM2NDY3OTI1YTFlYmE4Zjg4YzE0Y2YwODUyNTNjYTIyZjBkMDE3Yjp7fQ==','2015-12-26 09:52:50'),('j6qm81pmjrxa4dtrrihry8rd2rqzwpqb','MWM2NDY3OTI1YTFlYmE4Zjg4YzE0Y2YwODUyNTNjYTIyZjBkMDE3Yjp7fQ==','2015-12-26 06:58:55'),('ja2qzxsuuo5strx7xnhbqfldwaj1jt3k','MWM2NDY3OTI1YTFlYmE4Zjg4YzE0Y2YwODUyNTNjYTIyZjBkMDE3Yjp7fQ==','2015-12-25 05:41:15'),('jaftkat80o52de0088xarjgtjwlajuj4','MWM2NDY3OTI1YTFlYmE4Zjg4YzE0Y2YwODUyNTNjYTIyZjBkMDE3Yjp7fQ==','2015-12-26 09:35:47'),('jbmoqjqmkp797ek0wsnrx94hqfhdkmb6','MWM2NDY3OTI1YTFlYmE4Zjg4YzE0Y2YwODUyNTNjYTIyZjBkMDE3Yjp7fQ==','2015-11-30 05:25:55'),('jde0j1ln1xedx7mn3ry0u8ra4xxomrto','MWM2NDY3OTI1YTFlYmE4Zjg4YzE0Y2YwODUyNTNjYTIyZjBkMDE3Yjp7fQ==','2015-12-26 09:51:20'),('jf2wwjrbww41so21gf158fxssc29obzg','MWM2NDY3OTI1YTFlYmE4Zjg4YzE0Y2YwODUyNTNjYTIyZjBkMDE3Yjp7fQ==','2015-12-26 09:42:59'),('jgrnq79drjaltbl6w8qhj9bs8njuw74k','MWM2NDY3OTI1YTFlYmE4Zjg4YzE0Y2YwODUyNTNjYTIyZjBkMDE3Yjp7fQ==','2015-12-26 08:26:49'),('jgygk1n4cxnm5wmj5ufg5xmxnw2mlv2p','MWM2NDY3OTI1YTFlYmE4Zjg4YzE0Y2YwODUyNTNjYTIyZjBkMDE3Yjp7fQ==','2015-12-26 08:26:56'),('jje6wi0senk982mp0iivig4587ymr28p','MWM2NDY3OTI1YTFlYmE4Zjg4YzE0Y2YwODUyNTNjYTIyZjBkMDE3Yjp7fQ==','2015-12-26 09:35:39'),('jkcy38e6drp9dotoxllvxw5cg2yqapas','MWM2NDY3OTI1YTFlYmE4Zjg4YzE0Y2YwODUyNTNjYTIyZjBkMDE3Yjp7fQ==','2015-12-26 09:35:49'),('jlnndvueiwf2vaibbdxhq6mht5kuboa5','MWM2NDY3OTI1YTFlYmE4Zjg4YzE0Y2YwODUyNTNjYTIyZjBkMDE3Yjp7fQ==','2015-12-01 06:49:02'),('jlqjpaf7x079gevqccdxgtdth7gq9rnb','MWM2NDY3OTI1YTFlYmE4Zjg4YzE0Y2YwODUyNTNjYTIyZjBkMDE3Yjp7fQ==','2015-11-30 12:24:17'),('jm2if9lo3c7ehfidbrt6l78bt1rjvbby','MWM2NDY3OTI1YTFlYmE4Zjg4YzE0Y2YwODUyNTNjYTIyZjBkMDE3Yjp7fQ==','2015-12-25 05:37:46'),('jmtnsgxb07au2gbpyb05ziddnlvx6ks0','MWM2NDY3OTI1YTFlYmE4Zjg4YzE0Y2YwODUyNTNjYTIyZjBkMDE3Yjp7fQ==','2015-12-26 08:19:29'),('jmvfonunv80iif7lu0lkqgyq5r921zbh','MWM2NDY3OTI1YTFlYmE4Zjg4YzE0Y2YwODUyNTNjYTIyZjBkMDE3Yjp7fQ==','2015-11-20 08:27:43'),('jopqizzd76v3j27rafo41dcfmzmxppc2','MWM2NDY3OTI1YTFlYmE4Zjg4YzE0Y2YwODUyNTNjYTIyZjBkMDE3Yjp7fQ==','2015-12-26 09:52:48'),('jqcpiamfvfon74jgw5yiv9x6bex9nfk7','MWM2NDY3OTI1YTFlYmE4Zjg4YzE0Y2YwODUyNTNjYTIyZjBkMDE3Yjp7fQ==','2015-12-26 09:49:52'),('jriprvpemdaogmcs7y40sua9sl4q0xqe','MWM2NDY3OTI1YTFlYmE4Zjg4YzE0Y2YwODUyNTNjYTIyZjBkMDE3Yjp7fQ==','2015-12-26 08:29:52'),('jti5lj83re63es2bng2g4hdojde9y3gh','MWM2NDY3OTI1YTFlYmE4Zjg4YzE0Y2YwODUyNTNjYTIyZjBkMDE3Yjp7fQ==','2015-12-24 12:20:56'),('jusg6a0bipum6y34be2r4zjpeibvitpj','MWM2NDY3OTI1YTFlYmE4Zjg4YzE0Y2YwODUyNTNjYTIyZjBkMDE3Yjp7fQ==','2015-11-30 13:15:51'),('jx647dwz145ewy7mdfpkjach2mfk0paq','MWM2NDY3OTI1YTFlYmE4Zjg4YzE0Y2YwODUyNTNjYTIyZjBkMDE3Yjp7fQ==','2015-12-24 11:19:14'),('k107mxj35m8qigxkqtdzgpnpenuyqiva','MWM2NDY3OTI1YTFlYmE4Zjg4YzE0Y2YwODUyNTNjYTIyZjBkMDE3Yjp7fQ==','2015-12-26 09:50:52'),('k2cxao2aoz9ryl7ls93468l31gcwx1le','MWM2NDY3OTI1YTFlYmE4Zjg4YzE0Y2YwODUyNTNjYTIyZjBkMDE3Yjp7fQ==','2015-11-26 13:07:53'),('k2l5dtl6b8ixw8g0pop38hcbrh69thov','MWM2NDY3OTI1YTFlYmE4Zjg4YzE0Y2YwODUyNTNjYTIyZjBkMDE3Yjp7fQ==','2015-12-25 05:39:45'),('k67mxyzkrorkdhq4xrrevdawnv0lwb4e','MWM2NDY3OTI1YTFlYmE4Zjg4YzE0Y2YwODUyNTNjYTIyZjBkMDE3Yjp7fQ==','2015-12-26 09:46:45'),('ka0ktm6i4qccvcwptauxqtxb7jle7z2z','MWM2NDY3OTI1YTFlYmE4Zjg4YzE0Y2YwODUyNTNjYTIyZjBkMDE3Yjp7fQ==','2015-11-30 05:25:55'),('kaswbmx64ek34ij8iys3l7dvnuyzx5gw','MWM2NDY3OTI1YTFlYmE4Zjg4YzE0Y2YwODUyNTNjYTIyZjBkMDE3Yjp7fQ==','2015-12-26 08:26:55'),('kb4ubesztegbejpsgdwq8vds2uvfzktj','MWM2NDY3OTI1YTFlYmE4Zjg4YzE0Y2YwODUyNTNjYTIyZjBkMDE3Yjp7fQ==','2015-12-26 09:52:52'),('kcgrtnq2d1jqz7a77794n3nf3c5k7h22','MWM2NDY3OTI1YTFlYmE4Zjg4YzE0Y2YwODUyNTNjYTIyZjBkMDE3Yjp7fQ==','2015-12-26 08:27:22'),('kctf6pk9mi5x5sbu7a6jxvy4f7o45hd2','MWM2NDY3OTI1YTFlYmE4Zjg4YzE0Y2YwODUyNTNjYTIyZjBkMDE3Yjp7fQ==','2015-11-27 09:06:41'),('kebin4ftt0pv91tap21gz64ant4t6iah','MWM2NDY3OTI1YTFlYmE4Zjg4YzE0Y2YwODUyNTNjYTIyZjBkMDE3Yjp7fQ==','2015-11-25 12:58:41'),('kekwno1egfnu1crxo4fj3ycndakc06we','MWM2NDY3OTI1YTFlYmE4Zjg4YzE0Y2YwODUyNTNjYTIyZjBkMDE3Yjp7fQ==','2015-12-21 13:47:03'),('kf97v8idjx56rpmy3a4jfhf1l3t2xdvy','MWM2NDY3OTI1YTFlYmE4Zjg4YzE0Y2YwODUyNTNjYTIyZjBkMDE3Yjp7fQ==','2015-11-20 05:27:48'),('khszggqm7i2p80zbsnp3pdbr6jvvuhia','MWM2NDY3OTI1YTFlYmE4Zjg4YzE0Y2YwODUyNTNjYTIyZjBkMDE3Yjp7fQ==','2015-12-26 10:00:55'),('kiq7ita8843y34qnwzs3s9dij2nt6xrv','MWM2NDY3OTI1YTFlYmE4Zjg4YzE0Y2YwODUyNTNjYTIyZjBkMDE3Yjp7fQ==','2015-12-26 10:00:49'),('kj3lv1jw734ak9ntsuq79xm0idbrux5x','MWM2NDY3OTI1YTFlYmE4Zjg4YzE0Y2YwODUyNTNjYTIyZjBkMDE3Yjp7fQ==','2015-12-24 11:09:01'),('kk8he63suy3zlwq96ln9jj3oqswjzv60','NDE3YTY5NTA5N2M0ZTYwMmUwMWIyNmYzZjFhMThiNzAwYTI4Zjc5OTp7Il9hdXRoX3VzZXJfYmFja2VuZCI6ImRqYW5nby5jb250cmliLmF1dGguYmFja2VuZHMuTW9kZWxCYWNrZW5kIiwiX2F1dGhfdXNlcl9pZCI6MX0=','2015-11-02 15:29:58'),('kl2fh03m1y8vmu2glmzta88d1nwiv58b','MWM2NDY3OTI1YTFlYmE4Zjg4YzE0Y2YwODUyNTNjYTIyZjBkMDE3Yjp7fQ==','2015-12-19 11:30:54'),('knxvky15ajkzykpelc1f1eh1c392v1fv','MWM2NDY3OTI1YTFlYmE4Zjg4YzE0Y2YwODUyNTNjYTIyZjBkMDE3Yjp7fQ==','2015-12-26 10:08:35'),('kofgx5aczyc0yqabsfpiervljieuxher','MWM2NDY3OTI1YTFlYmE4Zjg4YzE0Y2YwODUyNTNjYTIyZjBkMDE3Yjp7fQ==','2015-12-25 05:37:44'),('kqhm2k6fej9xoedm56piev3u7ilm8l85','MWM2NDY3OTI1YTFlYmE4Zjg4YzE0Y2YwODUyNTNjYTIyZjBkMDE3Yjp7fQ==','2015-12-26 09:39:11'),('kuuj7rxd6t776j9ncttcfz06ad0cauxq','MWM2NDY3OTI1YTFlYmE4Zjg4YzE0Y2YwODUyNTNjYTIyZjBkMDE3Yjp7fQ==','2015-12-26 07:00:07'),('kvgtjdi51qnw2szp7tf5kmnjb0tm3k2y','MWM2NDY3OTI1YTFlYmE4Zjg4YzE0Y2YwODUyNTNjYTIyZjBkMDE3Yjp7fQ==','2015-12-26 10:00:55'),('kw1c0cqlij4jekeol233civrh9leg1zd','MWM2NDY3OTI1YTFlYmE4Zjg4YzE0Y2YwODUyNTNjYTIyZjBkMDE3Yjp7fQ==','2015-12-26 08:21:13'),('kx2gccxfedvelirui4cwae16k6472qov','NDE3YTY5NTA5N2M0ZTYwMmUwMWIyNmYzZjFhMThiNzAwYTI4Zjc5OTp7Il9hdXRoX3VzZXJfYmFja2VuZCI6ImRqYW5nby5jb250cmliLmF1dGguYmFja2VuZHMuTW9kZWxCYWNrZW5kIiwiX2F1dGhfdXNlcl9pZCI6MX0=','2015-10-31 06:44:47'),('kzbnfwqjojyyuxd3ric9cuw8w0m94siq','MWM2NDY3OTI1YTFlYmE4Zjg4YzE0Y2YwODUyNTNjYTIyZjBkMDE3Yjp7fQ==','2015-12-26 10:00:37'),('kzqw6ckdo58kz6azr30yv9jlqjdwfyky','MWM2NDY3OTI1YTFlYmE4Zjg4YzE0Y2YwODUyNTNjYTIyZjBkMDE3Yjp7fQ==','2015-12-26 11:30:33'),('l06vp4egbr1ibfbh3kkxbwi2lvsx773k','MWM2NDY3OTI1YTFlYmE4Zjg4YzE0Y2YwODUyNTNjYTIyZjBkMDE3Yjp7fQ==','2015-12-26 09:52:46'),('l1g6ah5kzw0xcyib3dktwabtwy962ew3','MWM2NDY3OTI1YTFlYmE4Zjg4YzE0Y2YwODUyNTNjYTIyZjBkMDE3Yjp7fQ==','2015-12-26 09:51:31'),('l2660baqb01tthbk3ihe34vctataw9iv','MWM2NDY3OTI1YTFlYmE4Zjg4YzE0Y2YwODUyNTNjYTIyZjBkMDE3Yjp7fQ==','2015-12-25 05:41:12'),('l2aeukyck8hs1lkovdn15cxkuuozewnx','MWM2NDY3OTI1YTFlYmE4Zjg4YzE0Y2YwODUyNTNjYTIyZjBkMDE3Yjp7fQ==','2015-12-26 10:00:56'),('l5v9jd5nhevwz37x6kanjaa7oufcdg61','MWM2NDY3OTI1YTFlYmE4Zjg4YzE0Y2YwODUyNTNjYTIyZjBkMDE3Yjp7fQ==','2015-12-26 10:08:36'),('l6d0q8kp2cpeq68rjw62d7bvo7a9my16','MWM2NDY3OTI1YTFlYmE4Zjg4YzE0Y2YwODUyNTNjYTIyZjBkMDE3Yjp7fQ==','2015-12-26 10:08:39'),('l7qgzvrkreszh8j993culk5gfnoj6oup','MWM2NDY3OTI1YTFlYmE4Zjg4YzE0Y2YwODUyNTNjYTIyZjBkMDE3Yjp7fQ==','2015-12-26 08:29:51'),('l86mpoepquk3gmm9kpeioey130r5yuaq','MWM2NDY3OTI1YTFlYmE4Zjg4YzE0Y2YwODUyNTNjYTIyZjBkMDE3Yjp7fQ==','2015-12-26 09:53:00'),('l99r4dzvw92jrm87bj5u6bl7gj0lrdeh','MWM2NDY3OTI1YTFlYmE4Zjg4YzE0Y2YwODUyNTNjYTIyZjBkMDE3Yjp7fQ==','2015-12-24 11:09:00'),('l9mpmmkedjajfniqj7du4stkry4n4wso','MWM2NDY3OTI1YTFlYmE4Zjg4YzE0Y2YwODUyNTNjYTIyZjBkMDE3Yjp7fQ==','2015-12-26 09:46:52'),('leurfqohwckw61b3dlfvxb9aw2nuefic','MWM2NDY3OTI1YTFlYmE4Zjg4YzE0Y2YwODUyNTNjYTIyZjBkMDE3Yjp7fQ==','2015-12-29 05:16:21'),('ljv96uap6us7brwyepxi7jc92c45382t','MWM2NDY3OTI1YTFlYmE4Zjg4YzE0Y2YwODUyNTNjYTIyZjBkMDE3Yjp7fQ==','2015-12-26 09:49:53'),('lkz2fhefhh2rguhdfy3eik44bp0xujwf','MWM2NDY3OTI1YTFlYmE4Zjg4YzE0Y2YwODUyNTNjYTIyZjBkMDE3Yjp7fQ==','2015-12-29 05:16:23'),('ll5dvxc3dw1ldk9l7qktlec4l9rye07n','MWM2NDY3OTI1YTFlYmE4Zjg4YzE0Y2YwODUyNTNjYTIyZjBkMDE3Yjp7fQ==','2015-12-26 09:35:47'),('lmvj2yzgzkyvstuxm1icjv6nkbmmtco8','MWM2NDY3OTI1YTFlYmE4Zjg4YzE0Y2YwODUyNTNjYTIyZjBkMDE3Yjp7fQ==','2015-12-24 11:40:04'),('ln82478h0xzl5zax75wt5jy9x848p294','MWM2NDY3OTI1YTFlYmE4Zjg4YzE0Y2YwODUyNTNjYTIyZjBkMDE3Yjp7fQ==','2015-11-20 08:27:56'),('lqrq1rbncq7kvkr2jn0bat9ng595kxrn','MWM2NDY3OTI1YTFlYmE4Zjg4YzE0Y2YwODUyNTNjYTIyZjBkMDE3Yjp7fQ==','2015-12-26 07:00:04'),('ls1ne5n07xz2ztx5nnc025x904vpivmj','OWVjYTA0MGFlOWFhYjhjNzkyZGRmNmU4M2Q5NjY1MGZjYmY2ZWEzMjp7Il9hdXRoX3VzZXJfYmFja2VuZCI6ImRqYW5nby5jb250cmliLmF1dGguYmFja2VuZHMuTW9kZWxCYWNrZW5kIiwiX2F1dGhfdXNlcl9pZCI6MjF9','2015-10-25 17:02:43'),('lslxkmchjd51nh1gc4ijxo22j2phfay6','MWM2NDY3OTI1YTFlYmE4Zjg4YzE0Y2YwODUyNTNjYTIyZjBkMDE3Yjp7fQ==','2015-12-26 09:40:04'),('lujjo9iwiqlaohcuznboyqc4wq8s21pm','MWM2NDY3OTI1YTFlYmE4Zjg4YzE0Y2YwODUyNTNjYTIyZjBkMDE3Yjp7fQ==','2015-12-24 11:34:46'),('lv9x9iltt9gnt4rp7vp33xykhkordyal','MWM2NDY3OTI1YTFlYmE4Zjg4YzE0Y2YwODUyNTNjYTIyZjBkMDE3Yjp7fQ==','2015-12-26 11:30:33'),('lvldzos8t3jt74m457d7zikjc9hx16kc','MWM2NDY3OTI1YTFlYmE4Zjg4YzE0Y2YwODUyNTNjYTIyZjBkMDE3Yjp7fQ==','2015-12-29 05:14:50'),('lw4vy5ku7iw4ozyh1u29pqn9rkzyzjnm','MWM2NDY3OTI1YTFlYmE4Zjg4YzE0Y2YwODUyNTNjYTIyZjBkMDE3Yjp7fQ==','2015-12-26 11:29:22'),('m0focxb2j3zxk6tif31avzsmyvrhmsq0','MWM2NDY3OTI1YTFlYmE4Zjg4YzE0Y2YwODUyNTNjYTIyZjBkMDE3Yjp7fQ==','2015-12-26 11:29:16'),('m0kvayd4oid39n71slrrs80cq7hsni5h','MWM2NDY3OTI1YTFlYmE4Zjg4YzE0Y2YwODUyNTNjYTIyZjBkMDE3Yjp7fQ==','2015-12-26 09:40:03'),('m12qvvyk6c8hzz7gis74iv58xusvnbvb','MWM2NDY3OTI1YTFlYmE4Zjg4YzE0Y2YwODUyNTNjYTIyZjBkMDE3Yjp7fQ==','2015-12-02 08:47:29'),('m1m1w6p5uq0jfiyuhg010wve8c4ihzcf','MWM2NDY3OTI1YTFlYmE4Zjg4YzE0Y2YwODUyNTNjYTIyZjBkMDE3Yjp7fQ==','2015-12-26 09:40:10'),('m1woozx63cazs01o9kkw308kvp7gyc63','MWM2NDY3OTI1YTFlYmE4Zjg4YzE0Y2YwODUyNTNjYTIyZjBkMDE3Yjp7fQ==','2015-12-26 09:44:47'),('m29mw53exl7ilsnko6at31d3q016jjlb','MWM2NDY3OTI1YTFlYmE4Zjg4YzE0Y2YwODUyNTNjYTIyZjBkMDE3Yjp7fQ==','2015-11-26 13:08:44'),('m3fndngr2rlssvvvuet9b7d78lbi4h3s','MWM2NDY3OTI1YTFlYmE4Zjg4YzE0Y2YwODUyNTNjYTIyZjBkMDE3Yjp7fQ==','2015-11-26 13:08:45'),('m58pu1z3h45rcqgxsrxmz43qlki5xhmb','ZmM5MDk1MDU5MjY1MDI2MjhhMjJhYTZiNWQzMjY4MmMwMmVlZThlYzp7Il9hdXRoX3VzZXJfYmFja2VuZCI6ImRqYW5nby5jb250cmliLmF1dGguYmFja2VuZHMuTW9kZWxCYWNrZW5kIiwiX2F1dGhfdXNlcl9pZCI6Mjd9','2015-11-30 12:24:20'),('m59h9by8g6sxwnerwymfldz8tq9b83m1','MWM2NDY3OTI1YTFlYmE4Zjg4YzE0Y2YwODUyNTNjYTIyZjBkMDE3Yjp7fQ==','2015-12-26 09:49:49'),('m8k5kxviyc0tl0engo9llvz93qvv122t','MWM2NDY3OTI1YTFlYmE4Zjg4YzE0Y2YwODUyNTNjYTIyZjBkMDE3Yjp7fQ==','2015-12-26 10:00:37'),('m8xtr5gyrd6kbje349vdj216pdqyusza','MWM2NDY3OTI1YTFlYmE4Zjg4YzE0Y2YwODUyNTNjYTIyZjBkMDE3Yjp7fQ==','2015-12-26 09:40:07'),('m9yutao7vl0pzc5e9xukw5gcogxectpv','MWM2NDY3OTI1YTFlYmE4Zjg4YzE0Y2YwODUyNTNjYTIyZjBkMDE3Yjp7fQ==','2015-12-29 05:14:51'),('maz8a86iv2s2820muxbuwusbhb6fl3m1','MWM2NDY3OTI1YTFlYmE4Zjg4YzE0Y2YwODUyNTNjYTIyZjBkMDE3Yjp7fQ==','2015-12-26 06:58:47'),('mc541b0yr4ftntv7mvg9rbi4hd9hllyg','MWM2NDY3OTI1YTFlYmE4Zjg4YzE0Y2YwODUyNTNjYTIyZjBkMDE3Yjp7fQ==','2015-12-01 06:48:15'),('mdm2syl04ti2yc6kzbh6wr3s6hh0y1j5','MWM2NDY3OTI1YTFlYmE4Zjg4YzE0Y2YwODUyNTNjYTIyZjBkMDE3Yjp7fQ==','2015-12-26 09:44:46'),('melrhsrrirsinbq0oq2co6l07cgu48qc','MWM2NDY3OTI1YTFlYmE4Zjg4YzE0Y2YwODUyNTNjYTIyZjBkMDE3Yjp7fQ==','2015-12-25 05:41:09'),('mf2e47i2cdi0lhythdjwa766im2bak3u','MWM2NDY3OTI1YTFlYmE4Zjg4YzE0Y2YwODUyNTNjYTIyZjBkMDE3Yjp7fQ==','2015-11-30 12:24:17'),('mh6v9iyc5oce5slljld7gomiv249gql2','MWM2NDY3OTI1YTFlYmE4Zjg4YzE0Y2YwODUyNTNjYTIyZjBkMDE3Yjp7fQ==','2015-12-26 10:00:52'),('mh909ywd6ruy0rweeliwqek27j1k179s','MWM2NDY3OTI1YTFlYmE4Zjg4YzE0Y2YwODUyNTNjYTIyZjBkMDE3Yjp7fQ==','2015-12-26 08:28:59'),('mhvln33vshzwslowlsrha1vhsekzbr4r','MWM2NDY3OTI1YTFlYmE4Zjg4YzE0Y2YwODUyNTNjYTIyZjBkMDE3Yjp7fQ==','2015-11-28 06:44:11'),('mi6llq74jxtgitzx9qgsrkz6lgeka48c','MWM2NDY3OTI1YTFlYmE4Zjg4YzE0Y2YwODUyNTNjYTIyZjBkMDE3Yjp7fQ==','2015-12-26 10:08:33'),('mib4yhoc75du20pz2y0i1dnk9mmk8cz7','MWM2NDY3OTI1YTFlYmE4Zjg4YzE0Y2YwODUyNTNjYTIyZjBkMDE3Yjp7fQ==','2015-12-26 08:19:39'),('mlifghwx6rtcn0j064m5cjko571qnspe','MWM2NDY3OTI1YTFlYmE4Zjg4YzE0Y2YwODUyNTNjYTIyZjBkMDE3Yjp7fQ==','2015-12-29 05:14:48'),('movftd6t5dhfl31ievvk53kxg1y6xcx0','MWM2NDY3OTI1YTFlYmE4Zjg4YzE0Y2YwODUyNTNjYTIyZjBkMDE3Yjp7fQ==','2015-12-26 09:52:51'),('mozmjparritfvaidsjwpoh1ac9hv62rs','MWM2NDY3OTI1YTFlYmE4Zjg4YzE0Y2YwODUyNTNjYTIyZjBkMDE3Yjp7fQ==','2015-12-01 06:48:15'),('ms1qlpv8lmzxnpmrwtkjat4mfiob2ppo','MWM2NDY3OTI1YTFlYmE4Zjg4YzE0Y2YwODUyNTNjYTIyZjBkMDE3Yjp7fQ==','2015-11-25 12:58:49'),('mt38f5823qtximwwgw14t4cxp7p831um','MWM2NDY3OTI1YTFlYmE4Zjg4YzE0Y2YwODUyNTNjYTIyZjBkMDE3Yjp7fQ==','2015-12-25 05:41:00'),('mvc6p5s1z4k6qwb8jb84s086xczomx8k','MWM2NDY3OTI1YTFlYmE4Zjg4YzE0Y2YwODUyNTNjYTIyZjBkMDE3Yjp7fQ==','2015-12-21 13:45:58'),('mvq0yijsdtztd6a1zcv73wsx3157ilr9','MWM2NDY3OTI1YTFlYmE4Zjg4YzE0Y2YwODUyNTNjYTIyZjBkMDE3Yjp7fQ==','2015-11-30 10:57:51'),('mxya7wp0esvdzq1a6lc8p2957ma2zn8o','MWM2NDY3OTI1YTFlYmE4Zjg4YzE0Y2YwODUyNTNjYTIyZjBkMDE3Yjp7fQ==','2015-12-25 05:39:46'),('n0431mlrk2cvjfy3o5i32o29of0zu7rr','MWM2NDY3OTI1YTFlYmE4Zjg4YzE0Y2YwODUyNTNjYTIyZjBkMDE3Yjp7fQ==','2015-12-19 11:30:57'),('n2oq1g211c6ih9evmlz5ykytmof5yt9u','MWM2NDY3OTI1YTFlYmE4Zjg4YzE0Y2YwODUyNTNjYTIyZjBkMDE3Yjp7fQ==','2015-11-26 13:08:09'),('n2z3v7pvyr6x83q68jovhdr61xdrhmuo','MWM2NDY3OTI1YTFlYmE4Zjg4YzE0Y2YwODUyNTNjYTIyZjBkMDE3Yjp7fQ==','2015-11-20 05:27:51'),('n32ef158ugnikx3u6ej9s9ra3vglkxbo','MWM2NDY3OTI1YTFlYmE4Zjg4YzE0Y2YwODUyNTNjYTIyZjBkMDE3Yjp7fQ==','2015-12-26 08:28:52'),('n33k3w9uqwlsldsp6skzpaf7mahuil1m','MWM2NDY3OTI1YTFlYmE4Zjg4YzE0Y2YwODUyNTNjYTIyZjBkMDE3Yjp7fQ==','2015-12-29 05:14:52'),('n7d2voagnyof9ubeb3oer0v3dwpn9ip2','MWM2NDY3OTI1YTFlYmE4Zjg4YzE0Y2YwODUyNTNjYTIyZjBkMDE3Yjp7fQ==','2015-12-26 09:47:00'),('na06f6xa6582vlk6fqvy60w0jsufekbe','MWM2NDY3OTI1YTFlYmE4Zjg4YzE0Y2YwODUyNTNjYTIyZjBkMDE3Yjp7fQ==','2015-11-03 06:20:51'),('nao6gpr402yow9jdbrv8iixx507ba8g8','MWM2NDY3OTI1YTFlYmE4Zjg4YzE0Y2YwODUyNTNjYTIyZjBkMDE3Yjp7fQ==','2015-12-26 09:50:55'),('nb9l7sxpmz9prj8iusvf5i1dpjkxa8sw','MWM2NDY3OTI1YTFlYmE4Zjg4YzE0Y2YwODUyNTNjYTIyZjBkMDE3Yjp7fQ==','2015-12-26 09:44:49'),('nb9rn1796m45z7bhzj31zclbc5i9bi4j','MWM2NDY3OTI1YTFlYmE4Zjg4YzE0Y2YwODUyNTNjYTIyZjBkMDE3Yjp7fQ==','2015-12-21 13:53:15'),('ne15xk4t0svdchrxrynpptuzhw2ht400','MWM2NDY3OTI1YTFlYmE4Zjg4YzE0Y2YwODUyNTNjYTIyZjBkMDE3Yjp7fQ==','2015-12-26 09:51:20'),('ne4znfsu8s62lplpeb93purcg5gn3kcj','MWM2NDY3OTI1YTFlYmE4Zjg4YzE0Y2YwODUyNTNjYTIyZjBkMDE3Yjp7fQ==','2015-12-25 05:40:53'),('nf5schk4a4h8fnu6mafapt5ha084yzhx','MWM2NDY3OTI1YTFlYmE4Zjg4YzE0Y2YwODUyNTNjYTIyZjBkMDE3Yjp7fQ==','2015-12-26 09:35:39'),('nhums1bgjs3gavhwd9w0gtur8a6qofk0','MWM2NDY3OTI1YTFlYmE4Zjg4YzE0Y2YwODUyNTNjYTIyZjBkMDE3Yjp7fQ==','2015-11-20 03:08:29'),('ni2x3opbjdq73c424fgiaqlzy56vlbws','MWM2NDY3OTI1YTFlYmE4Zjg4YzE0Y2YwODUyNTNjYTIyZjBkMDE3Yjp7fQ==','2015-12-26 11:29:18'),('nji9z7chej6771ebm8phcfarxe2znwq8','MWM2NDY3OTI1YTFlYmE4Zjg4YzE0Y2YwODUyNTNjYTIyZjBkMDE3Yjp7fQ==','2015-12-26 08:21:12'),('njki17elks9b04rhmq2j1xisislvw7yu','MWM2NDY3OTI1YTFlYmE4Zjg4YzE0Y2YwODUyNTNjYTIyZjBkMDE3Yjp7fQ==','2015-12-26 11:30:32'),('njovvtr7lll3k3uxlzxwlgyn2eympndi','MWM2NDY3OTI1YTFlYmE4Zjg4YzE0Y2YwODUyNTNjYTIyZjBkMDE3Yjp7fQ==','2015-12-26 11:30:32'),('nljzopqzat5k1k4tyrity2xs85js7lzl','MWM2NDY3OTI1YTFlYmE4Zjg4YzE0Y2YwODUyNTNjYTIyZjBkMDE3Yjp7fQ==','2015-12-26 10:00:53'),('nm2ry5bsmm2yu33mefh5kbdcnkbdn54d','MWM2NDY3OTI1YTFlYmE4Zjg4YzE0Y2YwODUyNTNjYTIyZjBkMDE3Yjp7fQ==','2015-11-13 14:39:57'),('nn0of9u4eixu2hdqhmpvur05bia4eea4','MWM2NDY3OTI1YTFlYmE4Zjg4YzE0Y2YwODUyNTNjYTIyZjBkMDE3Yjp7fQ==','2015-12-26 09:52:59'),('npk6twobh6bvenwjcebfrx9by0al07rt','MWM2NDY3OTI1YTFlYmE4Zjg4YzE0Y2YwODUyNTNjYTIyZjBkMDE3Yjp7fQ==','2015-12-19 11:31:01'),('nriz9u490bbqdcrii2q59t6xaxd9r9cc','MWM2NDY3OTI1YTFlYmE4Zjg4YzE0Y2YwODUyNTNjYTIyZjBkMDE3Yjp7fQ==','2015-12-26 08:19:34'),('nrjy9xusxylq4gwvw7e06sj2kx2bfp6x','MWM2NDY3OTI1YTFlYmE4Zjg4YzE0Y2YwODUyNTNjYTIyZjBkMDE3Yjp7fQ==','2015-12-26 09:49:49'),('nrver2xbpzblqknlzk1wgatf41axgh7j','MWM2NDY3OTI1YTFlYmE4Zjg4YzE0Y2YwODUyNTNjYTIyZjBkMDE3Yjp7fQ==','2015-12-26 09:46:51'),('nupwme4lh9qhh9kq6pcxc7ghiedb05cw','MWM2NDY3OTI1YTFlYmE4Zjg4YzE0Y2YwODUyNTNjYTIyZjBkMDE3Yjp7fQ==','2015-12-26 09:51:15'),('nuq9dlhncbalt2z0c2q6s5cr4z1acpyc','MWM2NDY3OTI1YTFlYmE4Zjg4YzE0Y2YwODUyNTNjYTIyZjBkMDE3Yjp7fQ==','2015-11-30 10:55:07'),('nuzucxjmlalw2a5h5pf1envt1umg73v6','MWM2NDY3OTI1YTFlYmE4Zjg4YzE0Y2YwODUyNTNjYTIyZjBkMDE3Yjp7fQ==','2015-12-26 09:46:49'),('nwhb294qivxa30mm1fmrso26zslr80f8','MWM2NDY3OTI1YTFlYmE4Zjg4YzE0Y2YwODUyNTNjYTIyZjBkMDE3Yjp7fQ==','2015-11-20 05:27:47'),('nxq5qf28hqtmp1x6hvpe6wwcs1jnukbf','MWM2NDY3OTI1YTFlYmE4Zjg4YzE0Y2YwODUyNTNjYTIyZjBkMDE3Yjp7fQ==','2015-11-21 11:37:56'),('nz8zuqp9m9xnup8wljzts26y75lgopkp','MWM2NDY3OTI1YTFlYmE4Zjg4YzE0Y2YwODUyNTNjYTIyZjBkMDE3Yjp7fQ==','2015-12-26 09:49:49'),('o3mv6z5jvhx95rrsl7ae9dcqud5leh2r','MWM2NDY3OTI1YTFlYmE4Zjg4YzE0Y2YwODUyNTNjYTIyZjBkMDE3Yjp7fQ==','2015-12-25 05:41:08'),('o40eivffr3oe3fs6n9cyy1z93b4g6jvt','MWM2NDY3OTI1YTFlYmE4Zjg4YzE0Y2YwODUyNTNjYTIyZjBkMDE3Yjp7fQ==','2015-11-26 13:08:43'),('o5r8v6jbo6fxhbyld4elvajzioi74qvo','MWM2NDY3OTI1YTFlYmE4Zjg4YzE0Y2YwODUyNTNjYTIyZjBkMDE3Yjp7fQ==','2015-12-01 14:33:49'),('oakyjlp3obguf30eovp51f8hugbauovd','MWM2NDY3OTI1YTFlYmE4Zjg4YzE0Y2YwODUyNTNjYTIyZjBkMDE3Yjp7fQ==','2015-12-02 10:27:43'),('oargb1g2lfxl6ak6vupoashd0y7x31az','MWM2NDY3OTI1YTFlYmE4Zjg4YzE0Y2YwODUyNTNjYTIyZjBkMDE3Yjp7fQ==','2015-12-26 09:40:10'),('obo5w157bvuzcc7qhjnxjcbx0ehj1e2e','MWM2NDY3OTI1YTFlYmE4Zjg4YzE0Y2YwODUyNTNjYTIyZjBkMDE3Yjp7fQ==','2015-11-30 05:25:55'),('obpm9qc8aab65w66ujhbd7641k2uqn0u','MWM2NDY3OTI1YTFlYmE4Zjg4YzE0Y2YwODUyNTNjYTIyZjBkMDE3Yjp7fQ==','2015-12-25 05:39:42'),('oeo0d73nx4l8y04863km4h9qjkywuwq6','MWM2NDY3OTI1YTFlYmE4Zjg4YzE0Y2YwODUyNTNjYTIyZjBkMDE3Yjp7fQ==','2015-12-26 09:51:16'),('ohp5wvmrfnetz9ydbl2x228al8kc35cl','MWM2NDY3OTI1YTFlYmE4Zjg4YzE0Y2YwODUyNTNjYTIyZjBkMDE3Yjp7fQ==','2015-11-26 13:08:11'),('oicot8fg99db93fe3caujxmvoml4twul','MWM2NDY3OTI1YTFlYmE4Zjg4YzE0Y2YwODUyNTNjYTIyZjBkMDE3Yjp7fQ==','2015-11-07 16:24:12'),('okl9supu7xe2zyowg10vyod46wmjgyj7','MWM2NDY3OTI1YTFlYmE4Zjg4YzE0Y2YwODUyNTNjYTIyZjBkMDE3Yjp7fQ==','2015-12-25 05:39:41'),('olczu5c1wzo9kpgwheu2wjwhm28e4uz4','MWM2NDY3OTI1YTFlYmE4Zjg4YzE0Y2YwODUyNTNjYTIyZjBkMDE3Yjp7fQ==','2015-12-25 05:39:40'),('olee5bbggtvueoazcoziadrcdbydyeai','MWM2NDY3OTI1YTFlYmE4Zjg4YzE0Y2YwODUyNTNjYTIyZjBkMDE3Yjp7fQ==','2015-12-26 09:46:45'),('olny49exkq5nh5yzh55cseir9kclnw60','MWM2NDY3OTI1YTFlYmE4Zjg4YzE0Y2YwODUyNTNjYTIyZjBkMDE3Yjp7fQ==','2015-12-26 09:51:25'),('olrxvxin78pybal3qj8ft9bycz4q778m','MWM2NDY3OTI1YTFlYmE4Zjg4YzE0Y2YwODUyNTNjYTIyZjBkMDE3Yjp7fQ==','2015-12-01 06:48:25'),('olyibps14h198poif1rjuoyskjb3rhhd','MWM2NDY3OTI1YTFlYmE4Zjg4YzE0Y2YwODUyNTNjYTIyZjBkMDE3Yjp7fQ==','2015-12-26 09:54:17'),('omxc0w630kn0ifoxx5grrq6vxaq1xu3d','MWM2NDY3OTI1YTFlYmE4Zjg4YzE0Y2YwODUyNTNjYTIyZjBkMDE3Yjp7fQ==','2015-12-26 09:54:17'),('onwudrdg1rn1wt2w4yiq8uk34y2uepc1','MWM2NDY3OTI1YTFlYmE4Zjg4YzE0Y2YwODUyNTNjYTIyZjBkMDE3Yjp7fQ==','2015-11-20 05:37:59'),('oq3ckd0ywu6l82c897mjxh3ub2clk7zp','MWM2NDY3OTI1YTFlYmE4Zjg4YzE0Y2YwODUyNTNjYTIyZjBkMDE3Yjp7fQ==','2015-12-26 09:39:09'),('oqapxa4sw2g17u5675cf2accdfb7ob9f','MWM2NDY3OTI1YTFlYmE4Zjg4YzE0Y2YwODUyNTNjYTIyZjBkMDE3Yjp7fQ==','2015-12-25 05:41:04'),('osavjysld271mmq6hes9wdbsum1kcls5','MWM2NDY3OTI1YTFlYmE4Zjg4YzE0Y2YwODUyNTNjYTIyZjBkMDE3Yjp7fQ==','2015-12-26 08:28:56'),('osfohky3z2nhunllwj4phsuug33nch73','MWM2NDY3OTI1YTFlYmE4Zjg4YzE0Y2YwODUyNTNjYTIyZjBkMDE3Yjp7fQ==','2015-12-26 09:43:00'),('osu0mdjy29llzb60zta5s2slnk3093g5','MWM2NDY3OTI1YTFlYmE4Zjg4YzE0Y2YwODUyNTNjYTIyZjBkMDE3Yjp7fQ==','2015-12-29 05:16:16'),('ovffdpf5vybnfl2imeb54f2ilf0gb5iq','MWM2NDY3OTI1YTFlYmE4Zjg4YzE0Y2YwODUyNTNjYTIyZjBkMDE3Yjp7fQ==','2015-12-26 08:28:54'),('ovzdaiw27dt9z9q38rw1u03s9stm0v5g','MWM2NDY3OTI1YTFlYmE4Zjg4YzE0Y2YwODUyNTNjYTIyZjBkMDE3Yjp7fQ==','2015-12-26 09:42:58'),('owr29whor5k4dhx4hnuk5vhg0dujod93','MWM2NDY3OTI1YTFlYmE4Zjg4YzE0Y2YwODUyNTNjYTIyZjBkMDE3Yjp7fQ==','2015-12-26 08:21:18'),('oxjrf511fnj98fki8l6yptixfpp4fv9g','MWM2NDY3OTI1YTFlYmE4Zjg4YzE0Y2YwODUyNTNjYTIyZjBkMDE3Yjp7fQ==','2015-12-26 08:19:39'),('oxqpskx0ngijufrznqraw1lx1f2m1l1y','MWM2NDY3OTI1YTFlYmE4Zjg4YzE0Y2YwODUyNTNjYTIyZjBkMDE3Yjp7fQ==','2015-12-26 09:54:18'),('oxwsoabw4163ee0m2hkj671qu91hknn6','MWM2NDY3OTI1YTFlYmE4Zjg4YzE0Y2YwODUyNTNjYTIyZjBkMDE3Yjp7fQ==','2015-12-26 10:00:55'),('oykb0esd26exf2uynbdzwca5zpm10sfb','MWM2NDY3OTI1YTFlYmE4Zjg4YzE0Y2YwODUyNTNjYTIyZjBkMDE3Yjp7fQ==','2015-12-01 14:33:49'),('p0a6qci77p19dlstnlne8w3teruruodi','MWM2NDY3OTI1YTFlYmE4Zjg4YzE0Y2YwODUyNTNjYTIyZjBkMDE3Yjp7fQ==','2015-12-26 09:46:48'),('p1xek5g3dkh1wig9xky7gew820d80wp9','MWM2NDY3OTI1YTFlYmE4Zjg4YzE0Y2YwODUyNTNjYTIyZjBkMDE3Yjp7fQ==','2015-12-26 09:39:09'),('p2ro7uo8q0zpylltwl4c2ctmhzs4cx2e','MWM2NDY3OTI1YTFlYmE4Zjg4YzE0Y2YwODUyNTNjYTIyZjBkMDE3Yjp7fQ==','2015-12-02 10:27:45'),('p3bi7hpx8hirv99jsflgogb07srd6epl','MWM2NDY3OTI1YTFlYmE4Zjg4YzE0Y2YwODUyNTNjYTIyZjBkMDE3Yjp7fQ==','2015-12-02 10:29:51'),('p3g0le1s1ay9n9q3jb7pbvf7abxzxy0p','MWM2NDY3OTI1YTFlYmE4Zjg4YzE0Y2YwODUyNTNjYTIyZjBkMDE3Yjp7fQ==','2015-12-26 08:26:52'),('p4ju3nyuo4hmip2xfpsefoqzfubyr200','MWM2NDY3OTI1YTFlYmE4Zjg4YzE0Y2YwODUyNTNjYTIyZjBkMDE3Yjp7fQ==','2015-12-26 09:52:52'),('p4maq0i52rvn76ycrwlz9p2ou6qbqdtn','MWM2NDY3OTI1YTFlYmE4Zjg4YzE0Y2YwODUyNTNjYTIyZjBkMDE3Yjp7fQ==','2015-12-26 09:54:13'),('p6wgeuecwslrjhdw03tebbnkxhyz3d0f','MWM2NDY3OTI1YTFlYmE4Zjg4YzE0Y2YwODUyNTNjYTIyZjBkMDE3Yjp7fQ==','2015-12-26 09:49:48'),('p6xfg1hq84s89kqdljqlfr4gigo4rd3o','MWM2NDY3OTI1YTFlYmE4Zjg4YzE0Y2YwODUyNTNjYTIyZjBkMDE3Yjp7fQ==','2015-12-29 05:16:18'),('p7nnvptrk6gnha80usj7hgxke6b5mln3','MWM2NDY3OTI1YTFlYmE4Zjg4YzE0Y2YwODUyNTNjYTIyZjBkMDE3Yjp7fQ==','2015-12-26 08:29:52'),('pas8chmg53hrqbuco7vmz0g38l9unhly','MWM2NDY3OTI1YTFlYmE4Zjg4YzE0Y2YwODUyNTNjYTIyZjBkMDE3Yjp7fQ==','2015-12-26 10:08:36'),('pbl2r8upcor2bhwwerayg4bxp2pt4px5','MWM2NDY3OTI1YTFlYmE4Zjg4YzE0Y2YwODUyNTNjYTIyZjBkMDE3Yjp7fQ==','2015-12-26 09:50:52'),('pcu2rm5bt10gcwam3vmimsv0k1hke8g4','MWM2NDY3OTI1YTFlYmE4Zjg4YzE0Y2YwODUyNTNjYTIyZjBkMDE3Yjp7fQ==','2015-12-26 11:30:29'),('pf1in6ma17g8w0ews2l3c9f5251hb3k7','MWM2NDY3OTI1YTFlYmE4Zjg4YzE0Y2YwODUyNTNjYTIyZjBkMDE3Yjp7fQ==','2015-12-26 08:28:57'),('pgcz70xreybt0ryxpfhetm1w3ehwbk5y','MWM2NDY3OTI1YTFlYmE4Zjg4YzE0Y2YwODUyNTNjYTIyZjBkMDE3Yjp7fQ==','2015-12-26 10:00:29'),('ph663fald4uhr6cln9x5uop3sgsts19n','MWM2NDY3OTI1YTFlYmE4Zjg4YzE0Y2YwODUyNTNjYTIyZjBkMDE3Yjp7fQ==','2015-12-26 09:51:27'),('piu09nhopww55g2vmtbawa6tzdddeztl','MWM2NDY3OTI1YTFlYmE4Zjg4YzE0Y2YwODUyNTNjYTIyZjBkMDE3Yjp7fQ==','2015-12-26 09:50:48'),('pjin7actxj0qyzg97jpvpyjo56zchqhz','MWM2NDY3OTI1YTFlYmE4Zjg4YzE0Y2YwODUyNTNjYTIyZjBkMDE3Yjp7fQ==','2015-12-29 05:16:21'),('pjvy6buwos8v8yzgls6ifd77lupluivd','MWM2NDY3OTI1YTFlYmE4Zjg4YzE0Y2YwODUyNTNjYTIyZjBkMDE3Yjp7fQ==','2015-12-26 09:52:46'),('pkwp3j9tbwsnmg93tgx9ajnmbdc9rzjb','MWM2NDY3OTI1YTFlYmE4Zjg4YzE0Y2YwODUyNTNjYTIyZjBkMDE3Yjp7fQ==','2015-12-29 05:16:18'),('plcm6dg1zho3241rbcjbqx4y9pcr5137','MWM2NDY3OTI1YTFlYmE4Zjg4YzE0Y2YwODUyNTNjYTIyZjBkMDE3Yjp7fQ==','2015-12-26 08:19:30'),('pnnzj9wpve1ewaqqfe6p72bra9aw82m3','MWM2NDY3OTI1YTFlYmE4Zjg4YzE0Y2YwODUyNTNjYTIyZjBkMDE3Yjp7fQ==','2015-12-01 06:48:13'),('pqffqkf121bpyz0k0tia64z4gwzpmrxu','MWM2NDY3OTI1YTFlYmE4Zjg4YzE0Y2YwODUyNTNjYTIyZjBkMDE3Yjp7fQ==','2015-11-20 03:09:37'),('pszuyw1sgi6gkwgvyttkreuqqkehjko9','MWM2NDY3OTI1YTFlYmE4Zjg4YzE0Y2YwODUyNTNjYTIyZjBkMDE3Yjp7fQ==','2015-12-26 09:35:42'),('pteq55dxwf1lk0n4gpu24warftxfb6nm','MWM2NDY3OTI1YTFlYmE4Zjg4YzE0Y2YwODUyNTNjYTIyZjBkMDE3Yjp7fQ==','2015-12-26 09:46:37'),('pxomw5iyo4kvfibf92xghm5nnjikj4ii','MWM2NDY3OTI1YTFlYmE4Zjg4YzE0Y2YwODUyNTNjYTIyZjBkMDE3Yjp7fQ==','2015-12-26 09:43:36'),('pxttw2lgfy14bymk53wp8b229488nqau','MWM2NDY3OTI1YTFlYmE4Zjg4YzE0Y2YwODUyNTNjYTIyZjBkMDE3Yjp7fQ==','2015-12-26 10:00:36'),('q2oqpgcbftynyiqqr9djjif34ol8qgdf','MWM2NDY3OTI1YTFlYmE4Zjg4YzE0Y2YwODUyNTNjYTIyZjBkMDE3Yjp7fQ==','2015-12-24 11:16:47'),('q2runtumv0f21grsymmj5mf7iiwf2tgi','MWM2NDY3OTI1YTFlYmE4Zjg4YzE0Y2YwODUyNTNjYTIyZjBkMDE3Yjp7fQ==','2015-12-26 09:49:55'),('q2xhl0laa9o0uargiirc3tgqeq7kpyec','MWM2NDY3OTI1YTFlYmE4Zjg4YzE0Y2YwODUyNTNjYTIyZjBkMDE3Yjp7fQ==','2015-12-26 10:00:29'),('q3g8qiy34bo6kmvp7fbl5l44368xs0b3','MWM2NDY3OTI1YTFlYmE4Zjg4YzE0Y2YwODUyNTNjYTIyZjBkMDE3Yjp7fQ==','2015-12-26 09:40:09'),('q7qdjl484i75njwqolvfzr6b7nxj6jkl','MWM2NDY3OTI1YTFlYmE4Zjg4YzE0Y2YwODUyNTNjYTIyZjBkMDE3Yjp7fQ==','2015-12-26 11:30:32'),('qaxw79n8iy4xml87oqp2ln03t7z2z0m0','MWM2NDY3OTI1YTFlYmE4Zjg4YzE0Y2YwODUyNTNjYTIyZjBkMDE3Yjp7fQ==','2015-12-25 05:41:07'),('qcjj77vsji9daon6c6jokowcauklyphu','ZmM5MDk1MDU5MjY1MDI2MjhhMjJhYTZiNWQzMjY4MmMwMmVlZThlYzp7Il9hdXRoX3VzZXJfYmFja2VuZCI6ImRqYW5nby5jb250cmliLmF1dGguYmFja2VuZHMuTW9kZWxCYWNrZW5kIiwiX2F1dGhfdXNlcl9pZCI6Mjd9','2015-11-20 03:09:07'),('qedlvvu1hc2a83kf15rdo46p6qotjvgi','MWM2NDY3OTI1YTFlYmE4Zjg4YzE0Y2YwODUyNTNjYTIyZjBkMDE3Yjp7fQ==','2015-12-26 09:40:11'),('qekjzus5cvfiqh417qhn930zkqspp7y7','MWM2NDY3OTI1YTFlYmE4Zjg4YzE0Y2YwODUyNTNjYTIyZjBkMDE3Yjp7fQ==','2015-12-26 09:35:49'),('qgm1w9yue6u0qfdznp9n3rj874ch9n2u','MWM2NDY3OTI1YTFlYmE4Zjg4YzE0Y2YwODUyNTNjYTIyZjBkMDE3Yjp7fQ==','2015-12-25 05:41:08'),('qh03fi4c89va149os738gb28pz6d4b8h','MWM2NDY3OTI1YTFlYmE4Zjg4YzE0Y2YwODUyNTNjYTIyZjBkMDE3Yjp7fQ==','2015-12-26 07:00:07'),('qi60qpfyd406hltxrty50pqggednbl2k','MWM2NDY3OTI1YTFlYmE4Zjg4YzE0Y2YwODUyNTNjYTIyZjBkMDE3Yjp7fQ==','2015-12-26 08:28:52'),('qipblz37r7stqgmckxubfww8ll2e5w7s','MWM2NDY3OTI1YTFlYmE4Zjg4YzE0Y2YwODUyNTNjYTIyZjBkMDE3Yjp7fQ==','2015-11-20 05:38:10'),('qljr2rp9d5anf5sg2huqb8eeshb2mgoe','MWM2NDY3OTI1YTFlYmE4Zjg4YzE0Y2YwODUyNTNjYTIyZjBkMDE3Yjp7fQ==','2015-12-26 09:35:43'),('qnh0yvti6soh7n4ly2b1tm6i96hnvu8u','MWM2NDY3OTI1YTFlYmE4Zjg4YzE0Y2YwODUyNTNjYTIyZjBkMDE3Yjp7fQ==','2015-12-02 10:27:40'),('qozeavuejh25oafz5w2444cai266v9fh','MWM2NDY3OTI1YTFlYmE4Zjg4YzE0Y2YwODUyNTNjYTIyZjBkMDE3Yjp7fQ==','2015-12-19 11:31:03'),('qsik95m4epilp0bajvw7yckkf5keq2lu','MWM2NDY3OTI1YTFlYmE4Zjg4YzE0Y2YwODUyNTNjYTIyZjBkMDE3Yjp7fQ==','2015-11-20 03:08:59'),('qwxk5e5aecv9y6uentykhy0qjuk11p0s','MWM2NDY3OTI1YTFlYmE4Zjg4YzE0Y2YwODUyNTNjYTIyZjBkMDE3Yjp7fQ==','2015-11-20 05:38:10'),('qxrkbxfdga8rxm53mhzqeynqou66tf7j','MWM2NDY3OTI1YTFlYmE4Zjg4YzE0Y2YwODUyNTNjYTIyZjBkMDE3Yjp7fQ==','2015-12-01 06:48:29'),('r01tbtbkqkoul4fdx7wlk6l22e9i7pqg','MWM2NDY3OTI1YTFlYmE4Zjg4YzE0Y2YwODUyNTNjYTIyZjBkMDE3Yjp7fQ==','2015-12-26 09:40:08'),('r1s0ixo91ihw3zt88id6hksooo8nqgg9','MWM2NDY3OTI1YTFlYmE4Zjg4YzE0Y2YwODUyNTNjYTIyZjBkMDE3Yjp7fQ==','2015-12-01 06:48:16'),('r32891udmd8g6i37e36qi77qoi5vua7i','MWM2NDY3OTI1YTFlYmE4Zjg4YzE0Y2YwODUyNTNjYTIyZjBkMDE3Yjp7fQ==','2015-12-26 09:44:50'),('r3fgoy7bqhov79l0b53l850mw33qpx8w','MWM2NDY3OTI1YTFlYmE4Zjg4YzE0Y2YwODUyNTNjYTIyZjBkMDE3Yjp7fQ==','2015-11-20 05:27:45'),('r3vsfdrrkaag0n1qujq7kscivcf0loew','MWM2NDY3OTI1YTFlYmE4Zjg4YzE0Y2YwODUyNTNjYTIyZjBkMDE3Yjp7fQ==','2015-12-02 10:27:45'),('r4gwq5abt7cuf9x3qc9aa9ibqfvmcr68','MWM2NDY3OTI1YTFlYmE4Zjg4YzE0Y2YwODUyNTNjYTIyZjBkMDE3Yjp7fQ==','2015-12-26 07:08:32'),('r60iffgt7m4kgi6zzk1zv8tdd2b37xu8','MWM2NDY3OTI1YTFlYmE4Zjg4YzE0Y2YwODUyNTNjYTIyZjBkMDE3Yjp7fQ==','2015-12-26 09:50:48'),('r70lag6eqpqgiq6uplnd3eiouggq9euk','MWM2NDY3OTI1YTFlYmE4Zjg4YzE0Y2YwODUyNTNjYTIyZjBkMDE3Yjp7fQ==','2015-12-26 09:49:52'),('r7f4ek5sfimjpn0t7r1yz240kprq4crd','MWM2NDY3OTI1YTFlYmE4Zjg4YzE0Y2YwODUyNTNjYTIyZjBkMDE3Yjp7fQ==','2015-12-22 10:26:15'),('r8a77pol2csg5oeu55e608skre4yz6t7','MWM2NDY3OTI1YTFlYmE4Zjg4YzE0Y2YwODUyNTNjYTIyZjBkMDE3Yjp7fQ==','2015-11-20 05:27:43'),('r8oh1i6pvo5i9z0nu5b4qecesg2lyktc','MWM2NDY3OTI1YTFlYmE4Zjg4YzE0Y2YwODUyNTNjYTIyZjBkMDE3Yjp7fQ==','2015-11-25 12:59:19'),('r976ova99ubz0lrjsda20blo8bfyziv9','MWM2NDY3OTI1YTFlYmE4Zjg4YzE0Y2YwODUyNTNjYTIyZjBkMDE3Yjp7fQ==','2015-12-26 09:42:59'),('rcij4u1b23k5ccap2q3dyc7k6zggplas','MWM2NDY3OTI1YTFlYmE4Zjg4YzE0Y2YwODUyNTNjYTIyZjBkMDE3Yjp7fQ==','2015-12-26 11:30:31'),('rcixsjat6ck43uq4eanzqb9aw2btu8g2','MWM2NDY3OTI1YTFlYmE4Zjg4YzE0Y2YwODUyNTNjYTIyZjBkMDE3Yjp7fQ==','2015-12-26 09:35:43'),('rfzl9e1hsypsgfoj4ih4401djeke3v0d','MWM2NDY3OTI1YTFlYmE4Zjg4YzE0Y2YwODUyNTNjYTIyZjBkMDE3Yjp7fQ==','2015-12-02 07:32:52'),('rgdg46mp0xffj2n697or9h7ck6n6knxc','MWM2NDY3OTI1YTFlYmE4Zjg4YzE0Y2YwODUyNTNjYTIyZjBkMDE3Yjp7fQ==','2015-12-02 08:47:30'),('rgthgwm59wlcrlsflqhj0dws4l03mxo0','MWM2NDY3OTI1YTFlYmE4Zjg4YzE0Y2YwODUyNTNjYTIyZjBkMDE3Yjp7fQ==','2015-12-24 11:35:20'),('rh2v541ha7k25bccw2rtopr928aspm2c','MWM2NDY3OTI1YTFlYmE4Zjg4YzE0Y2YwODUyNTNjYTIyZjBkMDE3Yjp7fQ==','2015-11-30 13:15:54'),('ri9dq24sd9tjlnr57u6iocg9qf4jpngq','MWM2NDY3OTI1YTFlYmE4Zjg4YzE0Y2YwODUyNTNjYTIyZjBkMDE3Yjp7fQ==','2015-12-24 11:40:56'),('rjaljxbk0rhlzw7d10f7xsbl8qij7ldl','MWM2NDY3OTI1YTFlYmE4Zjg4YzE0Y2YwODUyNTNjYTIyZjBkMDE3Yjp7fQ==','2015-11-25 12:58:50'),('rjt5n1o9qbtvbuhkre4tj764kfxj67x3','MWM2NDY3OTI1YTFlYmE4Zjg4YzE0Y2YwODUyNTNjYTIyZjBkMDE3Yjp7fQ==','2015-12-21 13:48:47'),('rm367nsxd371lyfr635y5cfry8nlgqf4','MWM2NDY3OTI1YTFlYmE4Zjg4YzE0Y2YwODUyNTNjYTIyZjBkMDE3Yjp7fQ==','2015-12-24 11:10:08'),('rnlkujfzgq3voezf92ar5xgh7x1fh4mw','MWM2NDY3OTI1YTFlYmE4Zjg4YzE0Y2YwODUyNTNjYTIyZjBkMDE3Yjp7fQ==','2015-11-26 13:08:06'),('rphzf51h5qglpcxxe5fdwy1ygcj4fg1e','MWM2NDY3OTI1YTFlYmE4Zjg4YzE0Y2YwODUyNTNjYTIyZjBkMDE3Yjp7fQ==','2015-12-26 10:02:06'),('rpm87tqgbc14t9lqov7uj4lq5k1lz7j4','MWM2NDY3OTI1YTFlYmE4Zjg4YzE0Y2YwODUyNTNjYTIyZjBkMDE3Yjp7fQ==','2015-12-29 05:14:51'),('rq8zyv8xcfavsl3078xe44o2xedw4dzq','MWM2NDY3OTI1YTFlYmE4Zjg4YzE0Y2YwODUyNTNjYTIyZjBkMDE3Yjp7fQ==','2015-12-01 06:48:29'),('rrbbgsxelmqk7ceyhgmkvj8ahrm7m5ca','MWM2NDY3OTI1YTFlYmE4Zjg4YzE0Y2YwODUyNTNjYTIyZjBkMDE3Yjp7fQ==','2015-11-30 05:25:54'),('rsaa5eyvaad0ytjmwhz59hm632p394gg','MWM2NDY3OTI1YTFlYmE4Zjg4YzE0Y2YwODUyNTNjYTIyZjBkMDE3Yjp7fQ==','2015-11-20 05:27:43'),('ruxuwcnq3wnphc8t5b2meiw4miexnh1s','MWM2NDY3OTI1YTFlYmE4Zjg4YzE0Y2YwODUyNTNjYTIyZjBkMDE3Yjp7fQ==','2015-12-26 08:26:53'),('rvf1g09pmxzczma68husgamnmse9kekq','MWM2NDY3OTI1YTFlYmE4Zjg4YzE0Y2YwODUyNTNjYTIyZjBkMDE3Yjp7fQ==','2015-12-29 05:16:22'),('rw7hvgkmvj6135mp46tosupjiwm90f98','MWM2NDY3OTI1YTFlYmE4Zjg4YzE0Y2YwODUyNTNjYTIyZjBkMDE3Yjp7fQ==','2015-12-26 11:29:20'),('ryt59c8yd4elne7ccaoosirqw10y3deb','MWM2NDY3OTI1YTFlYmE4Zjg4YzE0Y2YwODUyNTNjYTIyZjBkMDE3Yjp7fQ==','2015-12-29 05:14:48'),('rzaopkzpoyczb68x2vi2lby0ow82y8s1','MWM2NDY3OTI1YTFlYmE4Zjg4YzE0Y2YwODUyNTNjYTIyZjBkMDE3Yjp7fQ==','2015-12-26 09:51:32'),('s1k5qot12cqdnli4nbnlqdi8jj1d26an','MWM2NDY3OTI1YTFlYmE4Zjg4YzE0Y2YwODUyNTNjYTIyZjBkMDE3Yjp7fQ==','2015-12-26 09:46:34'),('s1sxuk36oo9mgwitslzmd3v47txs3mla','MWM2NDY3OTI1YTFlYmE4Zjg4YzE0Y2YwODUyNTNjYTIyZjBkMDE3Yjp7fQ==','2015-12-26 09:46:37'),('s3t9aohh52ezvma3mili37l8dbx0a1wo','MWM2NDY3OTI1YTFlYmE4Zjg4YzE0Y2YwODUyNTNjYTIyZjBkMDE3Yjp7fQ==','2015-12-01 06:48:19'),('s4qsyhq77oiqhkt34vzffe4937891e5f','MWM2NDY3OTI1YTFlYmE4Zjg4YzE0Y2YwODUyNTNjYTIyZjBkMDE3Yjp7fQ==','2015-11-30 13:15:51'),('s74g83j6xnltx0c0kuu1phoxuzk4ym79','MWM2NDY3OTI1YTFlYmE4Zjg4YzE0Y2YwODUyNTNjYTIyZjBkMDE3Yjp7fQ==','2015-12-02 08:47:27'),('sdrztsecybyqy7fbu3r83nh09hulhlgs','MWM2NDY3OTI1YTFlYmE4Zjg4YzE0Y2YwODUyNTNjYTIyZjBkMDE3Yjp7fQ==','2015-12-26 09:44:45'),('seb1fb0zw5epq3h9ve6uwh6hwz26q7fn','MWM2NDY3OTI1YTFlYmE4Zjg4YzE0Y2YwODUyNTNjYTIyZjBkMDE3Yjp7fQ==','2015-12-26 09:40:06'),('sej8s85nsqdxe6hjw611fmd2lirrf0im','MWM2NDY3OTI1YTFlYmE4Zjg4YzE0Y2YwODUyNTNjYTIyZjBkMDE3Yjp7fQ==','2015-12-26 10:00:49'),('sf9ltdt6va0zg5k0d4k23xrc3mu2c6j4','MWM2NDY3OTI1YTFlYmE4Zjg4YzE0Y2YwODUyNTNjYTIyZjBkMDE3Yjp7fQ==','2015-12-26 09:54:18'),('sgu78i50gtng8ao7ffagmbv29qomt7zk','MWM2NDY3OTI1YTFlYmE4Zjg4YzE0Y2YwODUyNTNjYTIyZjBkMDE3Yjp7fQ==','2015-12-26 08:26:53'),('sh16x1bk5r16jnu7ahqgxvd61istk25w','MWM2NDY3OTI1YTFlYmE4Zjg4YzE0Y2YwODUyNTNjYTIyZjBkMDE3Yjp7fQ==','2015-12-26 09:44:49'),('sh21wbewvubqlz9ctxaofjtx9525o58d','MWM2NDY3OTI1YTFlYmE4Zjg4YzE0Y2YwODUyNTNjYTIyZjBkMDE3Yjp7fQ==','2015-12-26 10:00:50'),('siyh16l9xv3hs7hwwpzml2owz9x6k56v','ZmM5MDk1MDU5MjY1MDI2MjhhMjJhYTZiNWQzMjY4MmMwMmVlZThlYzp7Il9hdXRoX3VzZXJfYmFja2VuZCI6ImRqYW5nby5jb250cmliLmF1dGguYmFja2VuZHMuTW9kZWxCYWNrZW5kIiwiX2F1dGhfdXNlcl9pZCI6Mjd9','2015-11-20 05:37:46'),('skcprcauk28q8nkztn4g2v7ik51fgg5q','NDE3YTY5NTA5N2M0ZTYwMmUwMWIyNmYzZjFhMThiNzAwYTI4Zjc5OTp7Il9hdXRoX3VzZXJfYmFja2VuZCI6ImRqYW5nby5jb250cmliLmF1dGguYmFja2VuZHMuTW9kZWxCYWNrZW5kIiwiX2F1dGhfdXNlcl9pZCI6MX0=','2015-12-25 06:49:31'),('sls0gkxr17pnj6uup6o7vqkwg6ncmzc8','MWM2NDY3OTI1YTFlYmE4Zjg4YzE0Y2YwODUyNTNjYTIyZjBkMDE3Yjp7fQ==','2015-12-02 10:29:49'),('sluhw6yrzoxud7o2gqgg149vrfefcs1h','MWM2NDY3OTI1YTFlYmE4Zjg4YzE0Y2YwODUyNTNjYTIyZjBkMDE3Yjp7fQ==','2015-12-26 10:00:32'),('slykhcxkw6sa9f92twqmez9txz53qnhc','MWM2NDY3OTI1YTFlYmE4Zjg4YzE0Y2YwODUyNTNjYTIyZjBkMDE3Yjp7fQ==','2015-12-26 09:46:37'),('smjp22hse4yj9wrg5v2okqcfw00jhub3','MWM2NDY3OTI1YTFlYmE4Zjg4YzE0Y2YwODUyNTNjYTIyZjBkMDE3Yjp7fQ==','2015-12-26 07:08:32'),('smpiure68nbqgkjmmapctk5qllvrehuj','MWM2NDY3OTI1YTFlYmE4Zjg4YzE0Y2YwODUyNTNjYTIyZjBkMDE3Yjp7fQ==','2015-12-26 09:35:48'),('sr27x6wcl9gr3m39s0k6525ng66uoxx0','MWM2NDY3OTI1YTFlYmE4Zjg4YzE0Y2YwODUyNTNjYTIyZjBkMDE3Yjp7fQ==','2015-12-26 10:00:37'),('srmvctyxvvrr5fk9ryio413ynq6nd38b','MWM2NDY3OTI1YTFlYmE4Zjg4YzE0Y2YwODUyNTNjYTIyZjBkMDE3Yjp7fQ==','2015-12-26 09:50:49'),('ssnsre2vmneeho4l0g5b6gexdu5okqko','MWM2NDY3OTI1YTFlYmE4Zjg4YzE0Y2YwODUyNTNjYTIyZjBkMDE3Yjp7fQ==','2015-12-26 09:52:49'),('ssrdyswerspq3lt5mxzf7mtce1epe6c1','MWM2NDY3OTI1YTFlYmE4Zjg4YzE0Y2YwODUyNTNjYTIyZjBkMDE3Yjp7fQ==','2015-12-26 08:25:12'),('suu88xsyp9qzmto6jmi9qb6xy8vb47l6','MWM2NDY3OTI1YTFlYmE4Zjg4YzE0Y2YwODUyNTNjYTIyZjBkMDE3Yjp7fQ==','2015-11-20 05:37:36'),('svdpjuh4ammnzf8crporch23doqq37hk','MWM2NDY3OTI1YTFlYmE4Zjg4YzE0Y2YwODUyNTNjYTIyZjBkMDE3Yjp7fQ==','2015-12-26 08:28:53'),('svnyfs8ne5iwlo1t85vgavfgz6303th3','MWM2NDY3OTI1YTFlYmE4Zjg4YzE0Y2YwODUyNTNjYTIyZjBkMDE3Yjp7fQ==','2015-10-27 17:13:20'),('sxjfenmqfjtgarh6wvedqh748dgp6iff','MWM2NDY3OTI1YTFlYmE4Zjg4YzE0Y2YwODUyNTNjYTIyZjBkMDE3Yjp7fQ==','2015-12-26 09:46:37'),('sz5yi10sygxgx3gvcianie37zmofv1xa','MWM2NDY3OTI1YTFlYmE4Zjg4YzE0Y2YwODUyNTNjYTIyZjBkMDE3Yjp7fQ==','2015-12-26 08:19:20'),('t0auwk1lylz1fnz09ukr35ngbemhmc15','YjQwMDBjMWYxMTQzN2Y1YjhhY2E4OGQ4MzBmYzAwNTBlNzZjYmI1NDp7Il9hdXRoX3VzZXJfYmFja2VuZCI6ImRqYW5nby5jb250cmliLmF1dGguYmFja2VuZHMuTW9kZWxCYWNrZW5kIiwiX2F1dGhfdXNlcl9pZCI6NX0=','2015-11-25 12:59:23'),('t0f02pnag5495a9zgortbeckqfxjmyk6','MWM2NDY3OTI1YTFlYmE4Zjg4YzE0Y2YwODUyNTNjYTIyZjBkMDE3Yjp7fQ==','2015-12-26 09:51:24'),('t0ilnptb5a02o5ga4vzlp2umwuc1oyjt','MWM2NDY3OTI1YTFlYmE4Zjg4YzE0Y2YwODUyNTNjYTIyZjBkMDE3Yjp7fQ==','2015-12-26 08:30:07'),('t10pb57w2uarb7c1cozj4u437ffw9wrw','MWM2NDY3OTI1YTFlYmE4Zjg4YzE0Y2YwODUyNTNjYTIyZjBkMDE3Yjp7fQ==','2015-12-29 05:16:19'),('t1s1gnkgy9cblnxcmu95owlcxm5slalz','MWM2NDY3OTI1YTFlYmE4Zjg4YzE0Y2YwODUyNTNjYTIyZjBkMDE3Yjp7fQ==','2015-12-26 09:51:17'),('t219vk3k55j27s7vdj1dn9j5a5vaem2q','MWM2NDY3OTI1YTFlYmE4Zjg4YzE0Y2YwODUyNTNjYTIyZjBkMDE3Yjp7fQ==','2015-11-26 13:07:51'),('t4l4l4jjqtigzn5lm2vr0odselzgak6f','MWM2NDY3OTI1YTFlYmE4Zjg4YzE0Y2YwODUyNTNjYTIyZjBkMDE3Yjp7fQ==','2015-12-26 11:29:17'),('t6e3qzgw0nxj86uhrsx8ffu04fj9zdx6','MWM2NDY3OTI1YTFlYmE4Zjg4YzE0Y2YwODUyNTNjYTIyZjBkMDE3Yjp7fQ==','2015-12-26 09:40:10'),('t6wg0db4pdgxy0aaz8rl84gtl4qj496y','MWM2NDY3OTI1YTFlYmE4Zjg4YzE0Y2YwODUyNTNjYTIyZjBkMDE3Yjp7fQ==','2015-12-26 09:35:49'),('t80dk3nvu8z7yb51bssdcz94xo21pgww','MWM2NDY3OTI1YTFlYmE4Zjg4YzE0Y2YwODUyNTNjYTIyZjBkMDE3Yjp7fQ==','2015-12-25 05:41:14'),('t8yt6m2nbs1on8mu8hzm57hacu21abnt','MWM2NDY3OTI1YTFlYmE4Zjg4YzE0Y2YwODUyNTNjYTIyZjBkMDE3Yjp7fQ==','2015-12-26 08:22:41'),('t995cnx2lr6xlacey6pf3f8wq34poovs','MWM2NDY3OTI1YTFlYmE4Zjg4YzE0Y2YwODUyNTNjYTIyZjBkMDE3Yjp7fQ==','2015-12-26 08:25:06'),('tac14awndomm7s7vwox74v0k2vkounki','MWM2NDY3OTI1YTFlYmE4Zjg4YzE0Y2YwODUyNTNjYTIyZjBkMDE3Yjp7fQ==','2015-12-26 11:29:25'),('tank7x19ecnp79eaz3tbl9fdbyjv132a','MWM2NDY3OTI1YTFlYmE4Zjg4YzE0Y2YwODUyNTNjYTIyZjBkMDE3Yjp7fQ==','2015-12-26 10:08:38'),('tberm8zt7tb8xza2iw4m6djjrqz8s7rc','MWM2NDY3OTI1YTFlYmE4Zjg4YzE0Y2YwODUyNTNjYTIyZjBkMDE3Yjp7fQ==','2015-12-26 09:46:41'),('tdamqomesjojsi1wkvl1l28l0dc18z7p','MWM2NDY3OTI1YTFlYmE4Zjg4YzE0Y2YwODUyNTNjYTIyZjBkMDE3Yjp7fQ==','2015-11-30 05:25:54'),('tdjb4ux2ayczit2vmf7hrcaaf22w6o7n','MWM2NDY3OTI1YTFlYmE4Zjg4YzE0Y2YwODUyNTNjYTIyZjBkMDE3Yjp7fQ==','2015-12-26 09:49:48'),('ten58lzo8rb51rkxdk17c2tgnz8egroq','ZmM5MDk1MDU5MjY1MDI2MjhhMjJhYTZiNWQzMjY4MmMwMmVlZThlYzp7Il9hdXRoX3VzZXJfYmFja2VuZCI6ImRqYW5nby5jb250cmliLmF1dGguYmFja2VuZHMuTW9kZWxCYWNrZW5kIiwiX2F1dGhfdXNlcl9pZCI6Mjd9','2015-11-20 03:08:30'),('tfpucwkl56fxonp07y3pl4zjwmy110ht','MWM2NDY3OTI1YTFlYmE4Zjg4YzE0Y2YwODUyNTNjYTIyZjBkMDE3Yjp7fQ==','2015-12-25 05:41:08'),('tg22cfotf0fm24cllvjo24gd3ub1h4ew','MWM2NDY3OTI1YTFlYmE4Zjg4YzE0Y2YwODUyNTNjYTIyZjBkMDE3Yjp7fQ==','2015-12-26 08:25:09'),('tgf8wzikdhze5xtv88unaix7dm33ejma','MWM2NDY3OTI1YTFlYmE4Zjg4YzE0Y2YwODUyNTNjYTIyZjBkMDE3Yjp7fQ==','2015-11-26 13:08:14'),('tiso17dtu24ownwlir8h3mchvq83b6ef','MWM2NDY3OTI1YTFlYmE4Zjg4YzE0Y2YwODUyNTNjYTIyZjBkMDE3Yjp7fQ==','2015-12-25 05:39:45'),('tk8zybj7ezgg53x702wo67dvzmz71u65','MWM2NDY3OTI1YTFlYmE4Zjg4YzE0Y2YwODUyNTNjYTIyZjBkMDE3Yjp7fQ==','2015-12-26 09:51:22'),('tldkacfllnrs4q48j2103rru5luhj60b','MWM2NDY3OTI1YTFlYmE4Zjg4YzE0Y2YwODUyNTNjYTIyZjBkMDE3Yjp7fQ==','2015-11-30 10:55:06'),('tlkcz1dzxt4rb3lxgkd0y5nj5oe9txqd','MWM2NDY3OTI1YTFlYmE4Zjg4YzE0Y2YwODUyNTNjYTIyZjBkMDE3Yjp7fQ==','2015-11-21 11:37:56'),('tlkp7my1t2ilanovy5804m88stf66yji','MWM2NDY3OTI1YTFlYmE4Zjg4YzE0Y2YwODUyNTNjYTIyZjBkMDE3Yjp7fQ==','2015-12-26 09:49:43'),('tnflnpiq6e2lelr53hrpgl9h9emzjyng','MWM2NDY3OTI1YTFlYmE4Zjg4YzE0Y2YwODUyNTNjYTIyZjBkMDE3Yjp7fQ==','2015-11-26 13:08:32'),('to35gtliz4du1mvr63v3ea2nurfk37kk','MWM2NDY3OTI1YTFlYmE4Zjg4YzE0Y2YwODUyNTNjYTIyZjBkMDE3Yjp7fQ==','2015-12-29 05:16:20'),('tonohktnelqx5fdght9l3wrwq5ffenvo','MWM2NDY3OTI1YTFlYmE4Zjg4YzE0Y2YwODUyNTNjYTIyZjBkMDE3Yjp7fQ==','2015-12-26 11:29:24'),('tp2r53ewo3anqfaqx56ac5n5uhcjiojg','MWM2NDY3OTI1YTFlYmE4Zjg4YzE0Y2YwODUyNTNjYTIyZjBkMDE3Yjp7fQ==','2015-11-20 05:28:00'),('trabwp7p7o37dphoa88u87cjzcq1wj8p','MWM2NDY3OTI1YTFlYmE4Zjg4YzE0Y2YwODUyNTNjYTIyZjBkMDE3Yjp7fQ==','2015-11-20 05:37:33'),('trvtzle422y6q5lsg7ht3iw1exvuekfy','MWM2NDY3OTI1YTFlYmE4Zjg4YzE0Y2YwODUyNTNjYTIyZjBkMDE3Yjp7fQ==','2015-12-01 14:44:59'),('tsuqfbncs0yoa7c5yfm25kswstvuxaiy','MWM2NDY3OTI1YTFlYmE4Zjg4YzE0Y2YwODUyNTNjYTIyZjBkMDE3Yjp7fQ==','2015-12-26 07:08:26'),('tuh66uhkypvcioxuge00lhwmx588ia10','MWM2NDY3OTI1YTFlYmE4Zjg4YzE0Y2YwODUyNTNjYTIyZjBkMDE3Yjp7fQ==','2015-12-24 11:19:14'),('tulvfe9u846ehjs7t1p6dxsq9tiszrv3','MWM2NDY3OTI1YTFlYmE4Zjg4YzE0Y2YwODUyNTNjYTIyZjBkMDE3Yjp7fQ==','2015-12-26 08:19:54'),('tupa3c43ml77fhu74k30p9ggbd1xdzi5','MWM2NDY3OTI1YTFlYmE4Zjg4YzE0Y2YwODUyNTNjYTIyZjBkMDE3Yjp7fQ==','2015-12-26 09:43:01'),('tuxvutjra8nr9scn0i0zsw151p1tfdyl','MWM2NDY3OTI1YTFlYmE4Zjg4YzE0Y2YwODUyNTNjYTIyZjBkMDE3Yjp7fQ==','2015-11-20 05:37:45'),('tvbsa7usyqmuqq6lxp29nt0o41uyr9zu','MWM2NDY3OTI1YTFlYmE4Zjg4YzE0Y2YwODUyNTNjYTIyZjBkMDE3Yjp7fQ==','2015-12-25 05:40:55'),('tw4ib0hbrl6wmvrlqw2en85ptzau0z3g','MWM2NDY3OTI1YTFlYmE4Zjg4YzE0Y2YwODUyNTNjYTIyZjBkMDE3Yjp7fQ==','2015-12-26 09:50:50'),('tw746aql7ibq7cjpb2d8ca1attfqwmnj','MWM2NDY3OTI1YTFlYmE4Zjg4YzE0Y2YwODUyNTNjYTIyZjBkMDE3Yjp7fQ==','2015-12-26 09:50:50'),('txh175q7xdzxddiz68sfhod638kzuxuw','MWM2NDY3OTI1YTFlYmE4Zjg4YzE0Y2YwODUyNTNjYTIyZjBkMDE3Yjp7fQ==','2015-12-26 08:19:56'),('tzne9psk0dxw9tc4bica1k3t6iu7e99i','MWM2NDY3OTI1YTFlYmE4Zjg4YzE0Y2YwODUyNTNjYTIyZjBkMDE3Yjp7fQ==','2015-12-26 09:46:46'),('u0mjl1s2w1g3flf5d7r7y9mznc64x8cs','MWM2NDY3OTI1YTFlYmE4Zjg4YzE0Y2YwODUyNTNjYTIyZjBkMDE3Yjp7fQ==','2015-11-26 13:08:08'),('u1ej7qc8gz0a0up0736zurea0d1qu60d','MWM2NDY3OTI1YTFlYmE4Zjg4YzE0Y2YwODUyNTNjYTIyZjBkMDE3Yjp7fQ==','2015-12-24 11:09:00'),('u2reajttfaqnsmldc2udjqdejxkuks6e','MWM2NDY3OTI1YTFlYmE4Zjg4YzE0Y2YwODUyNTNjYTIyZjBkMDE3Yjp7fQ==','2015-12-26 08:19:26'),('u2zdw45cg1321kx3ev1o9lqykw4u4te9','MWM2NDY3OTI1YTFlYmE4Zjg4YzE0Y2YwODUyNTNjYTIyZjBkMDE3Yjp7fQ==','2015-12-26 09:46:53'),('u3hak3ags81duu9hyi88uc3n3jyb6a5x','MWM2NDY3OTI1YTFlYmE4Zjg4YzE0Y2YwODUyNTNjYTIyZjBkMDE3Yjp7fQ==','2015-12-26 11:29:25'),('u6atdbm5xydjpz1zh9wijrsd3gu1w6th','MWM2NDY3OTI1YTFlYmE4Zjg4YzE0Y2YwODUyNTNjYTIyZjBkMDE3Yjp7fQ==','2015-11-26 13:08:37'),('u84o0f7kti5fqrrjoq1aqjcyzqrx687r','MWM2NDY3OTI1YTFlYmE4Zjg4YzE0Y2YwODUyNTNjYTIyZjBkMDE3Yjp7fQ==','2015-12-21 13:46:26'),('ud4twe1qxxeecsa9h537kgt86rno078i','MWM2NDY3OTI1YTFlYmE4Zjg4YzE0Y2YwODUyNTNjYTIyZjBkMDE3Yjp7fQ==','2015-12-01 06:49:02'),('uej0ndi4ect2ni0ar7co025vjh232ghr','MWM2NDY3OTI1YTFlYmE4Zjg4YzE0Y2YwODUyNTNjYTIyZjBkMDE3Yjp7fQ==','2015-12-25 05:41:10'),('uge6k1ari2ohz7u926f3eldnnazmtjuv','NGEyM2MwNjdlODA4Y2YxYTMzY2Q5MTM5MTllYjA4ZjkzOTRiNzc4Yjp7Il9hdXRoX3VzZXJfYmFja2VuZCI6ImRqYW5nby5jb250cmliLmF1dGguYmFja2VuZHMuTW9kZWxCYWNrZW5kIiwiX2F1dGhfdXNlcl9pZCI6MzB9','2015-11-14 14:52:27'),('ugjd29luro4rx3jvn50rn2n1dux5gvfa','MWM2NDY3OTI1YTFlYmE4Zjg4YzE0Y2YwODUyNTNjYTIyZjBkMDE3Yjp7fQ==','2015-12-26 10:01:52'),('uhts8c5yfmroku5geu90gh7b12ii8xat','MWM2NDY3OTI1YTFlYmE4Zjg4YzE0Y2YwODUyNTNjYTIyZjBkMDE3Yjp7fQ==','2015-11-20 08:27:38'),('ujvmk3tbfei6v785lbyaan5z1p8poc8x','MWM2NDY3OTI1YTFlYmE4Zjg4YzE0Y2YwODUyNTNjYTIyZjBkMDE3Yjp7fQ==','2015-12-29 05:14:52'),('ukm1f93o3gct41e7072v0ppd2l68bnbq','MWM2NDY3OTI1YTFlYmE4Zjg4YzE0Y2YwODUyNTNjYTIyZjBkMDE3Yjp7fQ==','2015-12-26 08:21:55'),('umvmxe0k708waxig8fne3stcmy3sqsfb','MWM2NDY3OTI1YTFlYmE4Zjg4YzE0Y2YwODUyNTNjYTIyZjBkMDE3Yjp7fQ==','2015-12-26 11:29:21'),('urpjlfvuvrzys6blpxc98qaksg1t0hf0','MWM2NDY3OTI1YTFlYmE4Zjg4YzE0Y2YwODUyNTNjYTIyZjBkMDE3Yjp7fQ==','2015-12-29 05:14:48'),('urzcm2yggjkpfn05l6ruar0zlcc694el','MWM2NDY3OTI1YTFlYmE4Zjg4YzE0Y2YwODUyNTNjYTIyZjBkMDE3Yjp7fQ==','2015-12-26 08:25:11'),('usvqm4lkecglixd9y3kawlt4xxp7q6vc','MWM2NDY3OTI1YTFlYmE4Zjg4YzE0Y2YwODUyNTNjYTIyZjBkMDE3Yjp7fQ==','2015-12-26 10:08:33'),('ut4nuc4yivtxg2xsjtm1zochztbehv50','MWM2NDY3OTI1YTFlYmE4Zjg4YzE0Y2YwODUyNTNjYTIyZjBkMDE3Yjp7fQ==','2015-11-20 03:08:29'),('utw3ixw36rzpmdbudmlungwq4pabeera','MWM2NDY3OTI1YTFlYmE4Zjg4YzE0Y2YwODUyNTNjYTIyZjBkMDE3Yjp7fQ==','2015-12-26 10:00:55'),('uywfy830t43ygug37sro2e63d5iwiul4','MWM2NDY3OTI1YTFlYmE4Zjg4YzE0Y2YwODUyNTNjYTIyZjBkMDE3Yjp7fQ==','2015-12-26 08:29:51'),('v0s5enmrpgiw8tfe3tkps5a08nd9ezdz','MWM2NDY3OTI1YTFlYmE4Zjg4YzE0Y2YwODUyNTNjYTIyZjBkMDE3Yjp7fQ==','2015-12-02 08:46:23'),('v0tdvq8sqn68dlylgf8cmx87txdly92r','MWM2NDY3OTI1YTFlYmE4Zjg4YzE0Y2YwODUyNTNjYTIyZjBkMDE3Yjp7fQ==','2015-12-26 09:54:21'),('v1ai1dryzcj62g8xmlmkwzmunfy2as1n','MWM2NDY3OTI1YTFlYmE4Zjg4YzE0Y2YwODUyNTNjYTIyZjBkMDE3Yjp7fQ==','2015-12-26 09:44:51'),('v1wlx1vqzqxcro1sviw4nlagvv6ww2rz','MWM2NDY3OTI1YTFlYmE4Zjg4YzE0Y2YwODUyNTNjYTIyZjBkMDE3Yjp7fQ==','2015-12-25 05:41:04'),('v2xj1fliz0kyn9o03xf6p45rlwcys0os','MWM2NDY3OTI1YTFlYmE4Zjg4YzE0Y2YwODUyNTNjYTIyZjBkMDE3Yjp7fQ==','2015-12-26 09:52:53'),('v9c8fgi7mq0blva8m0ohym4z9nudutkl','MWM2NDY3OTI1YTFlYmE4Zjg4YzE0Y2YwODUyNTNjYTIyZjBkMDE3Yjp7fQ==','2015-12-25 05:39:39'),('vbeb0xsoz1s9z5j6v3guuj0gzj2fisy7','MWM2NDY3OTI1YTFlYmE4Zjg4YzE0Y2YwODUyNTNjYTIyZjBkMDE3Yjp7fQ==','2015-12-02 10:29:45'),('vc9no6qfb1uu5pgmqqu1aqm0iz9k3ftq','MWM2NDY3OTI1YTFlYmE4Zjg4YzE0Y2YwODUyNTNjYTIyZjBkMDE3Yjp7fQ==','2015-12-29 05:16:22'),('ve3zgy0j2chsf6o0vrr9ror1giwkrjsg','MWM2NDY3OTI1YTFlYmE4Zjg4YzE0Y2YwODUyNTNjYTIyZjBkMDE3Yjp7fQ==','2015-12-26 11:29:25'),('vf11jbkpuz09swpii9b59mcrz9f9l0fa','MWM2NDY3OTI1YTFlYmE4Zjg4YzE0Y2YwODUyNTNjYTIyZjBkMDE3Yjp7fQ==','2015-12-26 09:46:39'),('vgc43tbj99km1ko67468rxw4s5pgc1js','MWM2NDY3OTI1YTFlYmE4Zjg4YzE0Y2YwODUyNTNjYTIyZjBkMDE3Yjp7fQ==','2015-12-26 09:49:48'),('vi8qw4kfun2mygm2quc8lp8wrw5d44hp','MWM2NDY3OTI1YTFlYmE4Zjg4YzE0Y2YwODUyNTNjYTIyZjBkMDE3Yjp7fQ==','2015-11-30 10:55:06'),('vj5rmxhjya19q6frne30sibm7rj50o9t','MWM2NDY3OTI1YTFlYmE4Zjg4YzE0Y2YwODUyNTNjYTIyZjBkMDE3Yjp7fQ==','2015-12-26 11:29:20'),('vjuj8gwur6g6sfbvnwbmm5dvjs0bndll','MWM2NDY3OTI1YTFlYmE4Zjg4YzE0Y2YwODUyNTNjYTIyZjBkMDE3Yjp7fQ==','2015-12-26 09:49:53'),('vmbxxkz0lcs63bp5zo10c73ejrbtk627','MWM2NDY3OTI1YTFlYmE4Zjg4YzE0Y2YwODUyNTNjYTIyZjBkMDE3Yjp7fQ==','2015-11-30 10:57:52'),('vo1scw9lkxv5sha33jw69n4t51j1z39g','MWM2NDY3OTI1YTFlYmE4Zjg4YzE0Y2YwODUyNTNjYTIyZjBkMDE3Yjp7fQ==','2015-12-26 11:29:18'),('voeze6j67mfg01aumju8ty4989pq6rtl','MWM2NDY3OTI1YTFlYmE4Zjg4YzE0Y2YwODUyNTNjYTIyZjBkMDE3Yjp7fQ==','2015-11-25 12:59:19'),('vpgodub18xbqtwwtsa4ldh4cqfk2qhru','MWM2NDY3OTI1YTFlYmE4Zjg4YzE0Y2YwODUyNTNjYTIyZjBkMDE3Yjp7fQ==','2015-12-26 08:29:48'),('vppl6kct56uobwlc6l57j5a2ta6lairz','MWM2NDY3OTI1YTFlYmE4Zjg4YzE0Y2YwODUyNTNjYTIyZjBkMDE3Yjp7fQ==','2015-12-26 08:28:53'),('vqctb5mx8b6rdwfnoo1t2iayn5ph1yi4','MWM2NDY3OTI1YTFlYmE4Zjg4YzE0Y2YwODUyNTNjYTIyZjBkMDE3Yjp7fQ==','2015-10-31 11:44:37'),('vqly8yv2ly6ql7fxyghay297uye1lmkx','MWM2NDY3OTI1YTFlYmE4Zjg4YzE0Y2YwODUyNTNjYTIyZjBkMDE3Yjp7fQ==','2015-12-26 08:25:07'),('vt6nzgy2jv6idswk5dweq3slqintzfiy','MWM2NDY3OTI1YTFlYmE4Zjg4YzE0Y2YwODUyNTNjYTIyZjBkMDE3Yjp7fQ==','2015-12-26 11:29:24'),('vt6ps3s0136w9etowgqg2uf2ry2zr2z5','MWM2NDY3OTI1YTFlYmE4Zjg4YzE0Y2YwODUyNTNjYTIyZjBkMDE3Yjp7fQ==','2015-12-26 09:35:47'),('vtxncg3f4vjkdamh8zxdc20tuz44bzwt','MWM2NDY3OTI1YTFlYmE4Zjg4YzE0Y2YwODUyNTNjYTIyZjBkMDE3Yjp7fQ==','2015-12-26 10:08:37'),('vueu8tzewb2np7hm7csfk0tlywuilmut','MWM2NDY3OTI1YTFlYmE4Zjg4YzE0Y2YwODUyNTNjYTIyZjBkMDE3Yjp7fQ==','2015-12-29 06:59:09'),('vxk21mo72sgmqkowmemepn04x5lez60l','MWM2NDY3OTI1YTFlYmE4Zjg4YzE0Y2YwODUyNTNjYTIyZjBkMDE3Yjp7fQ==','2015-11-20 08:27:46'),('vz1vmmnzoq4xqnus0jy7xdcigkrtqpw4','MWM2NDY3OTI1YTFlYmE4Zjg4YzE0Y2YwODUyNTNjYTIyZjBkMDE3Yjp7fQ==','2015-11-20 05:37:59'),('vzoblzh0wknm860tjcuvdl3owj09pj2v','MWM2NDY3OTI1YTFlYmE4Zjg4YzE0Y2YwODUyNTNjYTIyZjBkMDE3Yjp7fQ==','2015-12-25 05:41:00'),('w077a1u33lzg22p6oisy5pg1infrcayu','MWM2NDY3OTI1YTFlYmE4Zjg4YzE0Y2YwODUyNTNjYTIyZjBkMDE3Yjp7fQ==','2015-12-29 05:14:50'),('w0dl21ed7qbktw4a9nv5czmzoavfbylw','ZmM5MDk1MDU5MjY1MDI2MjhhMjJhYTZiNWQzMjY4MmMwMmVlZThlYzp7Il9hdXRoX3VzZXJfYmFja2VuZCI6ImRqYW5nby5jb250cmliLmF1dGguYmFja2VuZHMuTW9kZWxCYWNrZW5kIiwiX2F1dGhfdXNlcl9pZCI6Mjd9','2015-12-02 07:32:58'),('w1lczlp3cbis5breojyaql7oe2hgeigo','MWM2NDY3OTI1YTFlYmE4Zjg4YzE0Y2YwODUyNTNjYTIyZjBkMDE3Yjp7fQ==','2015-12-26 11:29:17'),('w1nrvi0hdz9k049vqmjwrj7rktzq9rq2','MWM2NDY3OTI1YTFlYmE4Zjg4YzE0Y2YwODUyNTNjYTIyZjBkMDE3Yjp7fQ==','2015-11-30 10:57:52'),('w238s1h3fz048mfdbne77isa8u4mnthv','MWM2NDY3OTI1YTFlYmE4Zjg4YzE0Y2YwODUyNTNjYTIyZjBkMDE3Yjp7fQ==','2015-12-26 09:40:20'),('w2zkqq8yea337nj9xudmgyhtwmlkneld','MWM2NDY3OTI1YTFlYmE4Zjg4YzE0Y2YwODUyNTNjYTIyZjBkMDE3Yjp7fQ==','2015-12-21 13:45:37'),('w30ya2gtwti764a84t0h420szkjc70uy','MWM2NDY3OTI1YTFlYmE4Zjg4YzE0Y2YwODUyNTNjYTIyZjBkMDE3Yjp7fQ==','2015-12-25 05:41:01'),('w3wkk6j4yl30u5kp9turtzyco7izcljc','MWM2NDY3OTI1YTFlYmE4Zjg4YzE0Y2YwODUyNTNjYTIyZjBkMDE3Yjp7fQ==','2015-12-26 09:51:16'),('w3ww8a6u1gtttln8ah0clu2gn8158hcb','MWM2NDY3OTI1YTFlYmE4Zjg4YzE0Y2YwODUyNTNjYTIyZjBkMDE3Yjp7fQ==','2015-11-26 13:08:36'),('w56kz9d2w3b1c53o503b0tef0trqkzuw','MWM2NDY3OTI1YTFlYmE4Zjg4YzE0Y2YwODUyNTNjYTIyZjBkMDE3Yjp7fQ==','2015-12-26 10:00:52'),('w5ml3ynd93h2si4vvjs69p93dgibud3e','MWM2NDY3OTI1YTFlYmE4Zjg4YzE0Y2YwODUyNTNjYTIyZjBkMDE3Yjp7fQ==','2015-12-26 09:50:51'),('w716rul9q6rcb4fm5ar5d5gshioofy57','MWM2NDY3OTI1YTFlYmE4Zjg4YzE0Y2YwODUyNTNjYTIyZjBkMDE3Yjp7fQ==','2015-12-02 07:35:13'),('w74sawxfnnfox9qtivjf0titep38amw5','MWM2NDY3OTI1YTFlYmE4Zjg4YzE0Y2YwODUyNTNjYTIyZjBkMDE3Yjp7fQ==','2015-12-26 11:30:32'),('w7ratbqamfzrkaoytma5m48bb2rmmhiw','NDE3YTY5NTA5N2M0ZTYwMmUwMWIyNmYzZjFhMThiNzAwYTI4Zjc5OTp7Il9hdXRoX3VzZXJfYmFja2VuZCI6ImRqYW5nby5jb250cmliLmF1dGguYmFja2VuZHMuTW9kZWxCYWNrZW5kIiwiX2F1dGhfdXNlcl9pZCI6MX0=','2015-10-26 12:39:44'),('w9q8qpqrimou1vtukwraujqhixwu327h','MWM2NDY3OTI1YTFlYmE4Zjg4YzE0Y2YwODUyNTNjYTIyZjBkMDE3Yjp7fQ==','2015-12-26 10:00:32'),('w9u3325ovmtn543ie7kff21lhj6shl0y','MWM2NDY3OTI1YTFlYmE4Zjg4YzE0Y2YwODUyNTNjYTIyZjBkMDE3Yjp7fQ==','2015-12-25 05:37:45'),('waymettc55oxg30u9h1ks5866xyt906j','MWM2NDY3OTI1YTFlYmE4Zjg4YzE0Y2YwODUyNTNjYTIyZjBkMDE3Yjp7fQ==','2015-12-26 11:30:33'),('wblblw8k164w15b8490nnro2nsqta1u7','MWM2NDY3OTI1YTFlYmE4Zjg4YzE0Y2YwODUyNTNjYTIyZjBkMDE3Yjp7fQ==','2015-12-26 09:35:50'),('wc6bunn926limrsmws5e51eboiyrinao','MWM2NDY3OTI1YTFlYmE4Zjg4YzE0Y2YwODUyNTNjYTIyZjBkMDE3Yjp7fQ==','2015-11-20 05:27:51'),('wd18o1239wv862njhcc9mejvkvg1gyzq','MWM2NDY3OTI1YTFlYmE4Zjg4YzE0Y2YwODUyNTNjYTIyZjBkMDE3Yjp7fQ==','2015-12-29 05:16:20'),('wd5t48av0wt9ezrwpuuqr2phhyejubrb','MWM2NDY3OTI1YTFlYmE4Zjg4YzE0Y2YwODUyNTNjYTIyZjBkMDE3Yjp7fQ==','2015-12-26 09:39:10'),('wdbrclhvblu981fb2zhyj25sz71mu63b','MWM2NDY3OTI1YTFlYmE4Zjg4YzE0Y2YwODUyNTNjYTIyZjBkMDE3Yjp7fQ==','2015-11-30 05:25:55'),('wh28qf0lb9kwwr4kgyh1ehf8abhyjwnw','MWM2NDY3OTI1YTFlYmE4Zjg4YzE0Y2YwODUyNTNjYTIyZjBkMDE3Yjp7fQ==','2015-12-29 05:16:18'),('wh4p0m5qu4ohkk9ii797687vb2fixu86','MWM2NDY3OTI1YTFlYmE4Zjg4YzE0Y2YwODUyNTNjYTIyZjBkMDE3Yjp7fQ==','2015-12-26 09:46:53'),('wia5xfsw3jeczegvtgww4wsczw66ygt9','MWM2NDY3OTI1YTFlYmE4Zjg4YzE0Y2YwODUyNTNjYTIyZjBkMDE3Yjp7fQ==','2015-12-26 08:26:50'),('wig8g1dc4hictc73nffks3k2zz070bgv','MWM2NDY3OTI1YTFlYmE4Zjg4YzE0Y2YwODUyNTNjYTIyZjBkMDE3Yjp7fQ==','2015-12-26 07:00:05'),('wjzbfb760h88q6js9zgto4fs5jqgfty6','MWM2NDY3OTI1YTFlYmE4Zjg4YzE0Y2YwODUyNTNjYTIyZjBkMDE3Yjp7fQ==','2015-12-26 06:58:45'),('wk43t882iwtoi2ncnlo3sxhfni9i3sp4','MWM2NDY3OTI1YTFlYmE4Zjg4YzE0Y2YwODUyNTNjYTIyZjBkMDE3Yjp7fQ==','2015-12-25 05:41:06'),('wo8k1f8y3e4uo7h0nddfkxsi7olk007l','MWM2NDY3OTI1YTFlYmE4Zjg4YzE0Y2YwODUyNTNjYTIyZjBkMDE3Yjp7fQ==','2015-12-26 09:49:56'),('woqbunnw0hlxk3j1maesdtuft3iodsoa','MWM2NDY3OTI1YTFlYmE4Zjg4YzE0Y2YwODUyNTNjYTIyZjBkMDE3Yjp7fQ==','2015-12-26 09:52:46'),('wp39nlkadeyuc6p3uq5k7fqpdkvldarx','MWM2NDY3OTI1YTFlYmE4Zjg4YzE0Y2YwODUyNTNjYTIyZjBkMDE3Yjp7fQ==','2015-12-26 09:51:23'),('wpj9hm8173nid1571b6ksj4wlqdaegqp','MWM2NDY3OTI1YTFlYmE4Zjg4YzE0Y2YwODUyNTNjYTIyZjBkMDE3Yjp7fQ==','2015-12-26 11:30:28'),('wr5bgkf5fy7b3zpv7pxlf5pi02ahtp30','MWM2NDY3OTI1YTFlYmE4Zjg4YzE0Y2YwODUyNTNjYTIyZjBkMDE3Yjp7fQ==','2015-12-01 06:48:41'),('wu562byw7ux2t0jxrtdxudrisaqyocyf','MWM2NDY3OTI1YTFlYmE4Zjg4YzE0Y2YwODUyNTNjYTIyZjBkMDE3Yjp7fQ==','2015-12-26 09:44:48'),('wudhk7b6y8gk26z0d2l8e12pc0m8lzxu','MWM2NDY3OTI1YTFlYmE4Zjg4YzE0Y2YwODUyNTNjYTIyZjBkMDE3Yjp7fQ==','2015-12-26 09:39:07'),('wunh0ljgfh96noi190tayn3d8rcf24rd','MWM2NDY3OTI1YTFlYmE4Zjg4YzE0Y2YwODUyNTNjYTIyZjBkMDE3Yjp7fQ==','2015-12-26 08:29:51'),('wv0s5wsyoo76z41hc7vri8ubjjs03t3u','MWM2NDY3OTI1YTFlYmE4Zjg4YzE0Y2YwODUyNTNjYTIyZjBkMDE3Yjp7fQ==','2015-12-29 05:16:15'),('wvmx7yfb7n0l7sgvcuaijcr1a6pin27g','MWM2NDY3OTI1YTFlYmE4Zjg4YzE0Y2YwODUyNTNjYTIyZjBkMDE3Yjp7fQ==','2015-12-26 10:08:35'),('wx2a0la9az7ilofjhwic2v82emhg4fjj','MWM2NDY3OTI1YTFlYmE4Zjg4YzE0Y2YwODUyNTNjYTIyZjBkMDE3Yjp7fQ==','2015-12-26 08:21:15'),('wymie3snenx5f4dex7xr3dlcj3y60x9j','MWM2NDY3OTI1YTFlYmE4Zjg4YzE0Y2YwODUyNTNjYTIyZjBkMDE3Yjp7fQ==','2015-12-26 08:29:52'),('wzrpa56a4ut10d7xle5wmbz4anstoakr','MWM2NDY3OTI1YTFlYmE4Zjg4YzE0Y2YwODUyNTNjYTIyZjBkMDE3Yjp7fQ==','2015-12-26 08:21:14'),('x1z7v5hp5akwurdjlejvpico1oamjxzo','MWM2NDY3OTI1YTFlYmE4Zjg4YzE0Y2YwODUyNTNjYTIyZjBkMDE3Yjp7fQ==','2015-12-26 09:39:10'),('x25zoby3cjcv0n2on6zedk2t9tr2xp91','MWM2NDY3OTI1YTFlYmE4Zjg4YzE0Y2YwODUyNTNjYTIyZjBkMDE3Yjp7fQ==','2015-12-26 08:29:55'),('x2rk90jg0t0r7fptiv7c5opxx2c99kpn','MWM2NDY3OTI1YTFlYmE4Zjg4YzE0Y2YwODUyNTNjYTIyZjBkMDE3Yjp7fQ==','2015-11-28 06:44:09'),('x5ecgb28a9329ld6mqd1sb6jvbz5v47s','MWM2NDY3OTI1YTFlYmE4Zjg4YzE0Y2YwODUyNTNjYTIyZjBkMDE3Yjp7fQ==','2015-12-26 08:25:10'),('x6u6qnorrq5s6thu0a2s56nj38nqk25w','MWM2NDY3OTI1YTFlYmE4Zjg4YzE0Y2YwODUyNTNjYTIyZjBkMDE3Yjp7fQ==','2015-12-01 06:48:26'),('x6zvixv3eccworwj7oqk9axqg520c1k6','MWM2NDY3OTI1YTFlYmE4Zjg4YzE0Y2YwODUyNTNjYTIyZjBkMDE3Yjp7fQ==','2015-12-24 11:15:34'),('xapdezuemabimsibrykwx2axkc0p97h1','MWM2NDY3OTI1YTFlYmE4Zjg4YzE0Y2YwODUyNTNjYTIyZjBkMDE3Yjp7fQ==','2015-12-26 09:46:44'),('xdjh2mlhpkmgqmuf6qgzrgawj6li0gck','MWM2NDY3OTI1YTFlYmE4Zjg4YzE0Y2YwODUyNTNjYTIyZjBkMDE3Yjp7fQ==','2015-11-30 05:25:54'),('xe3ogri7y8a2eoxi1hzj0p32eyt4nsw5','MWM2NDY3OTI1YTFlYmE4Zjg4YzE0Y2YwODUyNTNjYTIyZjBkMDE3Yjp7fQ==','2015-11-26 13:08:06'),('xer218mcz1te37prtzpvdvzciloeq4ye','MWM2NDY3OTI1YTFlYmE4Zjg4YzE0Y2YwODUyNTNjYTIyZjBkMDE3Yjp7fQ==','2015-11-20 05:37:34'),('xf5v7bc0i8ya4drdtu6dikwe2qchee22','MWM2NDY3OTI1YTFlYmE4Zjg4YzE0Y2YwODUyNTNjYTIyZjBkMDE3Yjp7fQ==','2015-12-26 10:00:53'),('xfngqh2vxp087e8uga584ldle0xn5f8d','MWM2NDY3OTI1YTFlYmE4Zjg4YzE0Y2YwODUyNTNjYTIyZjBkMDE3Yjp7fQ==','2015-11-20 08:28:06'),('xitgn7jsp4sm9psuzjzwoyk09f1piiis','MWM2NDY3OTI1YTFlYmE4Zjg4YzE0Y2YwODUyNTNjYTIyZjBkMDE3Yjp7fQ==','2015-12-26 09:44:50'),('xj1u8k440b9h4qiqk2gsd2ohxbxhnapo','MWM2NDY3OTI1YTFlYmE4Zjg4YzE0Y2YwODUyNTNjYTIyZjBkMDE3Yjp7fQ==','2015-11-20 05:37:59'),('xjq4wg3hc7mg6ml2f4ja9jk2qdwn9wfo','MWM2NDY3OTI1YTFlYmE4Zjg4YzE0Y2YwODUyNTNjYTIyZjBkMDE3Yjp7fQ==','2015-12-02 10:27:43'),('xl1ktqsfupi37lxrdtn5u49i3oa1j396','MWM2NDY3OTI1YTFlYmE4Zjg4YzE0Y2YwODUyNTNjYTIyZjBkMDE3Yjp7fQ==','2015-12-26 08:28:52'),('xo9mgb2h4um0pn0e4xwhmf2qfj902qmt','MWM2NDY3OTI1YTFlYmE4Zjg4YzE0Y2YwODUyNTNjYTIyZjBkMDE3Yjp7fQ==','2015-12-26 10:08:33'),('xp5hdoqd2xkeb2e9ilwl8fhx1p0fxtmi','MWM2NDY3OTI1YTFlYmE4Zjg4YzE0Y2YwODUyNTNjYTIyZjBkMDE3Yjp7fQ==','2015-12-25 05:40:54'),('xptn0hs47b6rnyfwqfzm6fmz8gcfefnb','MWM2NDY3OTI1YTFlYmE4Zjg4YzE0Y2YwODUyNTNjYTIyZjBkMDE3Yjp7fQ==','2015-12-02 10:29:51'),('xqbb3fszvc9bn7ju01jt3xf6o35u00bv','NDE3YTY5NTA5N2M0ZTYwMmUwMWIyNmYzZjFhMThiNzAwYTI4Zjc5OTp7Il9hdXRoX3VzZXJfYmFja2VuZCI6ImRqYW5nby5jb250cmliLmF1dGguYmFja2VuZHMuTW9kZWxCYWNrZW5kIiwiX2F1dGhfdXNlcl9pZCI6MX0=','2015-10-24 20:03:42'),('xr56wzkbe9qp8iby8jfjiomkylzatvfm','MWM2NDY3OTI1YTFlYmE4Zjg4YzE0Y2YwODUyNTNjYTIyZjBkMDE3Yjp7fQ==','2015-11-26 13:08:38'),('xv5p4btnjmhu1q3sap809ccz1d6d1ijd','MWM2NDY3OTI1YTFlYmE4Zjg4YzE0Y2YwODUyNTNjYTIyZjBkMDE3Yjp7fQ==','2015-12-25 05:41:10'),('xvc2knkvqcmj8inzvhumu3097vv6gocj','MWM2NDY3OTI1YTFlYmE4Zjg4YzE0Y2YwODUyNTNjYTIyZjBkMDE3Yjp7fQ==','2015-12-26 08:21:56'),('xxq1jwk2a8qdrc0dxnz6bpt9mmrvvtvp','MWM2NDY3OTI1YTFlYmE4Zjg4YzE0Y2YwODUyNTNjYTIyZjBkMDE3Yjp7fQ==','2015-12-24 11:59:42'),('xy54qpogxndf19kw7ni5md5tl8cb10u0','MWM2NDY3OTI1YTFlYmE4Zjg4YzE0Y2YwODUyNTNjYTIyZjBkMDE3Yjp7fQ==','2015-12-26 09:46:46'),('xz316iiqhsvk93b9c5vepmnlrwm1kouv','MWM2NDY3OTI1YTFlYmE4Zjg4YzE0Y2YwODUyNTNjYTIyZjBkMDE3Yjp7fQ==','2015-12-26 09:42:59'),('xz8nu1h199r4ml0dm9fru8jpm2s9jjgj','MWM2NDY3OTI1YTFlYmE4Zjg4YzE0Y2YwODUyNTNjYTIyZjBkMDE3Yjp7fQ==','2015-12-26 09:54:19'),('xzcdcicfj4r3g1fg20v3oe3xexbz76n5','MWM2NDY3OTI1YTFlYmE4Zjg4YzE0Y2YwODUyNTNjYTIyZjBkMDE3Yjp7fQ==','2015-12-26 09:46:42'),('y1vovu6esr6kalmde4uobvs16546ck4r','MWM2NDY3OTI1YTFlYmE4Zjg4YzE0Y2YwODUyNTNjYTIyZjBkMDE3Yjp7fQ==','2015-12-26 09:52:50'),('y2sxk8mt8yyxmfo0vv2g9llkmubkmsgx','MWM2NDY3OTI1YTFlYmE4Zjg4YzE0Y2YwODUyNTNjYTIyZjBkMDE3Yjp7fQ==','2015-12-02 08:47:27'),('y2t6j1w8mt755pq8c12f15h1wzg8uzy9','MWM2NDY3OTI1YTFlYmE4Zjg4YzE0Y2YwODUyNTNjYTIyZjBkMDE3Yjp7fQ==','2015-12-26 08:22:42'),('y3tnvsgc8lmyg0ojj9kk5ehvfqyqiqn1','MWM2NDY3OTI1YTFlYmE4Zjg4YzE0Y2YwODUyNTNjYTIyZjBkMDE3Yjp7fQ==','2015-12-26 09:40:03'),('y50kbh7jripi7x1rydp9mh4euypi6awy','MWM2NDY3OTI1YTFlYmE4Zjg4YzE0Y2YwODUyNTNjYTIyZjBkMDE3Yjp7fQ==','2015-12-26 09:46:39'),('y750e983ktzbgpzmkfbqkwpflcayfhi8','MWM2NDY3OTI1YTFlYmE4Zjg4YzE0Y2YwODUyNTNjYTIyZjBkMDE3Yjp7fQ==','2015-11-20 05:39:07'),('y7uny8rc72w0x5uo2y7pjl457gxehep5','MWM2NDY3OTI1YTFlYmE4Zjg4YzE0Y2YwODUyNTNjYTIyZjBkMDE3Yjp7fQ==','2015-12-26 09:51:23'),('ya5g6ln4euanp4erfu9a6f5njqjvtut1','MWM2NDY3OTI1YTFlYmE4Zjg4YzE0Y2YwODUyNTNjYTIyZjBkMDE3Yjp7fQ==','2015-12-01 14:33:45'),('yb5kooo2xogu01emva1ybrna1lngxvjj','MWM2NDY3OTI1YTFlYmE4Zjg4YzE0Y2YwODUyNTNjYTIyZjBkMDE3Yjp7fQ==','2015-12-26 11:29:27'),('yc5gmt7fzog5myyw6iypzaif34ygcx9b','MWM2NDY3OTI1YTFlYmE4Zjg4YzE0Y2YwODUyNTNjYTIyZjBkMDE3Yjp7fQ==','2015-12-02 07:32:53'),('yennwvxhhrhe1nluswof9f8gbu8myhwa','MWM2NDY3OTI1YTFlYmE4Zjg4YzE0Y2YwODUyNTNjYTIyZjBkMDE3Yjp7fQ==','2015-12-26 09:36:03'),('yeq0j1wu0b3ulf04gk8r6d3d3svrhnte','MWM2NDY3OTI1YTFlYmE4Zjg4YzE0Y2YwODUyNTNjYTIyZjBkMDE3Yjp7fQ==','2015-12-25 05:37:44'),('yg7wxlg027guml6phasuxgryqsfixe7o','MWM2NDY3OTI1YTFlYmE4Zjg4YzE0Y2YwODUyNTNjYTIyZjBkMDE3Yjp7fQ==','2015-12-26 09:40:09'),('yh01zfj503vtpmgsxrwfl9hzbc2kcdy4','MWM2NDY3OTI1YTFlYmE4Zjg4YzE0Y2YwODUyNTNjYTIyZjBkMDE3Yjp7fQ==','2015-12-26 11:29:16'),('yiik6drke1j4ofr71evs99ohz4222ok3','MWM2NDY3OTI1YTFlYmE4Zjg4YzE0Y2YwODUyNTNjYTIyZjBkMDE3Yjp7fQ==','2015-12-26 09:54:17'),('yisdq78qwpiidwyanmyq7q9a5z7plevv','MWM2NDY3OTI1YTFlYmE4Zjg4YzE0Y2YwODUyNTNjYTIyZjBkMDE3Yjp7fQ==','2015-12-26 08:29:48'),('yivnw2n631aooxz7knohcnsowy97qg93','MWM2NDY3OTI1YTFlYmE4Zjg4YzE0Y2YwODUyNTNjYTIyZjBkMDE3Yjp7fQ==','2015-12-26 09:46:44'),('yjyenyeiyxrmrtk5suei80xrla8dgz85','MWM2NDY3OTI1YTFlYmE4Zjg4YzE0Y2YwODUyNTNjYTIyZjBkMDE3Yjp7fQ==','2015-12-26 08:22:42'),('yktx09xa11hgwa0966wlwnd3st42yoh3','MWM2NDY3OTI1YTFlYmE4Zjg4YzE0Y2YwODUyNTNjYTIyZjBkMDE3Yjp7fQ==','2015-12-25 05:39:46'),('yky0x0m7o7ncmtpu8m04f9s7tfg210vp','MWM2NDY3OTI1YTFlYmE4Zjg4YzE0Y2YwODUyNTNjYTIyZjBkMDE3Yjp7fQ==','2015-12-26 10:00:36'),('yma30eucj08au4e7tpnp4fesge5o53gw','MWM2NDY3OTI1YTFlYmE4Zjg4YzE0Y2YwODUyNTNjYTIyZjBkMDE3Yjp7fQ==','2015-12-25 05:40:55'),('yni7osatlbjijf9va5b6ubmwoqnfn254','MWM2NDY3OTI1YTFlYmE4Zjg4YzE0Y2YwODUyNTNjYTIyZjBkMDE3Yjp7fQ==','2015-12-25 05:41:10'),('ynu60m0g5jtqrk031w21g2f5nt36mzrt','MWM2NDY3OTI1YTFlYmE4Zjg4YzE0Y2YwODUyNTNjYTIyZjBkMDE3Yjp7fQ==','2015-11-20 03:09:00'),('yozkfxxjyf6zudb2cf1rjxn1pxzv8311','MWM2NDY3OTI1YTFlYmE4Zjg4YzE0Y2YwODUyNTNjYTIyZjBkMDE3Yjp7fQ==','2015-12-26 08:25:07'),('yqe6stgonz8ulo7d5e39jndyxuwc042d','MWM2NDY3OTI1YTFlYmE4Zjg4YzE0Y2YwODUyNTNjYTIyZjBkMDE3Yjp7fQ==','2015-12-26 09:46:45'),('yqjuudmaicvfqx1v3n9kk6l37sd4w2x7','MWM2NDY3OTI1YTFlYmE4Zjg4YzE0Y2YwODUyNTNjYTIyZjBkMDE3Yjp7fQ==','2015-12-25 05:37:50'),('yquj6tuslms8xbwpp3znx06hr6pyivpn','MWM2NDY3OTI1YTFlYmE4Zjg4YzE0Y2YwODUyNTNjYTIyZjBkMDE3Yjp7fQ==','2015-12-25 05:41:03'),('yrbppzhze478uqz8lxz2v1lchsd1gll3','MWM2NDY3OTI1YTFlYmE4Zjg4YzE0Y2YwODUyNTNjYTIyZjBkMDE3Yjp7fQ==','2015-11-21 11:37:55'),('yrgltj3b98p8ii0ir4m7xevlnvrdzuf8','MWM2NDY3OTI1YTFlYmE4Zjg4YzE0Y2YwODUyNTNjYTIyZjBkMDE3Yjp7fQ==','2015-11-26 13:02:11'),('yud5sgfrnmdv8iy18dl2qwbdlbzqcd4s','MWM2NDY3OTI1YTFlYmE4Zjg4YzE0Y2YwODUyNTNjYTIyZjBkMDE3Yjp7fQ==','2015-12-26 09:49:51'),('yuk32d5s50lpq768ln80b8fe4dpkv51k','MWM2NDY3OTI1YTFlYmE4Zjg4YzE0Y2YwODUyNTNjYTIyZjBkMDE3Yjp7fQ==','2015-10-31 07:14:55'),('yxsd6hqntlq33761wd559waukti5quaw','MWM2NDY3OTI1YTFlYmE4Zjg4YzE0Y2YwODUyNTNjYTIyZjBkMDE3Yjp7fQ==','2015-11-20 05:27:57'),('z00stfel545u5n9bufaledk3mnrkkolp','ZmM5MDk1MDU5MjY1MDI2MjhhMjJhYTZiNWQzMjY4MmMwMmVlZThlYzp7Il9hdXRoX3VzZXJfYmFja2VuZCI6ImRqYW5nby5jb250cmliLmF1dGguYmFja2VuZHMuTW9kZWxCYWNrZW5kIiwiX2F1dGhfdXNlcl9pZCI6Mjd9','2015-11-30 10:57:53'),('z0by0c9p78fv8dehaedovsj4a9jr0qs6','MWM2NDY3OTI1YTFlYmE4Zjg4YzE0Y2YwODUyNTNjYTIyZjBkMDE3Yjp7fQ==','2015-12-26 08:19:18'),('z0tan9568io3v3pc0j816yc68jn5mfjj','MWM2NDY3OTI1YTFlYmE4Zjg4YzE0Y2YwODUyNTNjYTIyZjBkMDE3Yjp7fQ==','2015-10-27 09:50:36'),('z28rik85on1kjx35kk0xil4epsg646aq','MWM2NDY3OTI1YTFlYmE4Zjg4YzE0Y2YwODUyNTNjYTIyZjBkMDE3Yjp7fQ==','2015-12-26 08:28:59'),('z3wok04yo0betqnbf47ekgxfrs0kgqbk','MWM2NDY3OTI1YTFlYmE4Zjg4YzE0Y2YwODUyNTNjYTIyZjBkMDE3Yjp7fQ==','2015-11-20 05:27:49'),('z5d1p5y3m4tcmqo4d75yvz5944i6vjn8','MWM2NDY3OTI1YTFlYmE4Zjg4YzE0Y2YwODUyNTNjYTIyZjBkMDE3Yjp7fQ==','2015-12-26 08:22:42'),('z616pnmt7srnbmteluty9noxp0cbofra','MWM2NDY3OTI1YTFlYmE4Zjg4YzE0Y2YwODUyNTNjYTIyZjBkMDE3Yjp7fQ==','2015-12-26 09:51:20'),('z6he954ahbuovlpt7t1u0rsuoe9vbtc5','MWM2NDY3OTI1YTFlYmE4Zjg4YzE0Y2YwODUyNTNjYTIyZjBkMDE3Yjp7fQ==','2015-12-24 07:31:06'),('z72k9dsuddc94rxg3e7c2dhf5aukym4y','MWM2NDY3OTI1YTFlYmE4Zjg4YzE0Y2YwODUyNTNjYTIyZjBkMDE3Yjp7fQ==','2015-12-25 05:37:49'),('z9jnxvv2puzrl04tj377m5nuiygxk0uk','MWM2NDY3OTI1YTFlYmE4Zjg4YzE0Y2YwODUyNTNjYTIyZjBkMDE3Yjp7fQ==','2015-11-20 03:08:53'),('zaick6ynm5789vxu51q1p36k5a4mw8w3','MWM2NDY3OTI1YTFlYmE4Zjg4YzE0Y2YwODUyNTNjYTIyZjBkMDE3Yjp7fQ==','2015-12-26 09:52:50'),('zczvljboikstdi5lw372a2j9www0uw8k','MWM2NDY3OTI1YTFlYmE4Zjg4YzE0Y2YwODUyNTNjYTIyZjBkMDE3Yjp7fQ==','2015-12-26 09:46:40'),('zfe63va96yw6tfq8fmnztkco39kjgiy2','MWM2NDY3OTI1YTFlYmE4Zjg4YzE0Y2YwODUyNTNjYTIyZjBkMDE3Yjp7fQ==','2015-12-26 09:52:50'),('zfo3cm90ro55qg40optxj60jc6toqj14','MWM2NDY3OTI1YTFlYmE4Zjg4YzE0Y2YwODUyNTNjYTIyZjBkMDE3Yjp7fQ==','2015-12-26 10:00:49'),('zi2kuj7aq1fofl7dj2hxiqgp3s58p4od','MWM2NDY3OTI1YTFlYmE4Zjg4YzE0Y2YwODUyNTNjYTIyZjBkMDE3Yjp7fQ==','2015-12-01 06:48:18'),('zjm0r5r17v9utvwp80fjpskz13wpgeb9','MWM2NDY3OTI1YTFlYmE4Zjg4YzE0Y2YwODUyNTNjYTIyZjBkMDE3Yjp7fQ==','2015-12-24 11:35:20'),('zjwngpccpv0goxpa6rmtbvamfsmiccxm','MWM2NDY3OTI1YTFlYmE4Zjg4YzE0Y2YwODUyNTNjYTIyZjBkMDE3Yjp7fQ==','2015-12-26 09:54:18'),('zklehokq1h38cswmof1oa4d504ect8hg','MWM2NDY3OTI1YTFlYmE4Zjg4YzE0Y2YwODUyNTNjYTIyZjBkMDE3Yjp7fQ==','2015-11-28 06:44:10'),('zkv19kgvhqof8ssjk3nki8g4ekjmn0oi','MWM2NDY3OTI1YTFlYmE4Zjg4YzE0Y2YwODUyNTNjYTIyZjBkMDE3Yjp7fQ==','2015-12-25 05:37:46'),('zkwz15rj6gpo75c7pk5ibv2fohlqj1z2','MWM2NDY3OTI1YTFlYmE4Zjg4YzE0Y2YwODUyNTNjYTIyZjBkMDE3Yjp7fQ==','2015-11-26 13:08:39'),('zlmhvafk9sh0ou5j0pj7hqam3dqv54t4','MWM2NDY3OTI1YTFlYmE4Zjg4YzE0Y2YwODUyNTNjYTIyZjBkMDE3Yjp7fQ==','2015-12-26 10:00:35'),('zm0hsm6rafh6902brqzm69qljvpps0ht','MWM2NDY3OTI1YTFlYmE4Zjg4YzE0Y2YwODUyNTNjYTIyZjBkMDE3Yjp7fQ==','2015-12-25 05:37:46'),('zm3uzby6v6mpevslwgdrab08k1d1hemf','MWM2NDY3OTI1YTFlYmE4Zjg4YzE0Y2YwODUyNTNjYTIyZjBkMDE3Yjp7fQ==','2015-12-26 10:02:06'),('zmsukj92txejmeqm7giilf8uw1by1l4z','MWM2NDY3OTI1YTFlYmE4Zjg4YzE0Y2YwODUyNTNjYTIyZjBkMDE3Yjp7fQ==','2015-11-26 13:08:12'),('zn2mg10ub6ill1kw7zpjh06g9uki407d','MWM2NDY3OTI1YTFlYmE4Zjg4YzE0Y2YwODUyNTNjYTIyZjBkMDE3Yjp7fQ==','2015-11-26 13:08:33'),('zoipwpboc1jangi81iyyiwr8i2zd70cw','MWM2NDY3OTI1YTFlYmE4Zjg4YzE0Y2YwODUyNTNjYTIyZjBkMDE3Yjp7fQ==','2015-11-20 05:27:48'),('zougbrzy97r68yc5oyk8rtlbyqyh34fw','MWM2NDY3OTI1YTFlYmE4Zjg4YzE0Y2YwODUyNTNjYTIyZjBkMDE3Yjp7fQ==','2015-12-26 09:46:54'),('zozxeqkx5uq8svd5fec6yjz95d7xnxjr','MWM2NDY3OTI1YTFlYmE4Zjg4YzE0Y2YwODUyNTNjYTIyZjBkMDE3Yjp7fQ==','2015-12-26 09:50:47'),('zq4huj8j0bk74pdqejkeozjd03l3wqx9','MWM2NDY3OTI1YTFlYmE4Zjg4YzE0Y2YwODUyNTNjYTIyZjBkMDE3Yjp7fQ==','2015-12-26 09:52:49'),('zq6ppgmk4cuo2kdi9jmgpgqrayu930j5','MWM2NDY3OTI1YTFlYmE4Zjg4YzE0Y2YwODUyNTNjYTIyZjBkMDE3Yjp7fQ==','2015-12-26 11:56:04'),('zqzmk5iu041r8m1t54zs4izrprcf8qr2','MWM2NDY3OTI1YTFlYmE4Zjg4YzE0Y2YwODUyNTNjYTIyZjBkMDE3Yjp7fQ==','2015-11-30 13:15:52'),('zr1bv6k2l59vc9t74rpezj35zoz8a94w','MWM2NDY3OTI1YTFlYmE4Zjg4YzE0Y2YwODUyNTNjYTIyZjBkMDE3Yjp7fQ==','2015-12-26 07:21:54'),('zs712irwmxyms7vchd4ky1wvaer5hung','MWM2NDY3OTI1YTFlYmE4Zjg4YzE0Y2YwODUyNTNjYTIyZjBkMDE3Yjp7fQ==','2015-12-25 05:40:57'),('zstefgdcxyfv219sz2fr18s7qion71lq','MWM2NDY3OTI1YTFlYmE4Zjg4YzE0Y2YwODUyNTNjYTIyZjBkMDE3Yjp7fQ==','2015-12-26 11:29:24'),('ztorabj8wfz5zdqxj32t1qm6f0ygdzep','MWM2NDY3OTI1YTFlYmE4Zjg4YzE0Y2YwODUyNTNjYTIyZjBkMDE3Yjp7fQ==','2015-12-26 06:58:55'),('zul19lorxt2dvambtcn9ewewu31cwpmy','MWM2NDY3OTI1YTFlYmE4Zjg4YzE0Y2YwODUyNTNjYTIyZjBkMDE3Yjp7fQ==','2015-12-26 09:51:22'),('zyh2ergz1cxk0yba624ri4mrg8r7wi3c','MWM2NDY3OTI1YTFlYmE4Zjg4YzE0Y2YwODUyNTNjYTIyZjBkMDE3Yjp7fQ==','2015-12-26 10:01:53');
/*!40000 ALTER TABLE `django_session` ENABLE KEYS */;
UNLOCK TABLES;

--
-- Table structure for table `events_city`
--

DROP TABLE IF EXISTS `events_city`;
/*!40101 SET @saved_cs_client     = @@character_set_client */;
/*!40101 SET character_set_client = utf8 */;
CREATE TABLE `events_city` (
  `id` int(11) NOT NULL AUTO_INCREMENT,
  `city` varchar(150) DEFAULT NULL,
  `state` varchar(100) DEFAULT NULL,
  `country_code` varchar(10) DEFAULT NULL,
  `country_name` varchar(50) DEFAULT NULL,
  PRIMARY KEY (`id`)
) ENGINE=InnoDB AUTO_INCREMENT=1640 DEFAULT CHARSET=latin1;
/*!40101 SET character_set_client = @saved_cs_client */;

--
-- Dumping data for table `events_city`
--

LOCK TABLES `events_city` WRITE;
/*!40000 ALTER TABLE `events_city` DISABLE KEYS */;
INSERT INTO `events_city` VALUES (1,'Pondicherry','Pondicherry',NULL,NULL),(2,'Chennai','Tamilnadu',NULL,NULL),(3,'Adilabad','Andhra Pradesh',NULL,NULL),(4,'Adoni','Andhra Pradesh',NULL,NULL),(5,'Amadalavalasa','Andhra Pradesh',NULL,NULL),(6,'Amalapuram','Andhra Pradesh',NULL,NULL),(7,'Anakapalle','Andhra Pradesh',NULL,NULL),(8,'Anantapur','Andhra Pradesh',NULL,NULL),(9,'Badepalle','Andhra Pradesh',NULL,NULL),(10,'Banganapalle','Andhra Pradesh',NULL,NULL),(11,'Bapatla','Andhra Pradesh',NULL,NULL),(12,'Bellampalle','Andhra Pradesh',NULL,NULL),(13,'Bethamcherla','Andhra Pradesh',NULL,NULL),(14,'Bhadrachalam','Andhra Pradesh',NULL,NULL),(15,'Bhainsa','Andhra Pradesh',NULL,NULL),(16,'Bheemunipatnam','Andhra Pradesh',NULL,NULL),(17,'Bhimavaram','Andhra Pradesh',NULL,NULL),(18,'Bhongir','Andhra Pradesh',NULL,NULL),(19,'Bobbili','Andhra Pradesh',NULL,NULL),(20,'Bodhan','Andhra Pradesh',NULL,NULL),(21,'Chilakaluripet','Andhra Pradesh',NULL,NULL),(22,'Chirala','Andhra Pradesh',NULL,NULL),(23,'Chittoor','Andhra Pradesh',NULL,NULL),(24,'Cuddapah','Andhra Pradesh',NULL,NULL),(25,'Devarakonda','Andhra Pradesh',NULL,NULL),(26,'Dharmavaram','Andhra Pradesh',NULL,NULL),(27,'Eluru','Andhra Pradesh',NULL,NULL),(28,'Farooqnagar','Andhra Pradesh',NULL,NULL),(29,'Gadwal','Andhra Pradesh',NULL,NULL),(30,'Gooty','Andhra Pradesh',NULL,NULL),(31,'Gudivada','Andhra Pradesh',NULL,NULL),(32,'Gudur','Andhra Pradesh',NULL,NULL),(33,'Guntakal','Andhra Pradesh',NULL,NULL),(34,'Guntur','Andhra Pradesh',NULL,NULL),(35,'Hanuman Junction','Andhra Pradesh',NULL,NULL),(36,'Hindupur','Andhra Pradesh',NULL,NULL),(37,'Hyderabad','Andhra Pradesh',NULL,NULL),(38,'Ichchapuram','Andhra Pradesh',NULL,NULL),(39,'Jaggaiahpet','Andhra Pradesh',NULL,NULL),(40,'Jagtial','Andhra Pradesh',NULL,NULL),(41,'Jammalamadugu','Andhra Pradesh',NULL,NULL),(42,'Jangaon','Andhra Pradesh',NULL,NULL),(43,'Kadapa','Andhra Pradesh',NULL,NULL),(44,'Kadiri','Andhra Pradesh',NULL,NULL),(45,'Kagaznagar','Andhra Pradesh',NULL,NULL),(46,'Kakinada','Andhra Pradesh',NULL,NULL),(47,'Kalyandurg','Andhra Pradesh',NULL,NULL),(48,'Kamareddy','Andhra Pradesh',NULL,NULL),(49,'Kandukur','Andhra Pradesh',NULL,NULL),(50,'Karimnagar','Andhra Pradesh',NULL,NULL),(51,'Kavali','Andhra Pradesh',NULL,NULL),(52,'Khammam','Andhra Pradesh',NULL,NULL),(53,'Koratla','Andhra Pradesh',NULL,NULL),(54,'Kothagudem','Andhra Pradesh',NULL,NULL),(55,'Kothapeta','Andhra Pradesh',NULL,NULL),(56,'Kovvur','Andhra Pradesh',NULL,NULL),(57,'Kurnool','Andhra Pradesh',NULL,NULL),(58,'Kyathampalle','Andhra Pradesh',NULL,NULL),(59,'Macherla','Andhra Pradesh',NULL,NULL),(60,'Machilipatnam','Andhra Pradesh',NULL,NULL),(61,'Madanapalle','Andhra Pradesh',NULL,NULL),(62,'Mahbubnagar','Andhra Pradesh',NULL,NULL),(63,'Mancherial','Andhra Pradesh',NULL,NULL),(64,'Mandamarri','Andhra Pradesh',NULL,NULL),(65,'Mandapeta','Andhra Pradesh',NULL,NULL),(66,'Manuguru','Andhra Pradesh',NULL,NULL),(67,'Markapur','Andhra Pradesh',NULL,NULL),(68,'Medak','Andhra Pradesh',NULL,NULL),(69,'Miryalaguda','Andhra Pradesh',NULL,NULL),(70,'Mogalthur','Andhra Pradesh',NULL,NULL),(71,'Nagari','Andhra Pradesh',NULL,NULL),(72,'Nagarkurnool','Andhra Pradesh',NULL,NULL),(73,'Nandyal','Andhra Pradesh',NULL,NULL),(74,'Narasapur','Andhra Pradesh',NULL,NULL),(75,'Narasaraopet','Andhra Pradesh',NULL,NULL),(76,'Narayanpet','Andhra Pradesh',NULL,NULL),(77,'Narsipatnam','Andhra Pradesh',NULL,NULL),(78,'Nellore','Andhra Pradesh',NULL,NULL),(79,'Nidadavole','Andhra Pradesh',NULL,NULL),(80,'Nirmal','Andhra Pradesh',NULL,NULL),(81,'Nizamabad','Andhra Pradesh',NULL,NULL),(82,'Nuzvid','Andhra Pradesh',NULL,NULL),(83,'Ongole','Andhra Pradesh',NULL,NULL),(84,'Palacole','Andhra Pradesh',NULL,NULL),(85,'Palasa Kasibugga','Andhra Pradesh',NULL,NULL),(86,'Palwancha','Andhra Pradesh',NULL,NULL),(87,'Parvathipuram','Andhra Pradesh',NULL,NULL),(88,'Pedana','Andhra Pradesh',NULL,NULL),(89,'Peddapuram','Andhra Pradesh',NULL,NULL),(90,'Pithapuram','Andhra Pradesh',NULL,NULL),(91,'Pondur','Andhra pradesh',NULL,NULL),(92,'Ponnur','Andhra Pradesh',NULL,NULL),(93,'Proddatur','Andhra Pradesh',NULL,NULL),(94,'Punganur','Andhra Pradesh',NULL,NULL),(95,'Puttur','Andhra Pradesh',NULL,NULL),(96,'Rajahmundry','Andhra Pradesh',NULL,NULL),(97,'Rajam','Andhra Pradesh',NULL,NULL),(98,'Ramachandrapuram','Andhra Pradesh',NULL,NULL),(99,'Ramagundam','Andhra Pradesh',NULL,NULL),(100,'Rayachoti','Andhra Pradesh',NULL,NULL),(101,'Rayadurg','Andhra Pradesh',NULL,NULL),(102,'Renigunta','Andhra Pradesh',NULL,NULL),(103,'Repalle','Andhra Pradesh',NULL,NULL),(104,'Sadasivpet','Andhra Pradesh',NULL,NULL),(105,'Salur','Andhra Pradesh',NULL,NULL),(106,'Samalkot','Andhra Pradesh',NULL,NULL),(107,'Sangareddy','Andhra Pradesh',NULL,NULL),(108,'Sattenapalle','Andhra Pradesh',NULL,NULL),(109,'Siddipet','Andhra Pradesh',NULL,NULL),(110,'Singapur','Andhra Pradesh',NULL,NULL),(111,'Sircilla','Andhra Pradesh',NULL,NULL),(112,'Srikakulam','Andhra Pradesh',NULL,NULL),(113,'Srikalahasti','Andhra Pradesh',NULL,NULL),(115,'Suryapet','Andhra Pradesh',NULL,NULL),(116,'Tadepalligudem','Andhra Pradesh',NULL,NULL),(117,'Tadpatri','Andhra Pradesh',NULL,NULL),(118,'Tandur','Andhra Pradesh',NULL,NULL),(119,'Tanuku','Andhra Pradesh',NULL,NULL),(120,'Tenali','Andhra Pradesh',NULL,NULL),(121,'Tirupati','Andhra Pradesh',NULL,NULL),(122,'Tuni','Andhra Pradesh',NULL,NULL),(123,'Uravakonda','Andhra Pradesh',NULL,NULL),(124,'Venkatagiri','Andhra Pradesh',NULL,NULL),(125,'Vicarabad','Andhra Pradesh',NULL,NULL),(126,'Vijayawada','Andhra Pradesh',NULL,NULL),(127,'Vinukonda','Andhra Pradesh',NULL,NULL),(128,'Visakhapatnam','Andhra Pradesh',NULL,NULL),(129,'Vizianagaram','Andhra Pradesh',NULL,NULL),(130,'Wanaparthy','Andhra Pradesh',NULL,NULL),(131,'Warangal','Andhra Pradesh',NULL,NULL),(132,'Yellandu','Andhra Pradesh',NULL,NULL),(133,'Yemmiganur','Andhra Pradesh',NULL,NULL),(134,'Yerraguntla','Andhra Pradesh',NULL,NULL),(135,'Zahirabad','Andhra Pradesh',NULL,NULL),(136,'Rajampet','Andra Pradesh',NULL,NULL),(137,'Along','Arunachal Pradesh',NULL,NULL),(138,'Bomdila','Arunachal Pradesh',NULL,NULL),(139,'Itanagar','Arunachal Pradesh',NULL,NULL),(140,'Naharlagun','Arunachal Pradesh',NULL,NULL),(141,'Pasighat','Arunachal Pradesh',NULL,NULL),(142,'Abhayapuri','Assam',NULL,NULL),(143,'Amguri','Assam',NULL,NULL),(144,'Anandnagaar','Assam',NULL,NULL),(145,'Barpeta','Assam',NULL,NULL),(146,'Barpeta Road','Assam',NULL,NULL),(147,'Bilasipara','Assam',NULL,NULL),(148,'Bongaigaon','Assam',NULL,NULL),(149,'Dhekiajuli','Assam',NULL,NULL),(150,'Dhubri','Assam',NULL,NULL),(151,'Dibrugarh','Assam',NULL,NULL),(152,'Digboi','Assam',NULL,NULL),(153,'Diphu','Assam',NULL,NULL),(154,'Dispur','Assam',NULL,NULL),(156,'Gauripur','Assam',NULL,NULL),(157,'Goalpara','Assam',NULL,NULL),(158,'Golaghat','Assam',NULL,NULL),(159,'Guwahati','Assam',NULL,NULL),(160,'Haflong','Assam',NULL,NULL),(161,'Hailakandi','Assam',NULL,NULL),(162,'Hojai','Assam',NULL,NULL),(163,'Jorhat','Assam',NULL,NULL),(164,'Karimganj','Assam',NULL,NULL),(165,'Kokrajhar','Assam',NULL,NULL),(166,'Lanka','Assam',NULL,NULL),(167,'Lumding','Assam',NULL,NULL),(168,'Mangaldoi','Assam',NULL,NULL),(169,'Mankachar','Assam',NULL,NULL),(170,'Margherita','Assam',NULL,NULL),(171,'Mariani','Assam',NULL,NULL),(172,'Marigaon','Assam',NULL,NULL),(173,'Nagaon','Assam',NULL,NULL),(174,'Nalbari','Assam',NULL,NULL),(175,'North Lakhimpur','Assam',NULL,NULL),(176,'Rangia','Assam',NULL,NULL),(177,'Sibsagar','Assam',NULL,NULL),(178,'Silapathar','Assam',NULL,NULL),(179,'Silchar','Assam',NULL,NULL),(180,'Tezpur','Assam',NULL,NULL),(181,'Tinsukia','Assam',NULL,NULL),(182,'Amarpur','Bihar',NULL,NULL),(183,'Araria','Bihar',NULL,NULL),(184,'Areraj','Bihar',NULL,NULL),(185,'Arrah','Bihar',NULL,NULL),(186,'Asarganj','Bihar',NULL,NULL),(187,'Aurangabad','Bihar',NULL,NULL),(188,'Bagaha','Bihar',NULL,NULL),(189,'Bahadurganj','Bihar',NULL,NULL),(190,'Bairgania','Bihar',NULL,NULL),(191,'Bakhtiarpur','Bihar',NULL,NULL),(192,'Banka','Bihar',NULL,NULL),(193,'Banmankhi Bazar','Bihar',NULL,NULL),(194,'Barahiya','Bihar',NULL,NULL),(195,'Barauli','Bihar',NULL,NULL),(196,'Barbigha','Bihar',NULL,NULL),(197,'Barh','Bihar',NULL,NULL),(198,'Begusarai','Bihar',NULL,NULL),(199,'Behea','Bihar',NULL,NULL),(200,'Bettiah','Bihar',NULL,NULL),(201,'Bhabua','Bihar',NULL,NULL),(202,'Bhagalpur','Bihar',NULL,NULL),(203,'Bihar Sharif','Bihar',NULL,NULL),(204,'Bikramganj','Bihar',NULL,NULL),(205,'Bodh Gaya','Bihar',NULL,NULL),(206,'Buxar','Bihar',NULL,NULL),(207,'Chandan Bara','Bihar',NULL,NULL),(208,'Chanpatia','Bihar',NULL,NULL),(209,'Chhapra','Bihar',NULL,NULL),(210,'Colgong','Bihar',NULL,NULL),(211,'Dalsinghsarai','Bihar',NULL,NULL),(212,'Darbhanga','Bihar',NULL,NULL),(213,'Daudnagar','Bihar',NULL,NULL),(214,'Dehri-on-Sone','Bihar',NULL,NULL),(215,'Dhaka','Bihar',NULL,NULL),(216,'Dighwara','Bihar',NULL,NULL),(217,'Dumraon','Bihar',NULL,NULL),(218,'Fatwah','Bihar',NULL,NULL),(219,'Forbesganj','Bihar',NULL,NULL),(220,'Gaya','Bihar',NULL,NULL),(221,'Gogri Jamalpur','Bihar',NULL,NULL),(222,'Gopalganj','Bihar',NULL,NULL),(223,'Hajipur','Bihar',NULL,NULL),(224,'Hilsa','Bihar',NULL,NULL),(225,'Hisua','Bihar',NULL,NULL),(226,'Islampur','Bihar',NULL,NULL),(227,'Jagdispur','Bihar',NULL,NULL),(228,'Jamalpur','Bihar',NULL,NULL),(229,'Jamui','Bihar',NULL,NULL),(230,'Jehanabad','Bihar',NULL,NULL),(231,'Jhajha','Bihar',NULL,NULL),(232,'Jhanjharpur','Bihar',NULL,NULL),(233,'Jogabani','Bihar',NULL,NULL),(234,'Kanti','Bihar',NULL,NULL),(235,'Katihar','Bihar',NULL,NULL),(236,'Khagaria','Bihar',NULL,NULL),(237,'Kharagpur','Bihar',NULL,NULL),(238,'Kishanganj','Bihar',NULL,NULL),(239,'Lakhisarai','Bihar',NULL,NULL),(240,'Lalganj','Bihar',NULL,NULL),(241,'Madhepura','Bihar',NULL,NULL),(242,'Madhubani','Bihar',NULL,NULL),(243,'Maharajganj','Bihar',NULL,NULL),(244,'Mahnar Bazar','Bihar',NULL,NULL),(245,'Makhdumpur','Bihar',NULL,NULL),(246,'Maner','Bihar',NULL,NULL),(247,'Manihari','Bihar',NULL,NULL),(248,'Marhaura','Bihar',NULL,NULL),(249,'Masaurhi','Bihar',NULL,NULL),(250,'Mirganj','Bihar',NULL,NULL),(251,'Mokameh','Bihar',NULL,NULL),(252,'Motihari','Bihar',NULL,NULL),(253,'Motipur','Bihar',NULL,NULL),(254,'Munger','Bihar',NULL,NULL),(255,'Murliganj','Bihar',NULL,NULL),(256,'Muzaffarpur','Bihar',NULL,NULL),(257,'Narkatiaganj','Bihar',NULL,NULL),(258,'Naugachhia','Bihar',NULL,NULL),(259,'Nawada','Bihar',NULL,NULL),(260,'Nokha','Bihar',NULL,NULL),(261,'Patna','Bihar',NULL,NULL),(262,'Piro','Bihar',NULL,NULL),(263,'Purnia','Bihar',NULL,NULL),(264,'Rafiganj','Bihar',NULL,NULL),(265,'Rajgir','Bihar',NULL,NULL),(266,'Ramnagar','Bihar',NULL,NULL),(267,'Raxaul Bazar','Bihar',NULL,NULL),(268,'Revelganj','Bihar',NULL,NULL),(269,'Rosera','Bihar',NULL,NULL),(270,'Saharsa','Bihar',NULL,NULL),(271,'Samastipur','Bihar',NULL,NULL),(272,'Sasaram','Bihar',NULL,NULL),(273,'Sheikhpura','Bihar',NULL,NULL),(274,'Sheohar','Bihar',NULL,NULL),(275,'Sherghati','Bihar',NULL,NULL),(276,'Silao','Bihar',NULL,NULL),(277,'Sitamarhi','Bihar',NULL,NULL),(278,'Siwan','Bihar',NULL,NULL),(279,'Sonepur','Bihar',NULL,NULL),(280,'Sugauli','Bihar',NULL,NULL),(281,'Sultanganj','Bihar',NULL,NULL),(282,'Supaul','Bihar',NULL,NULL),(283,'Warisaliganj','Bihar',NULL,NULL),(284,'Ahiwara','Chhattisgarh',NULL,NULL),(285,'Akaltara','Chhattisgarh',NULL,NULL),(286,'Ambagarh Chowki','Chhattisgarh',NULL,NULL),(287,'Ambikapur','Chhattisgarh',NULL,NULL),(288,'Arang','Chhattisgarh',NULL,NULL),(289,'Bade Bacheli','Chhattisgarh',NULL,NULL),(290,'Balod','Chhattisgarh',NULL,NULL),(291,'Baloda Bazar','Chhattisgarh',NULL,NULL),(292,'Bemetra','Chhattisgarh',NULL,NULL),(293,'Bhatapara','Chhattisgarh',NULL,NULL),(294,'Bilaspur','Chhattisgarh',NULL,NULL),(295,'Birgaon','Chhattisgarh',NULL,NULL),(296,'Champa','Chhattisgarh',NULL,NULL),(297,'Chirmiri','Chhattisgarh',NULL,NULL),(298,'Dalli-Rajhara','Chhattisgarh',NULL,NULL),(299,'Dhamtari','Chhattisgarh',NULL,NULL),(300,'Dipka','Chhattisgarh',NULL,NULL),(301,'Dongargarh','Chhattisgarh',NULL,NULL),(302,'Durg-Bhilai Nagar','Chhattisgarh',NULL,NULL),(303,'Gobranawapara','Chhattisgarh',NULL,NULL),(304,'Jagdalpur','Chhattisgarh',NULL,NULL),(305,'Janjgir','Chhattisgarh',NULL,NULL),(306,'Jashpurnagar','Chhattisgarh',NULL,NULL),(307,'Kanker','Chhattisgarh',NULL,NULL),(308,'Kawardha','Chhattisgarh',NULL,NULL),(309,'Kondagaon','Chhattisgarh',NULL,NULL),(310,'Korba','Chhattisgarh',NULL,NULL),(311,'Mahasamund','Chhattisgarh',NULL,NULL),(312,'Mahendragarh','Chhattisgarh',NULL,NULL),(313,'Mungeli','Chhattisgarh',NULL,NULL),(314,'Naila Janjgir','Chhattisgarh',NULL,NULL),(315,'Raigarh','Chhattisgarh',NULL,NULL),(316,'Raipur','Chhattisgarh',NULL,NULL),(317,'Rajnandgaon','Chhattisgarh',NULL,NULL),(318,'Sakti','Chhattisgarh',NULL,NULL),(319,'Tilda Newra','Chhattisgarh',NULL,NULL),(320,'Amli','Dadra & Nagar Haveli',NULL,NULL),(321,'Silvassa','Dadra and Nagar Haveli',NULL,NULL),(322,'Daman and Diu','Daman & Diu',NULL,NULL),(323,'Daman and Diu','Daman & Diu',NULL,NULL),(324,'Asola','Delhi',NULL,NULL),(325,'Delhi','Delhi',NULL,NULL),(326,'Aldona','Goa',NULL,NULL),(327,'Curchorem Cacora','Goa',NULL,NULL),(328,'Madgaon','Goa',NULL,NULL),(329,'Mapusa','Goa',NULL,NULL),(330,'Margao','Goa',NULL,NULL),(331,'Marmagao','Goa',NULL,NULL),(332,'Panaji','Goa',NULL,NULL),(333,'Ahmedabad','Gujarat',NULL,NULL),(334,'Amreli','Gujarat',NULL,NULL),(335,'Anand','Gujarat',NULL,NULL),(336,'Ankleshwar','Gujarat',NULL,NULL),(337,'Bharuch','Gujarat',NULL,NULL),(338,'Bhavnagar','Gujarat',NULL,NULL),(339,'Bhuj','Gujarat',NULL,NULL),(340,'Cambay','Gujarat',NULL,NULL),(341,'Dahod','Gujarat',NULL,NULL),(342,'Deesa','Gujarat',NULL,NULL),(343,'\"Dharampur',' India\"',NULL,NULL),(344,'Dholka','Gujarat',NULL,NULL),(345,'Gandhinagar','Gujarat',NULL,NULL),(346,'Godhra','Gujarat',NULL,NULL),(347,'Himatnagar','Gujarat',NULL,NULL),(348,'Idar','Gujarat',NULL,NULL),(349,'Jamnagar','Gujarat',NULL,NULL),(350,'Junagadh','Gujarat',NULL,NULL),(351,'Kadi','Gujarat',NULL,NULL),(352,'Kalavad','Gujarat',NULL,NULL),(353,'Kalol','Gujarat',NULL,NULL),(354,'Kapadvanj','Gujarat',NULL,NULL),(355,'Karjan','Gujarat',NULL,NULL),(356,'Keshod','Gujarat',NULL,NULL),(357,'Khambhalia','Gujarat',NULL,NULL),(358,'Khambhat','Gujarat',NULL,NULL),(359,'Kheda','Gujarat',NULL,NULL),(360,'Khedbrahma','Gujarat',NULL,NULL),(361,'Kheralu','Gujarat',NULL,NULL),(362,'Kodinar','Gujarat',NULL,NULL),(363,'Lathi','Gujarat',NULL,NULL),(364,'Limbdi','Gujarat',NULL,NULL),(365,'Lunawada','Gujarat',NULL,NULL),(366,'Mahesana','Gujarat',NULL,NULL),(367,'Mahuva','Gujarat',NULL,NULL),(368,'Manavadar','Gujarat',NULL,NULL),(369,'Mandvi','Gujarat',NULL,NULL),(370,'Mangrol','Gujarat',NULL,NULL),(371,'Mansa','Gujarat',NULL,NULL),(372,'Mehmedabad','Gujarat',NULL,NULL),(373,'Modasa','Gujarat',NULL,NULL),(374,'Morvi','Gujarat',NULL,NULL),(375,'Nadiad','Gujarat',NULL,NULL),(376,'Navsari','Gujarat',NULL,NULL),(377,'Padra','Gujarat',NULL,NULL),(378,'Palanpur','Gujarat',NULL,NULL),(379,'Palitana','Gujarat',NULL,NULL),(380,'Pardi','Gujarat',NULL,NULL),(381,'Patan','Gujarat',NULL,NULL),(382,'Petlad','Gujarat',NULL,NULL),(383,'Porbandar','Gujarat',NULL,NULL),(384,'Radhanpur','Gujarat',NULL,NULL),(385,'Rajkot','Gujarat',NULL,NULL),(386,'Rajpipla','Gujarat',NULL,NULL),(387,'Rajula','Gujarat',NULL,NULL),(388,'Ranavav','Gujarat',NULL,NULL),(389,'Rapar','Gujarat',NULL,NULL),(390,'Salaya','Gujarat',NULL,NULL),(391,'Sanand','Gujarat',NULL,NULL),(392,'Savarkundla','Gujarat',NULL,NULL),(393,'Sidhpur','Gujarat',NULL,NULL),(394,'Sihor','Gujarat',NULL,NULL),(395,'Songadh','Gujarat',NULL,NULL),(396,'Surat','Gujarat',NULL,NULL),(397,'Talaja','Gujarat',NULL,NULL),(398,'Thangadh','Gujarat',NULL,NULL),(399,'Tharad','Gujarat',NULL,NULL),(400,'Umbergaon','Gujarat',NULL,NULL),(401,'Umreth','Gujarat',NULL,NULL),(402,'Una','Gujarat',NULL,NULL),(403,'Unjha','Gujarat',NULL,NULL),(404,'Upleta','Gujarat',NULL,NULL),(405,'Vadnagar','Gujarat',NULL,NULL),(406,'Vadodara','Gujarat',NULL,NULL),(407,'Valsad','Gujarat',NULL,NULL),(408,'Vapi','Gujarat',NULL,NULL),(409,'Vapi','Gujarat',NULL,NULL),(410,'Veraval','Gujarat',NULL,NULL),(411,'Vijapur','Gujarat',NULL,NULL),(412,'Viramgam','Gujarat',NULL,NULL),(413,'Visnagar','Gujarat',NULL,NULL),(414,'Vyara','Gujarat',NULL,NULL),(415,'Wadhwan','Gujarat',NULL,NULL),(416,'Wankaner','Gujarat',NULL,NULL),(417,'Adalaj','Gujrat',NULL,NULL),(418,'Adityana','Gujrat',NULL,NULL),(419,'Alang','Gujrat',NULL,NULL),(420,'Ambaji','Gujrat',NULL,NULL),(421,'Ambaliyasan','Gujrat',NULL,NULL),(422,'Andada','Gujrat',NULL,NULL),(423,'Anjar','Gujrat',NULL,NULL),(424,'Anklav','Gujrat',NULL,NULL),(425,'Antaliya','Gujrat',NULL,NULL),(426,'Arambhada','Gujrat',NULL,NULL),(427,'Atul','Gujrat',NULL,NULL),(428,'Ballabhgarh','Hariyana',NULL,NULL),(429,'Ambala','Haryana',NULL,NULL),(430,'Ambala','Haryana',NULL,NULL),(431,'Asankhurd','Haryana',NULL,NULL),(432,'Assandh','Haryana',NULL,NULL),(433,'Ateli','Haryana',NULL,NULL),(434,'Babiyal','Haryana',NULL,NULL),(435,'Bahadurgarh','Haryana',NULL,NULL),(436,'Barwala','Haryana',NULL,NULL),(437,'Bhiwani','Haryana',NULL,NULL),(438,'Charkhi Dadri','Haryana',NULL,NULL),(439,'Cheeka','Haryana',NULL,NULL),(440,'Ellenabad 2','Haryana',NULL,NULL),(441,'Faridabad','Haryana',NULL,NULL),(442,'Fatehabad','Haryana',NULL,NULL),(443,'Ganaur','Haryana',NULL,NULL),(444,'Gharaunda','Haryana',NULL,NULL),(445,'Gohana','Haryana',NULL,NULL),(446,'Gurgaon','Haryana',NULL,NULL),(447,'Haibat(Yamuna Nagar)','Haryana',NULL,NULL),(448,'Hansi','Haryana',NULL,NULL),(449,'Hisar','Haryana',NULL,NULL),(450,'Hodal','Haryana',NULL,NULL),(451,'Jhajjar','Haryana',NULL,NULL),(452,'Jind','Haryana',NULL,NULL),(453,'Kaithal','Haryana',NULL,NULL),(454,'Kalan Wali','Haryana',NULL,NULL),(455,'Kalka','Haryana',NULL,NULL),(456,'Karnal','Haryana',NULL,NULL),(457,'Ladwa','Haryana',NULL,NULL),(458,'Mahendragarh','Haryana',NULL,NULL),(459,'Mandi Dabwali','Haryana',NULL,NULL),(460,'Narnaul','Haryana',NULL,NULL),(461,'Narwana','Haryana',NULL,NULL),(462,'Palwal','Haryana',NULL,NULL),(463,'Panchkula','Haryana',NULL,NULL),(464,'Panipat','Haryana',NULL,NULL),(465,'Pehowa','Haryana',NULL,NULL),(466,'Pinjore','Haryana',NULL,NULL),(467,'Rania','Haryana',NULL,NULL),(468,'Ratia','Haryana',NULL,NULL),(469,'Rewari','Haryana',NULL,NULL),(470,'Rohtak','Haryana',NULL,NULL),(471,'Safidon','Haryana',NULL,NULL),(472,'Samalkha','Haryana',NULL,NULL),(473,'Shahbad','Haryana',NULL,NULL),(474,'Sirsa','Haryana',NULL,NULL),(475,'Sohna','Haryana',NULL,NULL),(476,'Sonipat','Haryana',NULL,NULL),(477,'Taraori','Haryana',NULL,NULL),(478,'Thanesar','Haryana',NULL,NULL),(479,'Tohana','Haryana',NULL,NULL),(480,'Yamunanagar','Haryana',NULL,NULL),(481,'Arki','Himachal Pradesh',NULL,NULL),(482,'Baddi','Himachal Pradesh',NULL,NULL),(483,'Bilaspur','Himachal Pradesh',NULL,NULL),(484,'Chamba','Himachal Pradesh',NULL,NULL),(485,'Dalhousie','Himachal Pradesh',NULL,NULL),(486,'Dharamsala','Himachal Pradesh',NULL,NULL),(487,'Hamirpur','Himachal Pradesh',NULL,NULL),(488,'Mandi','Himachal Pradesh',NULL,NULL),(489,'Nahan','Himachal Pradesh',NULL,NULL),(490,'Shimla','Himachal Pradesh',NULL,NULL),(491,'Solan','Himachal Pradesh',NULL,NULL),(492,'Sundarnagar','Himachal Pradesh',NULL,NULL),(493,'Jammu','Jammu & Kashmir',NULL,NULL),(494,'Achabbal','Jammu and Kashmir',NULL,NULL),(495,'Akhnoor','Jammu and Kashmir',NULL,NULL),(496,'Anantnag','Jammu and Kashmir',NULL,NULL),(497,'Arnia','Jammu and Kashmir',NULL,NULL),(498,'Awantipora','Jammu and Kashmir',NULL,NULL),(499,'Bandipore','Jammu and Kashmir',NULL,NULL),(500,'Baramula','Jammu and Kashmir',NULL,NULL),(501,'Kathua','Jammu and Kashmir',NULL,NULL),(502,'Leh','Jammu and Kashmir',NULL,NULL),(503,'Punch','Jammu and Kashmir',NULL,NULL),(504,'Rajauri','Jammu and Kashmir',NULL,NULL),(505,'Sopore','Jammu and Kashmir',NULL,NULL),(506,'Srinagar','Jammu and Kashmir',NULL,NULL),(507,'Udhampur','Jammu and Kashmir',NULL,NULL),(508,'Amlabad','Jharkhand',NULL,NULL),(509,'Ara','Jharkhand',NULL,NULL),(510,'Barughutu','Jharkhand',NULL,NULL),(511,'Bokaro Steel City','Jharkhand',NULL,NULL),(512,'Chaibasa','Jharkhand',NULL,NULL),(513,'Chakradharpur','Jharkhand',NULL,NULL),(514,'Chandrapura','Jharkhand',NULL,NULL),(515,'Chatra','Jharkhand',NULL,NULL),(516,'Chirkunda','Jharkhand',NULL,NULL),(517,'Churi','Jharkhand',NULL,NULL),(518,'Daltonganj','Jharkhand',NULL,NULL),(519,'Deoghar','Jharkhand',NULL,NULL),(520,'Dhanbad','Jharkhand',NULL,NULL),(521,'Dumka','Jharkhand',NULL,NULL),(522,'Garhwa','Jharkhand',NULL,NULL),(523,'Ghatshila','Jharkhand',NULL,NULL),(524,'Giridih','Jharkhand',NULL,NULL),(525,'Godda','Jharkhand',NULL,NULL),(526,'Gomoh','Jharkhand',NULL,NULL),(527,'Gumia','Jharkhand',NULL,NULL),(528,'Gumla','Jharkhand',NULL,NULL),(529,'Hazaribag','Jharkhand',NULL,NULL),(530,'Hussainabad','Jharkhand',NULL,NULL),(531,'Jamshedpur','Jharkhand',NULL,NULL),(532,'Jamtara','Jharkhand',NULL,NULL),(533,'Jhumri Tilaiya','Jharkhand',NULL,NULL),(534,'Khunti','Jharkhand',NULL,NULL),(535,'Lohardaga','Jharkhand',NULL,NULL),(536,'Madhupur','Jharkhand',NULL,NULL),(537,'Mihijam','Jharkhand',NULL,NULL),(538,'Musabani','Jharkhand',NULL,NULL),(539,'Pakaur','Jharkhand',NULL,NULL),(540,'Patratu','Jharkhand',NULL,NULL),(541,'Phusro','Jharkhand',NULL,NULL),(542,'Ramngarh','Jharkhand',NULL,NULL),(543,'Ranchi','Jharkhand',NULL,NULL),(544,'Sahibganj','Jharkhand',NULL,NULL),(545,'Saunda','Jharkhand',NULL,NULL),(546,'Simdega','Jharkhand',NULL,NULL),(547,'Tenu Dam-cum- Kathhara','Jharkhand',NULL,NULL),(548,'Arasikere','Karnataka',NULL,NULL),(549,'Bangalore','Karnataka',NULL,NULL),(550,'Belgaum','Karnataka',NULL,NULL),(551,'Bellary','Karnataka',NULL,NULL),(552,'Chamrajnagar','Karnataka',NULL,NULL),(553,'Chikkaballapur','Karnataka',NULL,NULL),(554,'Chintamani','Karnataka',NULL,NULL),(555,'Chitradurga','Karnataka',NULL,NULL),(556,'Gulbarga','Karnataka',NULL,NULL),(557,'Gundlupet','Karnataka',NULL,NULL),(558,'Hassan','Karnataka',NULL,NULL),(559,'Hospet','Karnataka',NULL,NULL),(560,'Hubli','Karnataka',NULL,NULL),(561,'Karkala','Karnataka',NULL,NULL),(562,'Karwar','Karnataka',NULL,NULL),(563,'Kolar','Karnataka',NULL,NULL),(564,'Kota','Karnataka',NULL,NULL),(565,'Lakshmeshwar','Karnataka',NULL,NULL),(566,'Lingsugur','Karnataka',NULL,NULL),(567,'Maddur','Karnataka',NULL,NULL),(568,'Madhugiri','Karnataka',NULL,NULL),(569,'Madikeri','Karnataka',NULL,NULL),(570,'Magadi','Karnataka',NULL,NULL),(571,'Mahalingpur','Karnataka',NULL,NULL),(572,'Malavalli','Karnataka',NULL,NULL),(573,'Malur','Karnataka',NULL,NULL),(574,'Mandya','Karnataka',NULL,NULL),(575,'Mangalore','Karnataka',NULL,NULL),(576,'Manvi','Karnataka',NULL,NULL),(577,'Mudalgi','Karnataka',NULL,NULL),(578,'Mudbidri','Karnataka',NULL,NULL),(579,'Muddebihal','Karnataka',NULL,NULL),(580,'Mudhol','Karnataka',NULL,NULL),(581,'Mulbagal','Karnataka',NULL,NULL),(582,'Mundargi','Karnataka',NULL,NULL),(583,'Mysore','Karnataka',NULL,NULL),(584,'Nanjangud','Karnataka',NULL,NULL),(585,'Pavagada','Karnataka',NULL,NULL),(586,'Puttur','Karnataka',NULL,NULL),(587,'Rabkavi Banhatti','Karnataka',NULL,NULL),(588,'Raichur','Karnataka',NULL,NULL),(589,'Ramanagaram','Karnataka',NULL,NULL),(590,'Ramdurg','Karnataka',NULL,NULL),(591,'Ranibennur','Karnataka',NULL,NULL),(592,'Robertson Pet','Karnataka',NULL,NULL),(593,'Ron','Karnataka',NULL,NULL),(594,'Sadalgi','Karnataka',NULL,NULL),(595,'Sagar','Karnataka',NULL,NULL),(596,'Sakleshpur','Karnataka',NULL,NULL),(597,'Sandur','Karnataka',NULL,NULL),(598,'Sankeshwar','Karnataka',NULL,NULL),(599,'Saundatti-Yellamma','Karnataka',NULL,NULL),(600,'Savanur','Karnataka',NULL,NULL),(601,'Sedam','Karnataka',NULL,NULL),(602,'Shahabad','Karnataka',NULL,NULL),(603,'Shahpur','Karnataka',NULL,NULL),(604,'Shiggaon','Karnataka',NULL,NULL),(605,'Shikapur','Karnataka',NULL,NULL),(606,'Shimoga','Karnataka',NULL,NULL),(607,'Shorapur','Karnataka',NULL,NULL),(608,'Shrirangapattana','Karnataka',NULL,NULL),(609,'Sidlaghatta','Karnataka',NULL,NULL),(610,'Sindgi','Karnataka',NULL,NULL),(611,'Sindhnur','Karnataka',NULL,NULL),(612,'Sira','Karnataka',NULL,NULL),(613,'Sirsi','Karnataka',NULL,NULL),(614,'Siruguppa','Karnataka',NULL,NULL),(615,'Srinivaspur','Karnataka',NULL,NULL),(616,'Talikota','Karnataka',NULL,NULL),(617,'Tarikere','Karnataka',NULL,NULL),(618,'Tekkalakota','Karnataka',NULL,NULL),(619,'Terdal','Karnataka',NULL,NULL),(620,'Tiptur','Karnataka',NULL,NULL),(621,'Tumkur','Karnataka',NULL,NULL),(622,'Udupi','Karnataka',NULL,NULL),(623,'Vijayapura','Karnataka',NULL,NULL),(624,'Wadi','Karnataka',NULL,NULL),(625,'Yadgir','Karnataka',NULL,NULL),(626,'Adoor','Kerala',NULL,NULL),(627,'Akathiyoor','Kerala',NULL,NULL),(628,'Alappuzha','Kerala',NULL,NULL),(629,'Ancharakandy','Kerala',NULL,NULL),(630,'Aroor','Kerala',NULL,NULL),(631,'Ashtamichira','Kerala',NULL,NULL),(632,'Attingal','Kerala',NULL,NULL),(633,'Avinissery','Kerala',NULL,NULL),(634,'Chalakudy','Kerala',NULL,NULL),(635,'Changanassery','Kerala',NULL,NULL),(636,'Chendamangalam','Kerala',NULL,NULL),(637,'Chengannur','Kerala',NULL,NULL),(638,'Cherthala','Kerala',NULL,NULL),(639,'Cheruthazham','Kerala',NULL,NULL),(640,'Chittur-Thathamangalam','Kerala',NULL,NULL),(641,'Chockli','Kerala',NULL,NULL),(642,'Erattupetta','Kerala',NULL,NULL),(643,'Guruvayoor','Kerala',NULL,NULL),(644,'Irinjalakuda','Kerala',NULL,NULL),(645,'Kadirur','Kerala',NULL,NULL),(646,'Kalliasseri','Kerala',NULL,NULL),(647,'Kalpetta','Kerala',NULL,NULL),(648,'Kanhangad','Kerala',NULL,NULL),(649,'Kanjikkuzhi','Kerala',NULL,NULL),(650,'Kannur','Kerala',NULL,NULL),(651,'Kasaragod','Kerala',NULL,NULL),(652,'Kayamkulam','Kerala',NULL,NULL),(653,'Kochi','Kerala',NULL,NULL),(654,'Kodungallur','Kerala',NULL,NULL),(655,'Kollam','Kerala',NULL,NULL),(656,'Koothuparamba','Kerala',NULL,NULL),(657,'Kothamangalam','Kerala',NULL,NULL),(658,'Kottayam','Kerala',NULL,NULL),(659,'Kozhikode','Kerala',NULL,NULL),(660,'Kunnamkulam','Kerala',NULL,NULL),(661,'Malappuram','Kerala',NULL,NULL),(662,'Mattannur','Kerala',NULL,NULL),(663,'Mavelikkara','Kerala',NULL,NULL),(664,'Mavoor','Kerala',NULL,NULL),(665,'Muvattupuzha','Kerala',NULL,NULL),(666,'Nedumangad','Kerala',NULL,NULL),(667,'Neyyattinkara','Kerala',NULL,NULL),(668,'Ottappalam','Kerala',NULL,NULL),(669,'Palai','Kerala',NULL,NULL),(670,'Palakkad','Kerala',NULL,NULL),(671,'Panniyannur','Kerala',NULL,NULL),(672,'Pappinisseri','Kerala',NULL,NULL),(673,'Paravoor','Kerala',NULL,NULL),(674,'Pathanamthitta','Kerala',NULL,NULL),(675,'Payyannur','Kerala',NULL,NULL),(676,'Peringathur','Kerala',NULL,NULL),(677,'Perinthalmanna','Kerala',NULL,NULL),(678,'Perumbavoor','Kerala',NULL,NULL),(679,'Ponnani','Kerala',NULL,NULL),(680,'Punalur','Kerala',NULL,NULL),(681,'Quilandy','Kerala',NULL,NULL),(682,'Shoranur','Kerala',NULL,NULL),(683,'Taliparamba','Kerala',NULL,NULL),(684,'Thiruvalla','Kerala',NULL,NULL),(685,'Thiruvananthapuram','Kerala',NULL,NULL),(686,'Thodupuzha','Kerala',NULL,NULL),(687,'Thrissur','Kerala',NULL,NULL),(688,'Tirur','Kerala',NULL,NULL),(689,'Vadakara','Kerala',NULL,NULL),(690,'Vaikom','Kerala',NULL,NULL),(691,'Varkala','Kerala',NULL,NULL),(692,'Kavaratti','Lakshadweep',NULL,NULL),(693,'Ashok Nagar','Madhya Pradesh',NULL,NULL),(694,'Balaghat','Madhya Pradesh',NULL,NULL),(695,'Betul','Madhya Pradesh',NULL,NULL),(696,'Bhopal','Madhya Pradesh',NULL,NULL),(697,'Burhanpur','Madhya Pradesh',NULL,NULL),(698,'Chhatarpur','Madhya Pradesh',NULL,NULL),(699,'Dabra','Madhya Pradesh',NULL,NULL),(700,'Datia','Madhya Pradesh',NULL,NULL),(701,'Dewas','Madhya Pradesh',NULL,NULL),(702,'Dhar','Madhya Pradesh',NULL,NULL),(703,'Fatehabad','Madhya Pradesh',NULL,NULL),(704,'Gwalior','Madhya Pradesh',NULL,NULL),(705,'Indore','Madhya Pradesh',NULL,NULL),(706,'Itarsi','Madhya Pradesh',NULL,NULL),(707,'Jabalpur','Madhya Pradesh',NULL,NULL),(708,'Katni','Madhya Pradesh',NULL,NULL),(709,'Kotma','Madhya Pradesh',NULL,NULL),(710,'Lahar','Madhya Pradesh',NULL,NULL),(711,'Lundi','Madhya Pradesh',NULL,NULL),(712,'Maharajpur','Madhya Pradesh',NULL,NULL),(713,'Mahidpur','Madhya Pradesh',NULL,NULL),(714,'Maihar','Madhya Pradesh',NULL,NULL),(715,'Malajkhand','Madhya Pradesh',NULL,NULL),(716,'Manasa','Madhya Pradesh',NULL,NULL),(717,'Manawar','Madhya Pradesh',NULL,NULL),(718,'Mandideep','Madhya Pradesh',NULL,NULL),(719,'Mandla','Madhya Pradesh',NULL,NULL),(720,'Mandsaur','Madhya Pradesh',NULL,NULL),(721,'Mauganj','Madhya Pradesh',NULL,NULL),(722,'Mhow Cantonment','Madhya Pradesh',NULL,NULL),(723,'Mhowgaon','Madhya Pradesh',NULL,NULL),(724,'Morena','Madhya Pradesh',NULL,NULL),(725,'Multai','Madhya Pradesh',NULL,NULL),(726,'Murwara','Madhya Pradesh',NULL,NULL),(727,'Nagda','Madhya Pradesh',NULL,NULL),(728,'Nainpur','Madhya Pradesh',NULL,NULL),(729,'Narsinghgarh','Madhya Pradesh',NULL,NULL),(730,'Narsinghgarh','Madhya Pradesh',NULL,NULL),(731,'Neemuch','Madhya Pradesh',NULL,NULL),(732,'Nepanagar','Madhya Pradesh',NULL,NULL),(733,'Niwari','Madhya Pradesh',NULL,NULL),(734,'Nowgong','Madhya Pradesh',NULL,NULL),(735,'Nowrozabad','Madhya Pradesh',NULL,NULL),(736,'Pachore','Madhya Pradesh',NULL,NULL),(737,'Pali','Madhya Pradesh',NULL,NULL),(738,'Panagar','Madhya Pradesh',NULL,NULL),(739,'Pandhurna','Madhya Pradesh',NULL,NULL),(740,'Panna','Madhya Pradesh',NULL,NULL),(741,'Pasan','Madhya Pradesh',NULL,NULL),(742,'Pipariya','Madhya Pradesh',NULL,NULL),(743,'Pithampur','Madhya Pradesh',NULL,NULL),(744,'Porsa','Madhya Pradesh',NULL,NULL),(745,'Prithvipur','Madhya Pradesh',NULL,NULL),(746,'Raghogarh-Vijaypur','Madhya Pradesh',NULL,NULL),(747,'Rahatgarh','Madhya Pradesh',NULL,NULL),(748,'Raisen','Madhya Pradesh',NULL,NULL),(749,'Rajgarh','Madhya Pradesh',NULL,NULL),(750,'Ratlam','Madhya Pradesh',NULL,NULL),(751,'Rau','Madhya Pradesh',NULL,NULL),(752,'Rehli','Madhya Pradesh',NULL,NULL),(753,'Rewa','Madhya Pradesh',NULL,NULL),(754,'Sabalgarh','Madhya Pradesh',NULL,NULL),(755,'Sagar','Madhya Pradesh',NULL,NULL),(756,'Sanawad','Madhya Pradesh',NULL,NULL),(757,'Sarangpur','Madhya Pradesh',NULL,NULL),(758,'Sarni','Madhya Pradesh',NULL,NULL),(759,'Satna','Madhya Pradesh',NULL,NULL),(760,'Sausar','Madhya Pradesh',NULL,NULL),(761,'Sehore','Madhya Pradesh',NULL,NULL),(762,'Sendhwa','Madhya Pradesh',NULL,NULL),(763,'Seoni','Madhya Pradesh',NULL,NULL),(764,'Seoni-Malwa','Madhya Pradesh',NULL,NULL),(765,'Shahdol','Madhya Pradesh',NULL,NULL),(766,'Shajapur','Madhya Pradesh',NULL,NULL),(767,'Shamgarh','Madhya Pradesh',NULL,NULL),(768,'Sheopur','Madhya Pradesh',NULL,NULL),(769,'Shivpuri','Madhya Pradesh',NULL,NULL),(770,'Shujalpur','Madhya Pradesh',NULL,NULL),(771,'Sidhi','Madhya Pradesh',NULL,NULL),(772,'Sihora','Madhya Pradesh',NULL,NULL),(773,'Singrauli','Madhya Pradesh',NULL,NULL),(774,'Sironj','Madhya Pradesh',NULL,NULL),(775,'Sohagpur','Madhya Pradesh',NULL,NULL),(776,'Tarana','Madhya Pradesh',NULL,NULL),(777,'Tikamgarh','Madhya Pradesh',NULL,NULL),(778,'Ujhani','Madhya Pradesh',NULL,NULL),(779,'Ujjain','Madhya Pradesh',NULL,NULL),(780,'Umaria','Madhya Pradesh',NULL,NULL),(781,'Vidisha','Madhya Pradesh',NULL,NULL),(782,'Wara Seoni','Madhya Pradesh',NULL,NULL),(783,'Ahmednagar','Maharashtra',NULL,NULL),(784,'Akola','Maharashtra',NULL,NULL),(785,'Amravati','Maharashtra',NULL,NULL),(786,'Aurangabad','Maharashtra',NULL,NULL),(787,'Baramati','Maharashtra',NULL,NULL),(788,'Chalisgaon','Maharashtra',NULL,NULL),(789,'Chinchani','Maharashtra',NULL,NULL),(790,'Devgarh','Maharashtra',NULL,NULL),(791,'Dhule','Maharashtra',NULL,NULL),(792,'Dombivli','Maharashtra',NULL,NULL),(793,'Durgapur','Maharashtra',NULL,NULL),(794,'Ichalkaranji','Maharashtra',NULL,NULL),(795,'Jalna','Maharashtra',NULL,NULL),(796,'Kalyan','Maharashtra',NULL,NULL),(797,'Latur','Maharashtra',NULL,NULL),(798,'Loha','Maharashtra',NULL,NULL),(799,'Lonar','Maharashtra',NULL,NULL),(800,'Lonavla','Maharashtra',NULL,NULL),(801,'Mahad','Maharashtra',NULL,NULL),(802,'Mahuli','Maharashtra',NULL,NULL),(803,'Malegaon','Maharashtra',NULL,NULL),(804,'Malkapur','Maharashtra',NULL,NULL),(805,'Manchar','Maharashtra',NULL,NULL),(806,'Mangalvedhe','Maharashtra',NULL,NULL),(807,'Mangrulpir','Maharashtra',NULL,NULL),(808,'Manjlegaon','Maharashtra',NULL,NULL),(809,'Manmad','Maharashtra',NULL,NULL),(810,'Manwath','Maharashtra',NULL,NULL),(811,'Mehkar','Maharashtra',NULL,NULL),(812,'Mhaswad','Maharashtra',NULL,NULL),(813,'Miraj','Maharashtra',NULL,NULL),(814,'Morshi','Maharashtra',NULL,NULL),(815,'Mukhed','Maharashtra',NULL,NULL),(816,'Mul','Maharashtra',NULL,NULL),(817,'Mumbai','Maharashtra',NULL,NULL),(818,'Murtijapur','Maharashtra',NULL,NULL),(819,'Nagpur','Maharashtra',NULL,NULL),(820,'Nalasopara','Maharashtra',NULL,NULL),(821,'Nanded-Waghala','Maharashtra',NULL,NULL),(822,'Nandgaon','Maharashtra',NULL,NULL),(823,'Nandura','Maharashtra',NULL,NULL),(824,'Nandurbar','Maharashtra',NULL,NULL),(825,'Narkhed','Maharashtra',NULL,NULL),(826,'Nashik','Maharashtra',NULL,NULL),(827,'Navi Mumbai','Maharashtra',NULL,NULL),(828,'Nawapur','Maharashtra',NULL,NULL),(829,'Nilanga','Maharashtra',NULL,NULL),(830,'Osmanabad','Maharashtra',NULL,NULL),(831,'Ozar','Maharashtra',NULL,NULL),(832,'Pachora','Maharashtra',NULL,NULL),(833,'Paithan','Maharashtra',NULL,NULL),(834,'Palghar','Maharashtra',NULL,NULL),(835,'Pandharkaoda','Maharashtra',NULL,NULL),(836,'Pandharpur','Maharashtra',NULL,NULL),(837,'Panvel','Maharashtra',NULL,NULL),(838,'Parbhani','Maharashtra',NULL,NULL),(839,'Parli','Maharashtra',NULL,NULL),(840,'Parola','Maharashtra',NULL,NULL),(841,'Partur','Maharashtra',NULL,NULL),(842,'Pathardi','Maharashtra',NULL,NULL),(843,'Pathri','Maharashtra',NULL,NULL),(844,'Patur','Maharashtra',NULL,NULL),(845,'Pauni','Maharashtra',NULL,NULL),(846,'Pen','Maharashtra',NULL,NULL),(847,'Phaltan','Maharashtra',NULL,NULL),(848,'Pulgaon','Maharashtra',NULL,NULL),(849,'Pune','Maharashtra',NULL,NULL),(850,'Purna','Maharashtra',NULL,NULL),(851,'Pusad','Maharashtra',NULL,NULL),(852,'Rahuri','Maharashtra',NULL,NULL),(853,'Rajura','Maharashtra',NULL,NULL),(854,'Ramtek','Maharashtra',NULL,NULL),(855,'Ratnagiri','Maharashtra',NULL,NULL),(856,'Raver','Maharashtra',NULL,NULL),(857,'Risod','Maharashtra',NULL,NULL),(858,'Sailu','Maharashtra',NULL,NULL),(859,'Sangamner','Maharashtra',NULL,NULL),(860,'Sangli','Maharashtra',NULL,NULL),(861,'Sangole','Maharashtra',NULL,NULL),(862,'Sasvad','Maharashtra',NULL,NULL),(863,'Satana','Maharashtra',NULL,NULL),(864,'Satara','Maharashtra',NULL,NULL),(865,'Savner','Maharashtra',NULL,NULL),(866,'Sawantwadi','Maharashtra',NULL,NULL),(867,'Shahade','Maharashtra',NULL,NULL),(868,'Shegaon','Maharashtra',NULL,NULL),(869,'Shendurjana','Maharashtra',NULL,NULL),(870,'Shirdi','Maharashtra',NULL,NULL),(871,'Shirpur-Warwade','Maharashtra',NULL,NULL),(872,'Shirur','Maharashtra',NULL,NULL),(873,'Shrigonda','Maharashtra',NULL,NULL),(874,'Shrirampur','Maharashtra',NULL,NULL),(875,'Sillod','Maharashtra',NULL,NULL),(876,'Sinnar','Maharashtra',NULL,NULL),(877,'Solapur','Maharashtra',NULL,NULL),(878,'Soyagaon','Maharashtra',NULL,NULL),(879,'Talegaon Dabhade','Maharashtra',NULL,NULL),(880,'Talode','Maharashtra',NULL,NULL),(881,'Tasgaon','Maharashtra',NULL,NULL),(882,'Tirora','Maharashtra',NULL,NULL),(883,'Tuljapur','Maharashtra',NULL,NULL),(884,'Tumsar','Maharashtra',NULL,NULL),(885,'Uran','Maharashtra',NULL,NULL),(886,'Uran Islampur','Maharashtra',NULL,NULL),(887,'Wadgaon Road','Maharashtra',NULL,NULL),(888,'Wai','Maharashtra',NULL,NULL),(889,'Wani','Maharashtra',NULL,NULL),(890,'Wardha','Maharashtra',NULL,NULL),(891,'Warora','Maharashtra',NULL,NULL),(892,'Warud','Maharashtra',NULL,NULL),(893,'Washim','Maharashtra',NULL,NULL),(894,'Yevla','Maharashtra',NULL,NULL),(895,'Uchgaon','Maharastra',NULL,NULL),(896,'Udgir','Maharastra',NULL,NULL),(897,'Umarga','Maharastra',NULL,NULL),(898,'Umarkhed','Maharastra',NULL,NULL),(899,'Umred','Maharastra',NULL,NULL),(900,'Vadgaon Kasba','Maharastra',NULL,NULL),(901,'Vaijapur','Maharastra',NULL,NULL),(902,'Vasai','Maharastra',NULL,NULL),(903,'Virar','Maharastra',NULL,NULL),(904,'Vita','Maharastra',NULL,NULL),(905,'Yavatmal','Maharastra',NULL,NULL),(906,'Yawal','Maharastra',NULL,NULL),(907,'Imphal','Manipur',NULL,NULL),(908,'Kakching','Manipur',NULL,NULL),(909,'Lilong','Manipur',NULL,NULL),(910,'Mayang Imphal','Manipur',NULL,NULL),(911,'Thoubal','Manipur',NULL,NULL),(912,'Jowai','Meghalaya',NULL,NULL),(913,'Nongstoin','Meghalaya',NULL,NULL),(914,'Shillong','Meghalaya',NULL,NULL),(915,'Tura','Meghalaya',NULL,NULL),(916,'Aizawl','Mizoram',NULL,NULL),(917,'Champhai','Mizoram',NULL,NULL),(918,'Lunglei','Mizoram',NULL,NULL),(919,'Saiha','Mizoram',NULL,NULL),(920,'Dimapur','Nagaland',NULL,NULL),(921,'Kohima','Nagaland',NULL,NULL),(922,'Mokokchung','Nagaland',NULL,NULL),(923,'Tuensang','Nagaland',NULL,NULL),(924,'Wokha','Nagaland',NULL,NULL),(925,'Zunheboto','Nagaland',NULL,NULL),(950,'Anandapur','Orissa',NULL,NULL),(951,'Anugul','Orissa',NULL,NULL),(952,'Asika','Orissa',NULL,NULL),(953,'Balangir','Orissa',NULL,NULL),(954,'Balasore','Orissa',NULL,NULL),(955,'Baleshwar','Orissa',NULL,NULL),(956,'Bamra','Orissa',NULL,NULL),(957,'Barbil','Orissa',NULL,NULL),(958,'Bargarh','Orissa',NULL,NULL),(959,'Bargarh','Orissa',NULL,NULL),(960,'Baripada','Orissa',NULL,NULL),(961,'Basudebpur','Orissa',NULL,NULL),(962,'Belpahar','Orissa',NULL,NULL),(963,'Bhadrak','Orissa',NULL,NULL),(964,'Bhawanipatna','Orissa',NULL,NULL),(965,'Bhuban','Orissa',NULL,NULL),(966,'Bhubaneswar','Orissa',NULL,NULL),(967,'Biramitrapur','Orissa',NULL,NULL),(968,'Brahmapur','Orissa',NULL,NULL),(969,'Brajrajnagar','Orissa',NULL,NULL),(970,'Byasanagar','Orissa',NULL,NULL),(971,'Cuttack','Orissa',NULL,NULL),(972,'Debagarh','Orissa',NULL,NULL),(973,'Dhenkanal','Orissa',NULL,NULL),(974,'Gunupur','Orissa',NULL,NULL),(975,'Hinjilicut','Orissa',NULL,NULL),(976,'Jagatsinghapur','Orissa',NULL,NULL),(977,'Jajapur','Orissa',NULL,NULL),(978,'Jaleswar','Orissa',NULL,NULL),(979,'Jatani','Orissa',NULL,NULL),(980,'Jeypur','Orissa',NULL,NULL),(981,'Jharsuguda','Orissa',NULL,NULL),(982,'Joda','Orissa',NULL,NULL),(983,'Kantabanji','Orissa',NULL,NULL),(984,'Karanjia','Orissa',NULL,NULL),(985,'Kendrapara','Orissa',NULL,NULL),(986,'Kendujhar','Orissa',NULL,NULL),(987,'Khordha','Orissa',NULL,NULL),(988,'Koraput','Orissa',NULL,NULL),(989,'Malkangiri','Orissa',NULL,NULL),(990,'Nabarangapur','Orissa',NULL,NULL),(991,'Paradip','Orissa',NULL,NULL),(992,'Parlakhemundi','Orissa',NULL,NULL),(993,'Pattamundai','Orissa',NULL,NULL),(994,'Phulabani','Orissa',NULL,NULL),(995,'Puri','Orissa',NULL,NULL),(996,'Rairangpur','Orissa',NULL,NULL),(997,'Rajagangapur','Orissa',NULL,NULL),(998,'Raurkela','Orissa',NULL,NULL),(999,'Rayagada','Orissa',NULL,NULL),(1000,'Sambalpur','Orissa',NULL,NULL),(1001,'Soro','Orissa',NULL,NULL),(1002,'Sunabeda','Orissa',NULL,NULL),(1003,'Sundargarh','Orissa',NULL,NULL),(1004,'Talcher','Orissa',NULL,NULL),(1005,'Titlagarh','Orissa',NULL,NULL),(1006,'Umarkote','Orissa',NULL,NULL),(1007,'Karaikal','Pondicherry',NULL,NULL),(1008,'Mahe','Pondicherry',NULL,NULL),(1009,'Kolhapur','Maharashtra',NULL,NULL),(1010,'Yanam','Pondicherry',NULL,NULL),(1011,'Ahmedgarh','Punjab',NULL,NULL),(1012,'Amritsar','Punjab',NULL,NULL),(1013,'Barnala','Punjab',NULL,NULL),(1014,'Batala','Punjab',NULL,NULL),(1015,'Bathinda','Punjab',NULL,NULL),(1016,'Bhagha Purana','Punjab',NULL,NULL),(1017,'Budhlada','Punjab',NULL,NULL),(1018,'Chandigarh','Punjab',NULL,NULL),(1019,'Dasua','Punjab',NULL,NULL),(1020,'Dhuri','Punjab',NULL,NULL),(1021,'Dinanagar','Punjab',NULL,NULL),(1022,'Faridkot','Punjab',NULL,NULL),(1023,'Fazilka','Punjab',NULL,NULL),(1024,'Firozpur','Punjab',NULL,NULL),(1025,'Firozpur Cantt.','Punjab',NULL,NULL),(1026,'Giddarbaha','Punjab',NULL,NULL),(1027,'Gobindgarh','Punjab',NULL,NULL),(1028,'Gurdaspur','Punjab',NULL,NULL),(1029,'Hoshiarpur','Punjab',NULL,NULL),(1030,'Jagraon','Punjab',NULL,NULL),(1031,'Jaitu','Punjab',NULL,NULL),(1032,'Jalalabad','Punjab',NULL,NULL),(1033,'Jalandhar','Punjab',NULL,NULL),(1034,'Jalandhar Cantt.','Punjab',NULL,NULL),(1035,'Jandiala','Punjab',NULL,NULL),(1036,'Kapurthala','Punjab',NULL,NULL),(1037,'Karoran','Punjab',NULL,NULL),(1038,'Kartarpur','Punjab',NULL,NULL),(1039,'Khanna','Punjab',NULL,NULL),(1040,'Kharar','Punjab',NULL,NULL),(1041,'Kot Kapura','Punjab',NULL,NULL),(1042,'Kurali','Punjab',NULL,NULL),(1043,'Longowal','Punjab',NULL,NULL),(1044,'Ludhiana','Punjab',NULL,NULL),(1045,'Malerkotla','Punjab',NULL,NULL),(1046,'Malout','Punjab',NULL,NULL),(1047,'Mansa','Punjab',NULL,NULL),(1048,'Maur','Punjab',NULL,NULL),(1049,'Moga','Punjab',NULL,NULL),(1050,'Mohali','Punjab',NULL,NULL),(1051,'Morinda','Punjab',NULL,NULL),(1052,'Mukerian','Punjab',NULL,NULL),(1053,'Muktsar','Punjab',NULL,NULL),(1054,'Nabha','Punjab',NULL,NULL),(1055,'Nakodar','Punjab',NULL,NULL),(1056,'Nangal','Punjab',NULL,NULL),(1057,'Nawanshahr','Punjab',NULL,NULL),(1058,'Pathankot','Punjab',NULL,NULL),(1059,'Patiala','Punjab',NULL,NULL),(1060,'Patran','Punjab',NULL,NULL),(1061,'Patti','Punjab',NULL,NULL),(1062,'Phagwara','Punjab',NULL,NULL),(1063,'Phillaur','Punjab',NULL,NULL),(1064,'Qadian','Punjab',NULL,NULL),(1065,'Raikot','Punjab',NULL,NULL),(1066,'Rajpura','Punjab',NULL,NULL),(1067,'Rampura Phul','Punjab',NULL,NULL),(1068,'Rupnagar','Punjab',NULL,NULL),(1069,'Samana','Punjab',NULL,NULL),(1070,'Sangrur','Punjab',NULL,NULL),(1071,'Sirhind Fatehgarh Sahib','Punjab',NULL,NULL),(1072,'Sujanpur','Punjab',NULL,NULL),(1073,'Sunam','Punjab',NULL,NULL),(1074,'Talwara','Punjab',NULL,NULL),(1075,'Tarn Taran','Punjab',NULL,NULL),(1076,'Urmar Tanda','Punjab',NULL,NULL),(1077,'Zira','Punjab',NULL,NULL),(1078,'Zirakpur','Punjab',NULL,NULL),(1079,'Bali','Rajastan',NULL,NULL),(1080,'Banswara','Rajastan',NULL,NULL),(1081,'Ajmer','Rajasthan',NULL,NULL),(1082,'Alwar','Rajasthan',NULL,NULL),(1083,'Bandikui','Rajasthan',NULL,NULL),(1084,'Baran','Rajasthan',NULL,NULL),(1085,'Barmer','Rajasthan',NULL,NULL),(1086,'Bikaner','Rajasthan',NULL,NULL),(1087,'Fatehpur','Rajasthan',NULL,NULL),(1088,'Jaipur','Rajasthan',NULL,NULL),(1089,'Jaisalmer','Rajasthan',NULL,NULL),(1090,'Jodhpur','Rajasthan',NULL,NULL),(1091,'Kota','Rajasthan',NULL,NULL),(1092,'Lachhmangarh','Rajasthan',NULL,NULL),(1093,'Ladnu','Rajasthan',NULL,NULL),(1094,'Lakheri','Rajasthan',NULL,NULL),(1095,'Lalsot','Rajasthan',NULL,NULL),(1096,'Losal','Rajasthan',NULL,NULL),(1097,'Makrana','Rajasthan',NULL,NULL),(1098,'Malpura','Rajasthan',NULL,NULL),(1099,'Mandalgarh','Rajasthan',NULL,NULL),(1100,'Mandawa','Rajasthan',NULL,NULL),(1101,'Mangrol','Rajasthan',NULL,NULL),(1102,'Merta City','Rajasthan',NULL,NULL),(1103,'Mount Abu','Rajasthan',NULL,NULL),(1104,'Nadbai','Rajasthan',NULL,NULL),(1105,'Nagar','Rajasthan',NULL,NULL),(1106,'Nagaur','Rajasthan',NULL,NULL),(1107,'Nargund','Rajasthan',NULL,NULL),(1108,'Nasirabad','Rajasthan',NULL,NULL),(1109,'Nathdwara','Rajasthan',NULL,NULL),(1110,'Navalgund','Rajasthan',NULL,NULL),(1111,'Nawalgarh','Rajasthan',NULL,NULL),(1112,'Neem-Ka-Thana','Rajasthan',NULL,NULL),(1113,'Nelamangala','Rajasthan',NULL,NULL),(1114,'Nimbahera','Rajasthan',NULL,NULL),(1115,'Nipani','Rajasthan',NULL,NULL),(1116,'Niwai','Rajasthan',NULL,NULL),(1117,'Nohar','Rajasthan',NULL,NULL),(1118,'Nokha','Rajasthan',NULL,NULL),(1119,'Pali','Rajasthan',NULL,NULL),(1120,'Phalodi','Rajasthan',NULL,NULL),(1121,'Phulera','Rajasthan',NULL,NULL),(1122,'Pilani','Rajasthan',NULL,NULL),(1123,'Pilibanga','Rajasthan',NULL,NULL),(1124,'Pindwara','Rajasthan',NULL,NULL),(1125,'Pipar City','Rajasthan',NULL,NULL),(1126,'Prantij','Rajasthan',NULL,NULL),(1127,'Pratapgarh','Rajasthan',NULL,NULL),(1128,'Raisinghnagar','Rajasthan',NULL,NULL),(1129,'Rajakhera','Rajasthan',NULL,NULL),(1130,'Rajaldesar','Rajasthan',NULL,NULL),(1131,'Rajgarh (Alwar)','Rajasthan',NULL,NULL),(1132,'Rajgarh (Churu','Rajasthan',NULL,NULL),(1133,'Rajsamand','Rajasthan',NULL,NULL),(1134,'Ramganj Mandi','Rajasthan',NULL,NULL),(1135,'Ramngarh','Rajasthan',NULL,NULL),(1136,'Ratangarh','Rajasthan',NULL,NULL),(1137,'Rawatbhata','Rajasthan',NULL,NULL),(1138,'Rawatsar','Rajasthan',NULL,NULL),(1139,'Reengus','Rajasthan',NULL,NULL),(1140,'Sadri','Rajasthan',NULL,NULL),(1141,'Sadulshahar','Rajasthan',NULL,NULL),(1142,'Sagwara','Rajasthan',NULL,NULL),(1143,'Sambhar','Rajasthan',NULL,NULL),(1144,'Sanchore','Rajasthan',NULL,NULL),(1145,'Sangaria','Rajasthan',NULL,NULL),(1146,'Sardarshahar','Rajasthan',NULL,NULL),(1147,'Sawai Madhopur','Rajasthan',NULL,NULL),(1148,'Shahpura','Rajasthan',NULL,NULL),(1149,'Shahpura','Rajasthan',NULL,NULL),(1150,'Sheoganj','Rajasthan',NULL,NULL),(1151,'Sikar','Rajasthan',NULL,NULL),(1152,'Sirohi','Rajasthan',NULL,NULL),(1153,'Sojat','Rajasthan',NULL,NULL),(1154,'Sri Madhopur','Rajasthan',NULL,NULL),(1155,'Sujangarh','Rajasthan',NULL,NULL),(1156,'Sumerpur','Rajasthan',NULL,NULL),(1157,'Suratgarh','Rajasthan',NULL,NULL),(1158,'Taranagar','Rajasthan',NULL,NULL),(1159,'Todabhim','Rajasthan',NULL,NULL),(1160,'Todaraisingh','Rajasthan',NULL,NULL),(1161,'Tonk','Rajasthan',NULL,NULL),(1162,'Udaipur','Rajasthan',NULL,NULL),(1163,'Udaipurwati','Rajasthan',NULL,NULL),(1164,'Vijainagar','Rajasthan',NULL,NULL),(1165,'Gangtok','Sikkim',NULL,NULL),(1166,'Calcutta','West Bengal',NULL,NULL),(1167,'Arakkonam','Tamil Nadu',NULL,NULL),(1168,'Arcot','Tamil Nadu',NULL,NULL),(1169,'Aruppukkottai','Tamil Nadu',NULL,NULL),(1170,'Bhavani','Tamil Nadu',NULL,NULL),(1171,'Chengalpattu','Tamil Nadu',NULL,NULL),(1172,'Port Blair','Andaman and Nicobar Islands',NULL,NULL),(1173,'Chinna salem','Tamil nadu',NULL,NULL),(1174,'Coimbatore','Tamil Nadu',NULL,NULL),(1175,'Coonoor','Tamil Nadu',NULL,NULL),(1176,'Cuddalore','Tamil Nadu',NULL,NULL),(1177,'Dharmapuri','Tamil Nadu',NULL,NULL),(1178,'Dindigul','Tamil Nadu',NULL,NULL),(1179,'Erode','Tamil Nadu',NULL,NULL),(1180,'Gudalur','Tamil Nadu',NULL,NULL),(1181,'Gudalur','Tamil Nadu',NULL,NULL),(1182,'Gudalur','Tamil Nadu',NULL,NULL),(1183,'Kanchipuram','Tamil Nadu',NULL,NULL),(1184,'Karaikudi','Tamil Nadu',NULL,NULL),(1185,'Karungal','Tamil Nadu',NULL,NULL),(1186,'Karur','Tamil Nadu',NULL,NULL),(1187,'Kollankodu','Tamil Nadu',NULL,NULL),(1188,'Lalgudi','Tamil Nadu',NULL,NULL),(1189,'Madurai','Tamil Nadu',NULL,NULL),(1190,'Nagapattinam','Tamil Nadu',NULL,NULL),(1191,'Nagercoil','Tamil Nadu',NULL,NULL),(1192,'Namagiripettai','Tamil Nadu',NULL,NULL),(1193,'Namakkal','Tamil Nadu',NULL,NULL),(1194,'Nandivaram-Guduvancheri','Tamil Nadu',NULL,NULL),(1195,'Nanjikottai','Tamil Nadu',NULL,NULL),(1196,'Natham','Tamil Nadu',NULL,NULL),(1197,'Nellikuppam','Tamil Nadu',NULL,NULL),(1198,'Neyveli','Tamil Nadu',NULL,NULL),(1199,'O\' Valley','Tamil Nadu',NULL,NULL),(1200,'Oddanchatram','Tamil Nadu',NULL,NULL),(1201,'P.N.Patti','Tamil Nadu',NULL,NULL),(1202,'Pacode','Tamil Nadu',NULL,NULL),(1203,'Padmanabhapuram','Tamil Nadu',NULL,NULL),(1204,'Palani','Tamil Nadu',NULL,NULL),(1205,'Palladam','Tamil Nadu',NULL,NULL),(1206,'Pallapatti','Tamil Nadu',NULL,NULL),(1207,'Pallikonda','Tamil Nadu',NULL,NULL),(1208,'Panagudi','Tamil Nadu',NULL,NULL),(1209,'Panruti','Tamil Nadu',NULL,NULL),(1210,'Paramakudi','Tamil Nadu',NULL,NULL),(1211,'Parangipettai','Tamil Nadu',NULL,NULL),(1212,'Pattukkottai','Tamil Nadu',NULL,NULL),(1213,'Perambalur','Tamil Nadu',NULL,NULL),(1214,'Peravurani','Tamil Nadu',NULL,NULL),(1215,'Periyakulam','Tamil Nadu',NULL,NULL),(1216,'Periyasemur','Tamil Nadu',NULL,NULL),(1217,'Pernampattu','Tamil Nadu',NULL,NULL),(1218,'Pollachi','Tamil Nadu',NULL,NULL),(1219,'Polur','Tamil Nadu',NULL,NULL),(1220,'Ponneri','Tamil Nadu',NULL,NULL),(1221,'Pudukkottai','Tamil Nadu',NULL,NULL),(1222,'Pudupattinam','Tamil Nadu',NULL,NULL),(1223,'Puliyankudi','Tamil Nadu',NULL,NULL),(1224,'Punjaipugalur','Tamil Nadu',NULL,NULL),(1225,'Rajapalayam','Tamil Nadu',NULL,NULL),(1226,'Ramanathapuram','Tamil Nadu',NULL,NULL),(1227,'Rameshwaram','Tamil Nadu',NULL,NULL),(1228,'Rasipuram','Tamil Nadu',NULL,NULL),(1229,'Salem','Tamil Nadu',NULL,NULL),(1230,'Sankarankoil','Tamil Nadu',NULL,NULL),(1231,'Sankari','Tamil Nadu',NULL,NULL),(1232,'Sathyamangalam','Tamil Nadu',NULL,NULL),(1233,'Sattur','Tamil Nadu',NULL,NULL),(1234,'Shenkottai','Tamil Nadu',NULL,NULL),(1235,'Sholavandan','Tamil Nadu',NULL,NULL),(1236,'Sholingur','Tamil Nadu',NULL,NULL),(1237,'Sirkali','Tamil Nadu',NULL,NULL),(1238,'Sivaganga','Tamil Nadu',NULL,NULL),(1239,'Sivagiri','Tamil Nadu',NULL,NULL),(1240,'Sivakasi','Tamil Nadu',NULL,NULL),(1241,'Srivilliputhur','Tamil Nadu',NULL,NULL),(1242,'Surandai','Tamil Nadu',NULL,NULL),(1243,'Suriyampalayam','Tamil Nadu',NULL,NULL),(1244,'Tenkasi','Tamil Nadu',NULL,NULL),(1245,'Thammampatti','Tamil Nadu',NULL,NULL),(1246,'Thanjavur','Tamil Nadu',NULL,NULL),(1247,'Tharamangalam','Tamil Nadu',NULL,NULL),(1248,'Tharangambadi','Tamil Nadu',NULL,NULL),(1249,'Theni Allinagaram','Tamil Nadu',NULL,NULL),(1250,'Thirumangalam','Tamil Nadu',NULL,NULL),(1251,'Thirunindravur','Tamil Nadu',NULL,NULL),(1252,'Thiruparappu','Tamil Nadu',NULL,NULL),(1253,'Thirupuvanam','Tamil Nadu',NULL,NULL),(1254,'Thiruthuraipoondi','Tamil Nadu',NULL,NULL),(1255,'Thiruvallur','Tamil Nadu',NULL,NULL),(1256,'Thiruvarur','Tamil Nadu',NULL,NULL),(1257,'Thoothukudi','Tamil Nadu',NULL,NULL),(1258,'Thuraiyur','Tamil Nadu',NULL,NULL),(1259,'Tindivanam','Tamil Nadu',NULL,NULL),(1260,'Tiruchendur','Tamil Nadu',NULL,NULL),(1261,'Tiruchengode','Tamil Nadu',NULL,NULL),(1262,'Tiruchirappalli','Tamil Nadu',NULL,NULL),(1263,'Tirukalukundram','Tamil Nadu',NULL,NULL),(1264,'Tirukkoyilur','Tamil Nadu',NULL,NULL),(1265,'Tirunelveli','Tamil Nadu',NULL,NULL),(1266,'Tirupathur','Tamil Nadu',NULL,NULL),(1267,'Tirupathur','Tamil Nadu',NULL,NULL),(1268,'Tiruppur','Tamil Nadu',NULL,NULL),(1269,'Tiruttani','Tamil Nadu',NULL,NULL),(1270,'Tiruvannamalai','Tamil Nadu',NULL,NULL),(1271,'Tiruvethipuram','Tamil Nadu',NULL,NULL),(1272,'Tittakudi','Tamil Nadu',NULL,NULL),(1273,'Udhagamandalam','Tamil Nadu',NULL,NULL),(1274,'Udumalaipettai','Tamil Nadu',NULL,NULL),(1275,'Unnamalaikadai','Tamil Nadu',NULL,NULL),(1276,'Usilampatti','Tamil Nadu',NULL,NULL),(1277,'Uthamapalayam','Tamil Nadu',NULL,NULL),(1278,'Uthiramerur','Tamil Nadu',NULL,NULL),(1279,'Vadakkuvalliyur','Tamil Nadu',NULL,NULL),(1280,'Vadalur','Tamil Nadu',NULL,NULL),(1281,'Vadipatti','Tamil Nadu',NULL,NULL),(1282,'Valparai','Tamil Nadu',NULL,NULL),(1283,'Vandavasi','Tamil Nadu',NULL,NULL),(1284,'Vaniyambadi','Tamil Nadu',NULL,NULL),(1285,'Vedaranyam','Tamil Nadu',NULL,NULL),(1286,'Vellakoil','Tamil Nadu',NULL,NULL),(1287,'Vellore','Tamil Nadu',NULL,NULL),(1288,'Vikramasingapuram','Tamil Nadu',NULL,NULL),(1289,'Viluppuram','Tamil Nadu',NULL,NULL),(1290,'Virudhachalam','Tamil Nadu',NULL,NULL),(1291,'Virudhunagar','Tamil Nadu',NULL,NULL),(1292,'Viswanatham','Tamil Nadu',NULL,NULL),(1293,'Agartala','Tripura',NULL,NULL),(1294,'Badharghat','Tripura',NULL,NULL),(1295,'Dharmanagar','Tripura',NULL,NULL),(1296,'Indranagar','Tripura',NULL,NULL),(1297,'Jogendranagar','Tripura',NULL,NULL),(1298,'Kailasahar','Tripura',NULL,NULL),(1299,'Khowai','Tripura',NULL,NULL),(1300,'Pratapgarh','Tripura',NULL,NULL),(1301,'Udaipur','Tripura',NULL,NULL),(1302,'Achhnera','Uttar Pradesh',NULL,NULL),(1303,'Adari','Uttar Pradesh',NULL,NULL),(1304,'Agra','Uttar Pradesh',NULL,NULL),(1305,'Aligarh','Uttar Pradesh',NULL,NULL),(1306,'Allahabad','Uttar Pradesh',NULL,NULL),(1307,'Amroha','Uttar Pradesh',NULL,NULL),(1308,'Azamgarh','Uttar Pradesh',NULL,NULL),(1309,'Bahraich','Uttar Pradesh',NULL,NULL),(1310,'Ballia','Uttar Pradesh',NULL,NULL),(1311,'Balrampur','Uttar Pradesh',NULL,NULL),(1312,'Banda','Uttar Pradesh',NULL,NULL),(1313,'Bareilly','Uttar Pradesh',NULL,NULL),(1314,'Chandausi','Uttar Pradesh',NULL,NULL),(1315,'Dadri','Uttar Pradesh',NULL,NULL),(1316,'Deoria','Uttar Pradesh',NULL,NULL),(1317,'Etawah','Uttar Pradesh',NULL,NULL),(1318,'Fatehabad','Uttar Pradesh',NULL,NULL),(1319,'Fatehpur','Uttar Pradesh',NULL,NULL),(1320,'Fatehpur','Uttar Pradesh',NULL,NULL),(1321,'Greater Noida','Uttar Pradesh',NULL,NULL),(1322,'Hamirpur','Uttar Pradesh',NULL,NULL),(1323,'Hardoi','Uttar Pradesh',NULL,NULL),(1324,'Jajmau','Uttar Pradesh',NULL,NULL),(1325,'Jaunpur','Uttar Pradesh',NULL,NULL),(1326,'Jhansi','Uttar Pradesh',NULL,NULL),(1327,'Kalpi','Uttar Pradesh',NULL,NULL),(1328,'Kanpur','Uttar Pradesh',NULL,NULL),(1329,'Kota','Uttar Pradesh',NULL,NULL),(1330,'Laharpur','Uttar Pradesh',NULL,NULL),(1331,'Lakhimpur','Uttar Pradesh',NULL,NULL),(1332,'Lal Gopalganj Nindaura','Uttar Pradesh',NULL,NULL),(1333,'Lalganj','Uttar Pradesh',NULL,NULL),(1334,'Lalitpur','Uttar Pradesh',NULL,NULL),(1335,'Lar','Uttar Pradesh',NULL,NULL),(1336,'Loni','Uttar Pradesh',NULL,NULL),(1337,'Lucknow','Uttar Pradesh',NULL,NULL),(1338,'Mathura','Uttar Pradesh',NULL,NULL),(1339,'Meerut','Uttar Pradesh',NULL,NULL),(1340,'Modinagar','Uttar Pradesh',NULL,NULL),(1341,'Muradnagar','Uttar Pradesh',NULL,NULL),(1342,'Nagina','Uttar Pradesh',NULL,NULL),(1343,'Najibabad','Uttar Pradesh',NULL,NULL),(1344,'Nakur','Uttar Pradesh',NULL,NULL),(1345,'Nanpara','Uttar Pradesh',NULL,NULL),(1346,'Naraura','Uttar Pradesh',NULL,NULL),(1347,'Naugawan Sadat','Uttar Pradesh',NULL,NULL),(1348,'Nautanwa','Uttar Pradesh',NULL,NULL),(1349,'Nawabganj','Uttar Pradesh',NULL,NULL),(1350,'Nehtaur','Uttar Pradesh',NULL,NULL),(1351,'NOIDA','Uttar Pradesh',NULL,NULL),(1352,'Noorpur','Uttar Pradesh',NULL,NULL),(1353,'Obra','Uttar Pradesh',NULL,NULL),(1354,'Orai','Uttar Pradesh',NULL,NULL),(1355,'Padrauna','Uttar Pradesh',NULL,NULL),(1356,'Palia Kalan','Uttar Pradesh',NULL,NULL),(1357,'Parasi','Uttar Pradesh',NULL,NULL),(1358,'Phulpur','Uttar Pradesh',NULL,NULL),(1359,'Pihani','Uttar Pradesh',NULL,NULL),(1360,'Pilibhit','Uttar Pradesh',NULL,NULL),(1361,'Pilkhuwa','Uttar Pradesh',NULL,NULL),(1362,'Powayan','Uttar Pradesh',NULL,NULL),(1363,'Pukhrayan','Uttar Pradesh',NULL,NULL),(1364,'Puranpur','Uttar Pradesh',NULL,NULL),(1365,'Purquazi','Uttar Pradesh',NULL,NULL),(1366,'Purwa','Uttar Pradesh',NULL,NULL),(1367,'Rae Bareli','Uttar Pradesh',NULL,NULL),(1368,'Rampur','Uttar Pradesh',NULL,NULL),(1369,'Rampur Maniharan','Uttar Pradesh',NULL,NULL),(1370,'Rasra','Uttar Pradesh',NULL,NULL),(1371,'Rath','Uttar Pradesh',NULL,NULL),(1372,'Renukoot','Uttar Pradesh',NULL,NULL),(1373,'Reoti','Uttar Pradesh',NULL,NULL),(1374,'Robertsganj','Uttar Pradesh',NULL,NULL),(1375,'Rudauli','Uttar Pradesh',NULL,NULL),(1376,'Rudrapur','Uttar Pradesh',NULL,NULL),(1377,'Sadabad','Uttar Pradesh',NULL,NULL),(1378,'Safipur','Uttar Pradesh',NULL,NULL),(1379,'Saharanpur','Uttar Pradesh',NULL,NULL),(1380,'Sahaspur','Uttar Pradesh',NULL,NULL),(1381,'Sahaswan','Uttar Pradesh',NULL,NULL),(1382,'Sahawar','Uttar Pradesh',NULL,NULL),(1383,'Sahjanwa','Uttar Pradesh',NULL,NULL),(1384,'\"Saidpur',' Ghazipur\"',NULL,NULL),(1385,'Sambhal','Uttar Pradesh',NULL,NULL),(1386,'Samdhan','Uttar Pradesh',NULL,NULL),(1387,'Samthar','Uttar Pradesh',NULL,NULL),(1388,'Sandi','Uttar Pradesh',NULL,NULL),(1389,'Sandila','Uttar Pradesh',NULL,NULL),(1390,'Sardhana','Uttar Pradesh',NULL,NULL),(1391,'Seohara','Uttar Pradesh',NULL,NULL),(1392,'\"Shahabad',' Hardoi\"',NULL,NULL),(1393,'\"Shahabad',' Rampur\"',NULL,NULL),(1394,'Shahganj','Uttar Pradesh',NULL,NULL),(1395,'Shahjahanpur','Uttar Pradesh',NULL,NULL),(1396,'Shamli','Uttar Pradesh',NULL,NULL),(1397,'\"Shamsabad',' Agra\"',NULL,NULL),(1398,'\"Shamsabad',' Farrukhabad\"',NULL,NULL),(1399,'Sherkot','Uttar Pradesh',NULL,NULL),(1400,'\"Shikarpur',' Bulandshahr\"',NULL,NULL),(1401,'Shikohabad','Uttar Pradesh',NULL,NULL),(1402,'Shishgarh','Uttar Pradesh',NULL,NULL),(1403,'Siana','Uttar Pradesh',NULL,NULL),(1404,'Sikanderpur','Uttar Pradesh',NULL,NULL),(1405,'Sikandra Rao','Uttar Pradesh',NULL,NULL),(1406,'Sikandrabad','Uttar Pradesh',NULL,NULL),(1407,'Sirsaganj','Uttar Pradesh',NULL,NULL),(1408,'Sirsi','Uttar Pradesh',NULL,NULL),(1409,'Sitapur','Uttar Pradesh',NULL,NULL),(1410,'Soron','Uttar Pradesh',NULL,NULL),(1411,'Suar','Uttar Pradesh',NULL,NULL),(1412,'Sultanpur','Uttar Pradesh',NULL,NULL),(1413,'Sumerpur','Uttar Pradesh',NULL,NULL),(1414,'Tanda','Uttar Pradesh',NULL,NULL),(1415,'Tanda','Uttar Pradesh',NULL,NULL),(1416,'Tetri Bazar','Uttar Pradesh',NULL,NULL),(1417,'Thakurdwara','Uttar Pradesh',NULL,NULL),(1418,'Thana Bhawan','Uttar Pradesh',NULL,NULL),(1419,'Tilhar','Uttar Pradesh',NULL,NULL),(1420,'Tirwaganj','Uttar Pradesh',NULL,NULL),(1421,'Tulsipur','Uttar Pradesh',NULL,NULL),(1422,'Tundla','Uttar Pradesh',NULL,NULL),(1423,'Unnao','Uttar Pradesh',NULL,NULL),(1424,'Utraula','Uttar Pradesh',NULL,NULL),(1425,'Varanasi','Uttar Pradesh',NULL,NULL),(1426,'Vrindavan','Uttar Pradesh',NULL,NULL),(1427,'Warhapur','Uttar Pradesh',NULL,NULL),(1428,'Zaidpur','Uttar Pradesh',NULL,NULL),(1429,'Zamania','Uttar Pradesh',NULL,NULL),(1430,'Almora','Uttarakhand',NULL,NULL),(1431,'Bazpur','Uttarakhand',NULL,NULL),(1432,'Chamba','Uttarakhand',NULL,NULL),(1433,'Dehradun','Uttarakhand',NULL,NULL),(1434,'Haldwani','Uttarakhand',NULL,NULL),(1435,'Haridwar','Uttarakhand',NULL,NULL),(1436,'Jaspur','Uttarakhand',NULL,NULL),(1437,'Kashipur','Uttarakhand',NULL,NULL),(1438,'kichha','Uttarakhand',NULL,NULL),(1439,'Kotdwara','Uttarakhand',NULL,NULL),(1440,'Manglaur','Uttarakhand',NULL,NULL),(1441,'Mussoorie','Uttarakhand',NULL,NULL),(1442,'Nagla','Uttarakhand',NULL,NULL),(1443,'Nainital','Uttarakhand',NULL,NULL),(1444,'Pauri','Uttarakhand',NULL,NULL),(1445,'Pithoragarh','Uttarakhand',NULL,NULL),(1446,'Ramnagar','Uttarakhand',NULL,NULL),(1447,'Rishikesh','Uttarakhand',NULL,NULL),(1448,'Roorkee','Uttarakhand',NULL,NULL),(1449,'Rudrapur','Uttarakhand',NULL,NULL),(1450,'Sitarganj','Uttarakhand',NULL,NULL),(1451,'Tehri','Uttarakhand',NULL,NULL),(1452,'Muzaffarnagar','Uttarpradesh',NULL,NULL),(1453,'\"Adra',' Purulia\"',NULL,NULL),(1454,'Alipurduar','West Bengal',NULL,NULL),(1455,'Arambagh','West Bengal',NULL,NULL),(1456,'Asansol','West Bengal',NULL,NULL),(1457,'Baharampur','West Bengal',NULL,NULL),(1458,'Bally','West Bengal',NULL,NULL),(1459,'Balurghat','West Bengal',NULL,NULL),(1460,'Bankura','West Bengal',NULL,NULL),(1461,'Barakar','West Bengal',NULL,NULL),(1462,'Barasat','West Bengal',NULL,NULL),(1463,'Bardhaman','West Bengal',NULL,NULL),(1464,'Bidhan Nagar','West Bengal',NULL,NULL),(1465,'Chinsura','West Bengal',NULL,NULL),(1466,'Contai','West Bengal',NULL,NULL),(1467,'Cooch Behar','West Bengal',NULL,NULL),(1468,'Darjeeling','West Bengal',NULL,NULL),(1469,'Durgapur','West Bengal',NULL,NULL),(1470,'Haldia','West Bengal',NULL,NULL),(1471,'Howrah','West Bengal',NULL,NULL),(1472,'Islampur','West Bengal',NULL,NULL),(1473,'Jhargram','West Bengal',NULL,NULL),(1474,'Kharagpur','West Bengal',NULL,NULL),(1475,'Kolkata','West Bengal',NULL,NULL),(1476,'Mainaguri','West Bengal',NULL,NULL),(1477,'Mal','West Bengal',NULL,NULL),(1478,'Mathabhanga','West Bengal',NULL,NULL),(1479,'Medinipur','West Bengal',NULL,NULL),(1480,'Memari','West Bengal',NULL,NULL),(1481,'Monoharpur','West Bengal',NULL,NULL),(1482,'Murshidabad','West Bengal',NULL,NULL),(1483,'Nabadwip','West Bengal',NULL,NULL),(1484,'Naihati','West Bengal',NULL,NULL),(1485,'Panchla','West Bengal',NULL,NULL),(1486,'Pandua','West Bengal',NULL,NULL),(1487,'Paschim Punropara','West Bengal',NULL,NULL),(1488,'Purulia','West Bengal',NULL,NULL),(1489,'Raghunathpur','West Bengal',NULL,NULL),(1490,'Raiganj','West Bengal',NULL,NULL),(1491,'Rampurhat','West Bengal',NULL,NULL),(1492,'Ranaghat','West Bengal',NULL,NULL),(1493,'Sainthia','West Bengal',NULL,NULL),(1494,'Santipur','West Bengal',NULL,NULL),(1495,'Siliguri','West Bengal',NULL,NULL),(1496,'Sonamukhi','West Bengal',NULL,NULL),(1497,'Srirampore','West Bengal',NULL,NULL),(1498,'Suri','West Bengal',NULL,NULL),(1499,'Taki','West Bengal',NULL,NULL),(1500,'Tamluk','West Bengal',NULL,NULL),(1501,'Tarakeswar','West Bengal',NULL,NULL),(1502,'Chikmagalur','Karnataka',NULL,NULL),(1503,'Davanagere','Karnataka',NULL,NULL),(1504,'Dharwad','Karnataka',NULL,NULL),(1505,'Gadag','Karnataka',NULL,NULL),(1506,'Chennai','Tamil Nadu',NULL,NULL),(1507,'Coimbatore','Tamil Nadu',NULL,NULL),(1508,'Barrackpur','unknown',NULL,NULL),(1509,'Barwani','unknown',NULL,NULL),(1510,'Basna','unknown',NULL,NULL),(1511,'Bawal','unknown',NULL,NULL),(1512,'Beawar','unknown',NULL,NULL),(1513,'Berhampur','unknown',NULL,NULL),(1514,'Bhajanpura','unknown',NULL,NULL),(1515,'Bhandara','unknown',NULL,NULL),(1516,'Bharatpur','unknown',NULL,NULL),(1517,'Bharthana','unknown',NULL,NULL),(1518,'Bhilai','unknown',NULL,NULL),(1519,'Bhilwara','unknown',NULL,NULL),(1520,'Bhinmal','unknown',NULL,NULL),(1521,'Bhiwandi','unknown',NULL,NULL),(1522,'Bhusawal','unknown',NULL,NULL),(1523,'Bidar','unknown',NULL,NULL),(1524,'Bijnaur','unknown',NULL,NULL),(1525,'Bilara','unknown',NULL,NULL),(1527,'Budaun','unknown',NULL,NULL),(1528,'Bulandshahr','unknown',NULL,NULL),(1529,'Burla','unknown',NULL,NULL),(1532,'Chakeri','unknown',NULL,NULL),(1533,'Champawat','unknown',NULL,NULL),(1534,'Chandil','unknown',NULL,NULL),(1535,'Chandrapur','unknown',NULL,NULL),(1536,'Chapirevula','unknown',NULL,NULL),(1537,'Charkhari','unknown',NULL,NULL),(1538,'Charkhi Dadri','unknown',NULL,NULL),(1539,'Chhindwara','unknown',NULL,NULL),(1540,'Chiplun','unknown',NULL,NULL),(1541,'Chitrakoot','unknown',NULL,NULL),(1542,'Churu','unknown',NULL,NULL),(1543,'Dalkhola','unknown',NULL,NULL),(1544,'Damoh','unknown',NULL,NULL),(1545,'Daund','unknown',NULL,NULL),(1546,'Dehgam','unknown',NULL,NULL),(1547,'Devgarh','unknown',NULL,NULL),(1548,'Dhulian','unknown',NULL,NULL),(1549,'Dumdum','unknown',NULL,NULL),(1550,'Dwarka1','unknown',NULL,NULL),(1551,'Etah','unknown',NULL,NULL),(1552,'Faizabad','unknown',NULL,NULL),(1553,'Falna','unknown',NULL,NULL),(1554,'Farrukhabad','unknown',NULL,NULL),(1555,'Fatehgarh','unknown',NULL,NULL),(1556,'Fatehpur Chaurasi','unknown',NULL,NULL),(1557,'Fatehpur Sikri','unknown',NULL,NULL),(1558,'Firozabad','unknown',NULL,NULL),(1559,'Gadchiroli','unknown',NULL,NULL),(1560,'Gandhidham','unknown',NULL,NULL),(1561,'Ganjam','unknown',NULL,NULL),(1562,'Ghatampur','unknown',NULL,NULL),(1563,'Ghatanji','unknown',NULL,NULL),(1564,'Ghaziabad','unknown',NULL,NULL),(1565,'Ghazipur','unknown',NULL,NULL),(1566,'Goa Velha','unknown',NULL,NULL),(1567,'Gokak','unknown',NULL,NULL),(1568,'Gondiya','unknown',NULL,NULL),(1569,'Gorakhpur','unknown',NULL,NULL),(1571,'Guna','unknown',NULL,NULL),(1572,'Hanumangarh','unknown',NULL,NULL),(1573,'Harda','unknown',NULL,NULL),(1574,'Harsawa','unknown',NULL,NULL),(1575,'Hastinapur','unknown',NULL,NULL),(1576,'Hathras','unknown',NULL,NULL),(1579,'Jagadhri','unknown',NULL,NULL),(1580,'Jais','unknown',NULL,NULL),(1581,'Jaitaran','unknown',NULL,NULL),(1582,'Jalgaon','unknown',NULL,NULL),(1583,'Jalore','unknown',NULL,NULL),(1584,'Jhabua','unknown',NULL,NULL),(1585,'Jhalawar','unknown',NULL,NULL),(1586,'Jhunjhunu','unknown',NULL,NULL),(1588,'Junnar','unknown',NULL,NULL),(1589,'Kailaras','unknown',NULL,NULL),(1590,'Kalburgi','unknown',NULL,NULL),(1591,'Kalimpong','unknown',NULL,NULL),(1592,'Kamthi','unknown',NULL,NULL),(1593,'Kanpur','unknown',NULL,NULL),(1594,'Karad','unknown',NULL,NULL),(1595,'Keylong','unknown',NULL,NULL),(1596,'Kheri','unknown',NULL,NULL),(1598,'Khurai','unknown',NULL,NULL),(1600,'Kodad','unknown',NULL,NULL),(1601,'Konnagar','unknown',NULL,NULL),(1602,'Krishnanagar','unknown',NULL,NULL),(1603,'Kuchinda','unknown',NULL,NULL),(1605,'Madhyamgram','unknown',NULL,NULL),(1606,'Mahabaleswar','unknown',NULL,NULL),(1608,'Mahoba','unknown',NULL,NULL),(1609,'Mahwa','unknown',NULL,NULL),(1614,'Manesar','unknown',NULL,NULL),(1615,'Mangalagiri','unknown',NULL,NULL),(1616,'Mira-Bhayandar','unknown',NULL,NULL),(1617,'Mirzapur','unknown',NULL,NULL),(1618,'Mithapur','unknown',NULL,NULL),(1619,'Mohania','unknown',NULL,NULL),(1620,'Mokama','unknown',NULL,NULL),(1621,'Moradabad','unknown',NULL,NULL),(1622,'Mukatsar','unknown',NULL,NULL),(1623,'Nagalapuram','unknown',NULL,NULL),(1625,'Enathur','Tamil Nadu','IN','india'),(1626,'Omandurar','Tamil Nadu','IN','india'),(1627,'Perundurai','Tamil Nadu','IN','india'),(1628,'Asaripallam','Tamil Nadu','IN','india'),(1630,'Maduranthagam','Tamil Nadu','IN','india'),(1631,'Chinoutpalli','Andhra Pradesh','IN','india'),(1632,'Annamalainagar','Tamil Nadu','IN','india'),(1633,'Ambathurai','Tamil Nadu','IN','india'),(1634,'Kuppam','Andhra Pradesh','IN','india'),(1635,'Kanya kumari','Tamil Nadu','IN','india'),(1636,'Burdwan','West Bengal','IN','india'),(1637,'Nadia','West Bengal','IN','india'),(1638,'Malda','West Bengal','IN','india'),(1639,'Midnapore','West Bengal','IN','india');
/*!40000 ALTER TABLE `events_city` ENABLE KEYS */;
UNLOCK TABLES;

--
-- Table structure for table `events_eventscategory`
--

DROP TABLE IF EXISTS `events_eventscategory`;
/*!40101 SET @saved_cs_client     = @@character_set_client */;
/*!40101 SET character_set_client = utf8 */;
CREATE TABLE `events_eventscategory` (
  `id` int(11) NOT NULL AUTO_INCREMENT,
  `category_name` varchar(150) NOT NULL,
  `category_icon` varchar(100) NOT NULL,
  `category_hover_icon` varchar(100) NOT NULL,
  PRIMARY KEY (`id`),
  UNIQUE KEY `name` (`category_name`)
) ENGINE=InnoDB AUTO_INCREMENT=6 DEFAULT CHARSET=latin1;
/*!40101 SET character_set_client = @saved_cs_client */;

--
-- Dumping data for table `events_eventscategory`
--

LOCK TABLES `events_eventscategory` WRITE;
/*!40000 ALTER TABLE `events_eventscategory` DISABLE KEYS */;
INSERT INTO `events_eventscategory` VALUES (1,'Engineering','',''),(2,'Arts & Science','',''),(3,'Management','',''),(4,'Medical','',''),(5,'Others','','');
/*!40000 ALTER TABLE `events_eventscategory` ENABLE KEYS */;
UNLOCK TABLES;

--
-- Table structure for table `events_eventssubcategory`
--

DROP TABLE IF EXISTS `events_eventssubcategory`;
/*!40101 SET @saved_cs_client     = @@character_set_client */;
/*!40101 SET character_set_client = utf8 */;
CREATE TABLE `events_eventssubcategory` (
  `id` int(11) NOT NULL AUTO_INCREMENT,
  `subcategory_icon` varchar(100) NOT NULL,
  `subcategory_hover_icon` varchar(100) NOT NULL,
  `subcategory_name` varchar(50) NOT NULL,
  PRIMARY KEY (`id`)
) ENGINE=InnoDB AUTO_INCREMENT=10 DEFAULT CHARSET=latin1;
/*!40101 SET character_set_client = @saved_cs_client */;

--
-- Dumping data for table `events_eventssubcategory`
--

LOCK TABLES `events_eventssubcategory` WRITE;
/*!40000 ALTER TABLE `events_eventssubcategory` DISABLE KEYS */;
INSERT INTO `events_eventssubcategory` VALUES (1,'static/img/workshop_2.png','static/img/workshop_hover_2.png','Workshop'),(2,'static/img/seminar_1.png','static/img/seminar_hover_1.png','Seminar'),(3,'static/img/online_events_1.png','static/img/online_events_hover_1.png','onlineevents'),(4,'static/img/conference_1.png','static/img/conference_hover_1.png','Conferences'),(5,'static/img/youth_submit_1.png','static/img/youth_submit_hover_1.png','Youthsubmit'),(6,'static/img/technical_1.png','static/img/technical_hover_1.png','Technical'),(7,'static/img/culturals_1.png','static/img/culturals_hover_1.png','Culturals'),(8,'static/img/literary_1.png','static/img/literary_hover_1.png','Literary'),(9,'static/img/symposium_1.png','static/img/symposium_hover_1.png','Symposium');
/*!40000 ALTER TABLE `events_eventssubcategory` ENABLE KEYS */;
UNLOCK TABLES;

--
-- Table structure for table `events_eventssubcategory_category`
--

DROP TABLE IF EXISTS `events_eventssubcategory_category`;
/*!40101 SET @saved_cs_client     = @@character_set_client */;
/*!40101 SET character_set_client = utf8 */;
CREATE TABLE `events_eventssubcategory_category` (
  `id` int(11) NOT NULL AUTO_INCREMENT,
  `eventssubcategory_id` int(11) NOT NULL,
  `eventscategory_id` int(11) NOT NULL,
  PRIMARY KEY (`id`),
  UNIQUE KEY `subcategory_id` (`eventssubcategory_id`,`eventscategory_id`),
  KEY `college_event_subcategory_category_790ef9fb` (`eventssubcategory_id`),
  KEY `college_event_subcategory_category_6f33f001` (`eventscategory_id`),
  CONSTRAINT `eventscategory_id_refs_id_2000dc98` FOREIGN KEY (`eventscategory_id`) REFERENCES `events_eventscategory` (`id`),
  CONSTRAINT `eventssubcategory_id_refs_id_c5dfc685` FOREIGN KEY (`eventssubcategory_id`) REFERENCES `events_eventssubcategory` (`id`)
) ENGINE=InnoDB AUTO_INCREMENT=32 DEFAULT CHARSET=latin1;
/*!40101 SET character_set_client = @saved_cs_client */;

--
-- Dumping data for table `events_eventssubcategory_category`
--

LOCK TABLES `events_eventssubcategory_category` WRITE;
/*!40000 ALTER TABLE `events_eventssubcategory_category` DISABLE KEYS */;
INSERT INTO `events_eventssubcategory_category` VALUES (1,1,1),(2,1,2),(3,1,4),(4,2,1),(5,2,2),(6,2,4),(7,3,1),(8,3,2),(9,3,3),(10,3,4),(11,3,5),(12,4,1),(13,4,2),(14,4,4),(15,5,3),(29,6,1),(30,6,2),(31,6,5),(22,7,1),(23,7,2),(24,7,3),(25,7,5),(26,8,3),(27,9,1),(28,9,2);
/*!40000 ALTER TABLE `events_eventssubcategory_category` ENABLE KEYS */;
UNLOCK TABLES;

--
-- Table structure for table `events_premiumpriceinfo`
--

DROP TABLE IF EXISTS `events_premiumpriceinfo`;
/*!40101 SET @saved_cs_client     = @@character_set_client */;
/*!40101 SET character_set_client = utf8 */;
CREATE TABLE `events_premiumpriceinfo` (
  `id` int(11) NOT NULL AUTO_INCREMENT,
  `premium_price` double DEFAULT NULL,
  `currency` varchar(10) NOT NULL,
  `purpose` varchar(30) NOT NULL,
  `month` int(11) DEFAULT NULL,
  PRIMARY KEY (`id`)
) ENGINE=InnoDB AUTO_INCREMENT=3 DEFAULT CHARSET=latin1;
/*!40101 SET character_set_client = @saved_cs_client */;

--
-- Dumping data for table `events_premiumpriceinfo`
--

LOCK TABLES `events_premiumpriceinfo` WRITE;
/*!40000 ALTER TABLE `events_premiumpriceinfo` DISABLE KEYS */;
INSERT INTO `events_premiumpriceinfo` VALUES (1,0,'INR','free',30),(2,1000,'INR','paid',30);
/*!40000 ALTER TABLE `events_premiumpriceinfo` ENABLE KEYS */;
UNLOCK TABLES;

--
-- Table structure for table `events_subcategoryrelatedfield`
--

DROP TABLE IF EXISTS `events_subcategoryrelatedfield`;
/*!40101 SET @saved_cs_client     = @@character_set_client */;
/*!40101 SET character_set_client = utf8 */;
CREATE TABLE `events_subcategoryrelatedfield` (
  `id` int(11) NOT NULL AUTO_INCREMENT,
  `field_name` varchar(100) NOT NULL,
  PRIMARY KEY (`id`)
) ENGINE=InnoDB DEFAULT CHARSET=latin1;
/*!40101 SET character_set_client = @saved_cs_client */;

--
-- Dumping data for table `events_subcategoryrelatedfield`
--

LOCK TABLES `events_subcategoryrelatedfield` WRITE;
/*!40000 ALTER TABLE `events_subcategoryrelatedfield` DISABLE KEYS */;
/*!40000 ALTER TABLE `events_subcategoryrelatedfield` ENABLE KEYS */;
UNLOCK TABLES;

--
-- Table structure for table `events_subcategoryrelatedfield_related_subcategory`
--

DROP TABLE IF EXISTS `events_subcategoryrelatedfield_related_subcategory`;
/*!40101 SET @saved_cs_client     = @@character_set_client */;
/*!40101 SET character_set_client = utf8 */;
CREATE TABLE `events_subcategoryrelatedfield_related_subcategory` (
  `id` int(11) NOT NULL AUTO_INCREMENT,
  `subcategoryrelatedfield_id` int(11) NOT NULL,
  `eventssubcategory_id` int(11) NOT NULL,
  PRIMARY KEY (`id`),
  UNIQUE KEY `events_subcate_subcategoryrelatedfield_id_5fcb9fd96987a0fc_uniq` (`subcategoryrelatedfield_id`,`eventssubcategory_id`),
  KEY `events_subcategoryrelatedfield_related_subcategory_26c4d35b` (`subcategoryrelatedfield_id`),
  KEY `events_subcategoryrelatedfield_related_subcategory_63564444` (`eventssubcategory_id`),
  CONSTRAINT `eventssubcategory_id_refs_id_2c410e74` FOREIGN KEY (`eventssubcategory_id`) REFERENCES `events_eventssubcategory` (`id`),
  CONSTRAINT `subcategoryrelatedfield_id_refs_id_dbcde2d4` FOREIGN KEY (`subcategoryrelatedfield_id`) REFERENCES `events_subcategoryrelatedfield` (`id`)
) ENGINE=InnoDB DEFAULT CHARSET=latin1;
/*!40101 SET character_set_client = @saved_cs_client */;

--
-- Dumping data for table `events_subcategoryrelatedfield_related_subcategory`
--

LOCK TABLES `events_subcategoryrelatedfield_related_subcategory` WRITE;
/*!40000 ALTER TABLE `events_subcategoryrelatedfield_related_subcategory` DISABLE KEYS */;
/*!40000 ALTER TABLE `events_subcategoryrelatedfield_related_subcategory` ENABLE KEYS */;
UNLOCK TABLES;

--
-- Table structure for table `logs_errorlog`
--

DROP TABLE IF EXISTS `logs_errorlog`;
/*!40101 SET @saved_cs_client     = @@character_set_client */;
/*!40101 SET character_set_client = utf8 */;
CREATE TABLE `logs_errorlog` (
  `id` int(11) NOT NULL AUTO_INCREMENT,
  `level` varchar(200) NOT NULL,
  `error_msg` longtext NOT NULL,
  `page` varchar(200) NOT NULL,
  `ip_address` varchar(200) NOT NULL,
  `datetime` datetime DEFAULT NULL,
  `admin_status` varchar(10) NOT NULL,
  PRIMARY KEY (`id`)
) ENGINE=InnoDB DEFAULT CHARSET=latin1;
/*!40101 SET character_set_client = @saved_cs_client */;

--
-- Dumping data for table `logs_errorlog`
--

LOCK TABLES `logs_errorlog` WRITE;
/*!40000 ALTER TABLE `logs_errorlog` DISABLE KEYS */;
/*!40000 ALTER TABLE `logs_errorlog` ENABLE KEYS */;
UNLOCK TABLES;

--
-- Table structure for table `payu_payudetails`
--

DROP TABLE IF EXISTS `payu_payudetails`;
/*!40101 SET @saved_cs_client     = @@character_set_client */;
/*!40101 SET character_set_client = utf8 */;
CREATE TABLE `payu_payudetails` (
  `id` int(11) NOT NULL AUTO_INCREMENT,
  `mihpayid` varchar(100) DEFAULT NULL,
  `status` varchar(20) DEFAULT NULL,
  `txnid` varchar(50) DEFAULT NULL,
  `amount` double DEFAULT NULL,
  `productinfo` varchar(500) DEFAULT NULL,
  `error_Message` varchar(100) DEFAULT NULL,
  PRIMARY KEY (`id`)
) ENGINE=InnoDB DEFAULT CHARSET=latin1;
/*!40101 SET character_set_client = @saved_cs_client */;

--
-- Dumping data for table `payu_payudetails`
--

LOCK TABLES `payu_payudetails` WRITE;
/*!40000 ALTER TABLE `payu_payudetails` DISABLE KEYS */;
/*!40000 ALTER TABLE `payu_payudetails` ENABLE KEYS */;
UNLOCK TABLES;

--
-- Table structure for table `postbanner_bannerplan`
--

DROP TABLE IF EXISTS `postbanner_bannerplan`;
/*!40101 SET @saved_cs_client     = @@character_set_client */;
/*!40101 SET character_set_client = utf8 */;
CREATE TABLE `postbanner_bannerplan` (
  `id` int(11) NOT NULL AUTO_INCREMENT,
  `page` varchar(50) NOT NULL,
  `position` varchar(50) NOT NULL,
  `price` double DEFAULT NULL,
  `plan_duration` bigint(20) DEFAULT NULL,
  PRIMARY KEY (`id`),
  UNIQUE KEY `page` (`page`,`position`)
) ENGINE=InnoDB AUTO_INCREMENT=4 DEFAULT CHARSET=latin1;
/*!40101 SET character_set_client = @saved_cs_client */;

--
-- Dumping data for table `postbanner_bannerplan`
--

LOCK TABLES `postbanner_bannerplan` WRITE;
/*!40000 ALTER TABLE `postbanner_bannerplan` DISABLE KEYS */;
INSERT INTO `postbanner_bannerplan` VALUES (1,'/','bottom',500,60),(2,'event/','left',500,30),(3,'event/','right',300,30);
/*!40000 ALTER TABLE `postbanner_bannerplan` ENABLE KEYS */;
UNLOCK TABLES;

--
-- Table structure for table `postbanner_mainbanner`
--

DROP TABLE IF EXISTS `postbanner_mainbanner`;
/*!40101 SET @saved_cs_client     = @@character_set_client */;
/*!40101 SET character_set_client = utf8 */;
CREATE TABLE `postbanner_mainbanner` (
  `id` int(11) NOT NULL AUTO_INCREMENT,
  `mainbanner` varchar(100) NOT NULL,
  `price` double DEFAULT NULL,
  `admin_status` tinyint(1) NOT NULL,
  PRIMARY KEY (`id`)
) ENGINE=InnoDB AUTO_INCREMENT=9 DEFAULT CHARSET=latin1;
/*!40101 SET character_set_client = @saved_cs_client */;

--
-- Dumping data for table `postbanner_mainbanner`
--

LOCK TABLES `postbanner_mainbanner` WRITE;
/*!40000 ALTER TABLE `postbanner_mainbanner` DISABLE KEYS */;
INSERT INTO `postbanner_mainbanner` VALUES (1,'static/mainbanner/slide22_1.jpg',1200,1),(2,'static/mainbanner/header02_2.jpg',1200,1),(7,'static/mainbanner/Event-Management-Banner.jpg',0,1),(8,'static/mainbanner/banner4_1.jpg',0,1);
/*!40000 ALTER TABLE `postbanner_mainbanner` ENABLE KEYS */;
UNLOCK TABLES;

--
-- Table structure for table `postbanner_postbanner`
--

DROP TABLE IF EXISTS `postbanner_postbanner`;
/*!40101 SET @saved_cs_client     = @@character_set_client */;
/*!40101 SET character_set_client = utf8 */;
CREATE TABLE `postbanner_postbanner` (
  `id` int(11) NOT NULL AUTO_INCREMENT,
  `banner` varchar(100) NOT NULL,
  `link` varchar(200) DEFAULT NULL,
  `pageurl` varchar(50) NOT NULL,
  `position` varchar(50) NOT NULL,
  `bannerplan_id` int(11) NOT NULL,
  `startdate` datetime NOT NULL,
  `enddate` datetime NOT NULL,
  `duration` int(11) DEFAULT NULL,
  `admin_status` tinyint(1) NOT NULL,
  `user_id` int(11) DEFAULT NULL,
  `is_superuser` tinyint(1) DEFAULT NULL,
  PRIMARY KEY (`id`),
  KEY `user_id_refs_id_d15e1051` (`user_id`),
  CONSTRAINT `user_id_refs_user_ptr_id_4cdb4714` FOREIGN KEY (`user_id`) REFERENCES `usermanagement_userprofile` (`user_ptr_id`)
) ENGINE=InnoDB AUTO_INCREMENT=9 DEFAULT CHARSET=latin1;
/*!40101 SET character_set_client = @saved_cs_client */;

--
-- Dumping data for table `postbanner_postbanner`
--

LOCK TABLES `postbanner_postbanner` WRITE;
/*!40000 ALTER TABLE `postbanner_postbanner` DISABLE KEYS */;
INSERT INTO `postbanner_postbanner` VALUES (2,'static/banners/gallery7-2_7.jpg','','/','bottom',0,'2015-10-13 20:18:51','2015-11-13 20:18:51',NULL,1,NULL,NULL),(3,'static/banners/11986990_921600724599048_6309821011303801096_n.jpg','','/','bottom',0,'2015-10-10 20:18:52','2015-11-09 20:18:52',NULL,1,NULL,NULL),(4,'static/banners/1_5.jpg','','/','bottom',0,'2015-10-10 20:18:52','2015-11-09 20:18:52',NULL,1,NULL,NULL),(5,'static/banners/Tri_Aug_3.jpg','','/','bottom',0,'2015-10-10 20:18:51','2015-11-09 20:18:51',NULL,1,NULL,NULL),(6,'static/banners/2.png','','event/','left',0,'2015-10-10 20:18:52','2015-11-09 20:18:52',NULL,1,NULL,NULL),(7,'static/banners/1_6.jpg','','event/','right',0,'2015-10-10 20:18:52','2015-11-09 20:18:52',NULL,1,NULL,NULL),(8,'static/banners/vinayagar','www.google.com','event/','right',0,'2015-12-05 11:30:39','2016-01-04 11:30:39',NULL,0,NULL,NULL);
/*!40000 ALTER TABLE `postbanner_postbanner` ENABLE KEYS */;
UNLOCK TABLES;

--
-- Table structure for table `postevent_campuscollege`
--

DROP TABLE IF EXISTS `postevent_campuscollege`;
/*!40101 SET @saved_cs_client     = @@character_set_client */;
/*!40101 SET character_set_client = utf8 */;
CREATE TABLE `postevent_campuscollege` (
  `id` int(11) NOT NULL AUTO_INCREMENT,
  `city_id` int(11) DEFAULT NULL,
  `college_name` varchar(150) DEFAULT NULL,
  PRIMARY KEY (`id`),
  KEY `college_event_college_b376980e` (`city_id`),
  CONSTRAINT `city_id_refs_id_ee0fd1a3` FOREIGN KEY (`city_id`) REFERENCES `events_city` (`id`)
) ENGINE=InnoDB AUTO_INCREMENT=151 DEFAULT CHARSET=latin1;
/*!40101 SET character_set_client = @saved_cs_client */;

--
-- Dumping data for table `postevent_campuscollege`
--

LOCK TABLES `postevent_campuscollege` WRITE;
/*!40000 ALTER TABLE `postevent_campuscollege` DISABLE KEYS */;
INSERT INTO `postevent_campuscollege` VALUES (1,1,'PONNAIYAH RAMAJAYAM INSTITUTE OF SCIENCE AND TECHNOLOGY (PRIST) UNIVERSITY'),(2,1,'SRI VENKATESHWARAA COLLEGE OF ENGINEERING & TECHNOLOGY'),(3,1,'RAAK COLLEGE OF ENGINEERING AND TECHNOLOGY'),(5,1,'KARAIKAL POLYTECHNIC COLLEGE'),(6,1,'CHRIST COLLEGE OF ENGINEERING AND TECHNOLOGY'),(7,1,'SRI MANAKULA VINAYAGAR ENGINEERING COLLEGE'),(8,1,'ACHARIYA COLLEGE OF ENGINEERING TECHNOLOGY'),(9,1,'SHRI KRISHNAA COLLEGE OF ENGINEERING AND TECHNOLOGY'),(10,1,'DR. S.J.S. PAUL MEMORIAL COLLEGE OF ENGINEERING AND TECHNOLOGY'),(12,1,'ALPHA COLLEGE OF ENGINEERING & TECHNOLOGY'),(13,1,'SRI GANESH COLLEGE OF ENGINEERING AND TECHNOLOGY'),(14,1,'AVVAIYAR COLLEGE OF ENGINEERING AND TECHNOLOGY FOR WOMEN'),(16,1,'REGENCY INSTITUTE OF TECHNOLOGY'),(17,1,'BHARATHIYAR COLLEGE OF ENGINEERING AND TECHNOLOGY'),(18,1,'RAJIV GANDHI COLLEGE OF ENGINEERING AND TECHNOLOGY'),(19,1,'PERUNTHANALAIVAR KAMARAJAR INSTITUTE OF ENGINEERING AND TECHNOLOGY'),(21,1,'PONDICHERRY ENGINEERING COLLEGE'),(22,1,'MANAKULA VINAYAGAR INSTITUTE OF TECHNOLOGY'),(24,1,'RVS COLLEGE OF ENGINEERING &TECHNOLOGY'),(25,1,'DR.B.R.AMBEDKAR POLYTECHNIC COLLEGE'),(26,1,'MOTILAL NEHRU GOVERNMENT POLYTECHNIC COLLEGE'),(27,325,'MAHARAJA AGRASEN INSTITUTE OF TECHNOLOGY'),(28,325,'CHHOTU RAM RURAL INSTITUTE OF TECHNOLOGY'),(29,325,'INTEGRATED INSTITUTE OF TECHNOLOGY'),(30,325,'TERI UNIVERSITY'),(31,325,'AMITY SCHOOL OF ENGINEERING & TECHNOLOGY'),(32,325,'MAHARAJA SURAJMAL INSTITUTE OF TECHNOLOGY'),(33,325,'G. B. PANT POLYTECHNIC'),(34,325,'DELHI INSTITUTE OF TOOL ENGINEERING'),(35,325,'AMBEDKAR INSTITUTE OF ADVANCED COMMUNICATION TECHNOLOGIES AND RESEARCH'),(37,325,'CH. BRAHM PRAKASH GOVERNMENT ENGINEERING COLLEGE'),(38,325,'ADITYA INSTITUTE OF TECHNOLOGY'),(39,325,'HMR INSTITUTE OF TECHNOLOGY AND MANAGEMENT'),(42,325,'MARATHWADA INSTITUTE OF TECHNOLOGY'),(43,325,'MEERABAI INSTITUTE OF TECHNOLOGY'),(44,325,'DELHI COLLEGE OF ENGINEERING'),(45,325,'BHARATI VIDYAPEETH\'S COLLEGE OF ENGINEERING'),(48,325,'SAFDARJUNG HOSPITAL AND VMMC'),(49,325,'GURU GOBIND SINGH INDRAPRASTHA UNIVERSITY'),(50,325,'BABA HARIDASS COLLEGE OF PHARMACY & TECHNOLOGY'),(51,325,'NETAJI SUBHAS INSTITUTE OF TECHNOLOGY'),(52,325,'NATIONAL POWER TRAINING INSTITUTE (NORTHERN REGION)'),(53,325,'NORTHERN INDIA ENGINEERING COLLEGE'),(55,325,'JAMIA MILLIA ISLAMIA (A CENTRAL UNIVERSITY)'),(57,325,'GURU TEGH BAHADUR INSTITUTE OF TECHNOLOGY'),(58,325,'G.B. PANT GOVT. ENGINEERING COLLEGE'),(59,325,'MIRAMBIKA RESEARCH CENTRE OF INTEGRAL EDUCATION AND HUMAN VALUES'),(60,1229,'Annapoorna Medical College & Hospital'),(61,1189,'Aravind Eye Hospitals & Post Graduate Institute of Ophthalmology'),(62,1287,'Christian Medical College'),(63,2,'Madras Medical College'),(64,1189,'Madurai Medical College'),(65,1174,'Coimbatore Medical College'),(66,2,'Kilpauk Medical College'),(67,2,'Dr ALM PG Institution of Basic Medical Sciences'),(68,1262,'Institute of Opthalmology Joseph Eye Hospital'),(69,1183,'Chettinad Hospital & Research Institute,'),(70,1625,'Meenakshi Medical College and Research Institute'),(71,1171,'Chengalpattu Medical College'),(72,1262,'Chennai Medical College Hospital and research centre'),(73,1213,'Dhanalakshmi Srinivasan Medical College and Hospital'),(74,2,'ESI-PGIMSR,ESI Hospital'),(75,1177,'Government Dharmapuri Medical College'),(76,1626,'Government Medical College'),(77,1238,'Government Sivagangai Medical College'),(78,1270,'Government Thiruvannamalai Medical College'),(79,1287,'Government Vellore Medical College'),(80,1289,'Government Villupuram Medical College'),(81,1627,'IRT Perundurai Medical College'),(82,27,'Alluri Sitaram Raju Academy of Medical Sciences'),(83,1262,'K A P Viswanathan Government Medical College'),(84,128,'Andhra Medical College'),(85,1628,'KanyaKumari Government Medical College'),(86,1630,'Karpaga Vinayaga Institute of Medical Sciences'),(87,1174,'Karpagam Faculty of Medical Sciences & Research'),(88,2,'Madha Medical College and Hospital'),(89,1174,'PSG Institute of Medical Sciences'),(90,1632,'Rajah Muthiah Medical College'),(91,1631,'Dr. P.S.I. Medical College'),(92,2,'Sri Ramachandra Medical College & Research Institute'),(93,2,'Stanley Medical College'),(94,34,'Guntur Medical College'),(95,1246,'Thanjavur Medical College'),(96,1174,'Vinayaka Missions Kirupananda Variyar Medical College'),(97,57,' 	Kurnool Medical College'),(98,1633,'The Gandhigram Institute of Rural Health and Family Welfare Trust'),(99,78,'Narayana Medical College'),(100,34,'NRI Medical College'),(101,1634,' Institute Of Medical Sciences and Research'),(102,1183,'SRM Medical College Hospital & Research Centre'),(103,46,'Rangaraya Medical College'),(104,121,'S V Medical College'),(105,1265,'Tirunelveli Medical College'),(107,2,'Regional centre for Cancer Research and treatment,Adyar'),(108,96,'GSL Medical Colleger'),(109,2,'ACS Medical College and Hospital'),(110,1262,'Chennai Medical College Hospital and research centre,Irungalur'),(111,34,'Katuri Medical College'),(112,129,'Maharajah Institute of Medical Sciences'),(113,2,'Melmaruvathur Adiparasakthi Instt. Medical Sciences and Research'),(114,1229,'Mohan Kumaramangalam Medical College'),(115,1183,'Saveetha Medical College and Hospital'),(116,1183,'Shri Satya Sai Medical College and Research Institute'),(117,2,'Sree Balaji Medical College and Hospital'),(118,1635,'Sree Mookambika Institute of Medical Sciences'),(119,2,'Sri Muthukumaran Medical College'),(120,2,'Tagore Medical College and Hospital'),(121,1249,'Theni Government Medical College'),(122,1256,'Thiruvarur Govt. Medical College'),(123,1634,'P E S Institute Of Medical Sciences and Research'),(124,1257,'Thoothukudi Medical College'),(125,1189,'Velammal Medical College Hospital and Research Institute'),(126,1475,'Institute of Postgraduate Medical Education & Research'),(127,1475,'Calcutta National Medical College'),(128,1475,'Nilratan Sircar Medical College'),(129,1475,'RG Kar Medical College'),(130,1475,'University College of Medicine'),(131,1475,'Chittaranjan Seva Sadan Hospital'),(132,1475,'Dr. B C Roy Post Graduate Institute of Paediatric Sciences'),(133,1475,'Institute of Child Health'),(134,1475,'Vivekananda Institute of Medical Sciences'),(135,1475,'School of Tropical Medicine'),(136,1475,'All India Institute of Hygiene & Public Health'),(137,1636,'Burdwan Medical College'),(138,1637,'College of Medicine and JNM Hospital,Kalyani'),(139,1475,'College of Medicine and Sagore Dutta Hospital'),(140,1475,'Employees State Insurance Corporation Medical College, Joka'),(141,1470,'ICARE Institute of Medical Sciences & Research'),(142,1636,'IQ-City Medical College'),(143,1475,'KPC Medical College,Jadavpur'),(144,1638,'Malda Medical College & Hospital'),(145,1639,'Midnapore Medical College'),(146,1482,'Murshidabad Medical College & Hospitals'),(147,1468,'North Bengal Medical College'),(148,1460,'Bankura Sammilani Medical College'),(149,1475,'Command Hospital'),(150,1475,'ESI-PGIMSR,ESI Hospital.Manicktala');
/*!40000 ALTER TABLE `postevent_campuscollege` ENABLE KEYS */;
UNLOCK TABLES;

--
-- Table structure for table `postevent_campusdepartment`
--

DROP TABLE IF EXISTS `postevent_campusdepartment`;
/*!40101 SET @saved_cs_client     = @@character_set_client */;
/*!40101 SET character_set_client = utf8 */;
CREATE TABLE `postevent_campusdepartment` (
  `id` int(11) NOT NULL AUTO_INCREMENT,
  `department` varchar(150) DEFAULT NULL,
  PRIMARY KEY (`id`)
) ENGINE=InnoDB AUTO_INCREMENT=107 DEFAULT CHARSET=latin1;
/*!40101 SET character_set_client = @saved_cs_client */;

--
-- Dumping data for table `postevent_campusdepartment`
--

LOCK TABLES `postevent_campusdepartment` WRITE;
/*!40000 ALTER TABLE `postevent_campusdepartment` DISABLE KEYS */;
INSERT INTO `postevent_campusdepartment` VALUES (1,'MCA'),(3,'COMMUNICATION ENGINEERING AND SIGNAL PROCESSING'),(4,'COMPUTER SCIENCE & ENGINEERING'),(5,'COMPUTER SCIENCE AND ENGINEERING'),(6,'ELECTRICAL AND COMPUTER ENGINEERING'),(7,'ELECTRICAL AND ELECTRONICS ENGINEERING'),(8,'ELECTRONICS & COMMUNICATION ENGG'),(9,'ELECTRONICS AND COMMUNICATIONS ENGINEERING'),(10,'INFORMATION TECHNOLOGY'),(11,'MECHANICAL AND AUTOMATION ENGINEERING'),(12,'MECHANICAL ENGINEERING'),(13,'SOFTWARE ENGINEERING'),(18,''),(19,'ADVANCED MATERIALS TECHNOLOGY'),(20,'ARCHITECTURAL ASSISTANTSHIP'),(21,'AUTOMOBILE ENGINEERING'),(22,'BIOCHEMICAL ENGINEERING'),(23,'BIOINFORMATICS'),(24,'BIOTECHNOLOGY'),(25,'CAD CAM'),(26,'CHEMICAL ENGINEERING'),(27,'CIVIL (PUBLIC HEALTH & ENVIRONMENT) ENGINEERING'),(28,'CIVIL ENGINEERING'),(29,'COMMUNICATION ENGINEERING AND SIGNAL PROCESSING'),(30,'COMPUTER ENGINEERING'),(31,'COMPUTER SCEINCE & ENGINEERING'),(32,'COMPUTER SCIENCE & ENGINEERING'),(33,'COMPUTER SCIENCE AND ENGINEERING'),(34,'COMPUTER TECHNOLOGY AND APPLICATIONS'),(35,'CONSTRUCTION ENGINEERING'),(36,'CONTROL AND INSTRUMENTATION'),(37,'COSMETOLOGY AND HEALTH'),(38,'DIGITAL COMMUNICATION'),(39,'DIGITAL COMMUNICATIONS'),(40,'DIGITAL ELECTRONICS'),(41,'DIGITAL ELECTRONICS & MICROPROCESSOR'),(42,'DIPLOMA MEDICAL LAB TECHNOLOGY'),(43,'EARTHQUAKE ENGINEERING'),(44,'ELECTRICAL AND COMPUTER ENGINEERING'),(45,'ELECTRICAL AND ELECTRONICS ENGINEERING'),(46,'ELECTRICAL ENGINEERING'),(47,'ELECTRICAL POWER SYSTEMS'),(48,'ELECTRONICS & COMMUNICATION ENGG'),(49,'ELECTRONICS & COMMUNICATION ENGG(INDUSTRY INTEGRATED)'),(50,'ELECTRONICS AND COMMUNICATION ENGINEERING (SANDWICH)'),(51,'ELECTRONICS AND COMMUNICATIONS ENGINEERING'),(52,'ELECTRONICS ENGINEERING (DIGITAL ELECTRONICS)'),(53,'EMBEDDED SYSTEM AND VLSI'),(54,'ENGINEERING EDUCATION'),(55,'ENVIRONMENT ENGINEERING'),(56,'ENVIRONMENTAL ENGINEERING'),(57,'ENVIRONMENTAL ENGINEERING AND MANAGEMENT'),(58,'ENVIRONMENTAL SCIENCE AND ENGINEERING'),(59,'FASHION DESIGNING'),(60,'FOOD PROCESSING TECHNOLOGY'),(61,'GARMENT FABRICATION'),(62,'GEOTECHNICAL ENGINEERING'),(63,'HYDRAULICS & FLOOD CONTROL'),(64,'INDUSTRIAL ELECTRONICS'),(65,'INFORMATION SECURITY'),(66,'INFORMATION SYSTEMS'),(67,'INFORMATION TECHNOLOGY'),(68,'INFORMATION TECHNOLOGY ENABLED SERVICES AND MANAGEMENT'),(69,'INSTRUMENTATION & CONTROL ENGINEERING'),(70,'INSTRUMENTATION AND CONTROL ENGINEERING'),(71,'LIBRARY AND INFORMATION SCIENCE'),(72,'MANUFACTURING PROCESS & AUTOMATION ENGINEERING'),(73,'MASTER OF SCIENCE IN SOFTWARE ENGINEERING'),(74,'MASTERS IN ENGINEERING AND MANAGEMENT'),(75,'MECHANICAL AND AUTOMATION ENGINEERING'),(76,'MECHANICAL ENGINEERING'),(77,'MECHANICAL ENGINEERING (MAINTENANCE)'),(78,'MECHATRONICS'),(79,'MEDICAL ELECTRONICS'),(80,'MEDICAL LAB TECHNOLOGY'),(81,'MEDICAL LABORATORY TECHNOLOGY'),(82,'MICROWAVE & OPTICAL COMMUNICATION'),(83,'NANO SCIENCE & TECHNOLOGY'),(84,'NANO TECHNOLOGY'),(85,'PLASTIC ENGINEERING'),(86,'PLASTICS ENGINEERING'),(87,'POLYMER SCIENCE & CHEMICAL TECHNOLOGY'),(88,'POLYMER TECHNOLOGY'),(89,'POWER ENGINEERING'),(90,'POWER SYSTEMS'),(91,'PRINTING TECHNOLOGY'),(92,'PROCESS CONTROL'),(93,'PRODUCTION AND INDUSTRIAL ENGINEERING'),(94,'PRODUCTION ENGINEERING'),(95,'RADIO FREQUENCY AND MICROWAVE ENGINEERING'),(96,'REFRIGERATION AND AIR CONDITIONING'),(97,'SIGNAL PROCESSING'),(98,'SOFTWARE ENGINEERING'),(99,'STRUCTURAL ENGINEERING'),(100,'TEXTILE DESIGNING'),(101,'THERMAL ENGINEERING'),(102,'TOOL & DIE MAKING'),(103,'TOOL ENGINEERING'),(104,'VLSI DESIGN AND EMBEDDED SYSTEMS'),(105,'WATER RESOURCE ENGINEERING'),(106,'ELECTRICAL ENGINEERING');
/*!40000 ALTER TABLE `postevent_campusdepartment` ENABLE KEYS */;
UNLOCK TABLES;

--
-- Table structure for table `postevent_campusdepartment_college`
--

DROP TABLE IF EXISTS `postevent_campusdepartment_college`;
/*!40101 SET @saved_cs_client     = @@character_set_client */;
/*!40101 SET character_set_client = utf8 */;
CREATE TABLE `postevent_campusdepartment_college` (
  `id` int(11) NOT NULL AUTO_INCREMENT,
  `campusdepartment_id` int(11) NOT NULL,
  `campuscollege_id` int(11) NOT NULL,
  PRIMARY KEY (`id`),
  UNIQUE KEY `collegedepartment_id` (`campusdepartment_id`,`campuscollege_id`),
  KEY `college_event_collegedepartment_college_84c61854` (`campusdepartment_id`),
  KEY `college_event_collegedepartment_college_ac3b121a` (`campuscollege_id`),
  CONSTRAINT `campuscollege_id_refs_id_076eb65c` FOREIGN KEY (`campuscollege_id`) REFERENCES `postevent_campuscollege` (`id`)
) ENGINE=InnoDB AUTO_INCREMENT=41 DEFAULT CHARSET=latin1;
/*!40101 SET character_set_client = @saved_cs_client */;

--
-- Dumping data for table `postevent_campusdepartment_college`
--

LOCK TABLES `postevent_campusdepartment_college` WRITE;
/*!40000 ALTER TABLE `postevent_campusdepartment_college` DISABLE KEYS */;
INSERT INTO `postevent_campusdepartment_college` VALUES (1,1,27),(2,2,27),(3,3,27),(4,4,27),(5,5,27),(6,6,27),(7,7,27),(9,8,27),(10,9,28),(11,10,28),(12,11,28),(13,12,28),(14,13,28),(15,14,28),(16,15,28),(17,16,30),(18,17,29),(19,18,29),(20,19,31),(21,20,31),(22,21,31),(23,22,31),(24,23,31),(25,24,27),(26,25,32),(27,26,32),(28,27,32),(29,28,32),(30,29,33),(31,30,33),(32,31,32),(33,32,33),(34,33,33),(35,34,33),(36,35,33),(37,36,34),(38,37,34),(39,38,34),(40,39,34);
/*!40000 ALTER TABLE `postevent_campusdepartment_college` ENABLE KEYS */;
UNLOCK TABLES;

--
-- Table structure for table `postevent_organizer`
--

DROP TABLE IF EXISTS `postevent_organizer`;
/*!40101 SET @saved_cs_client     = @@character_set_client */;
/*!40101 SET character_set_client = utf8 */;
CREATE TABLE `postevent_organizer` (
  `id` int(11) NOT NULL AUTO_INCREMENT,
  `organizer_name` varchar(50) NOT NULL,
  `organizer_mobile` varchar(50) NOT NULL,
  `organizer_email` varchar(50) NOT NULL,
  `postevent_id` int(11) NOT NULL DEFAULT '1',
  PRIMARY KEY (`id`),
  KEY `college_event_organizer_c5c7cdeb` (`postevent_id`),
  CONSTRAINT `postevent_id_refs_id_bb60ce1a` FOREIGN KEY (`postevent_id`) REFERENCES `postevent_postevent` (`id`)
) ENGINE=InnoDB AUTO_INCREMENT=94 DEFAULT CHARSET=latin1;
/*!40101 SET character_set_client = @saved_cs_client */;

--
-- Dumping data for table `postevent_organizer`
--

LOCK TABLES `postevent_organizer` WRITE;
/*!40000 ALTER TABLE `postevent_organizer` DISABLE KEYS */;
INSERT INTO `postevent_organizer` VALUES (1,'Jeevan Mammen Stephen:','9895714082','sdgsdggs@gmail.com',1),(2,' Balavishnu V J','9171635252','balavishnu06@gmail.com',2),(3,'Pratiksha Mohanty','9632696203','carnival@alliance.edu.in',3),(4,'sdfsdf','2342342341','sdfgsd@aas.com',0),(5,'Deepanwita Tripathy','9853702299','www.sldcnitr.in',0),(6,'CSE','9852013647','CSE@gmail.com',0),(7,'sdafsad','4874578451','sadfsadf@gmail.com',0),(8,'fasdfas','7845781245','asdfa@gmail.com',0),(9,'srdtyfuhiop[]','1234567890','sdfgh@gmail.com',0),(10,'fasdfas','7845729671','aa@gmail.com',0),(11,'rtdyuiop[','1234567890','dsfghjkl@gmail.com',0),(12,'asdfas','2342342341','sadfsadf@gmail.com',0),(13,'asdfasdfa','1234561234','aasdfasdfassdfgsdfg@gmail.com',0),(14,'Srinandhan R,  Haritha S ','8940948849','mpv@bitsathy.ac.in',17),(15,'sdfgsdfg','2342342341','sdfgsd@aas.com',0),(16,'fasdfasd','4874578451','aasdfasdfassdfgsdfg@gmail.com',0),(17,'Louis Sweetlin','8870439339','erekz2k15@gmail.com',20),(18,'Mr.Chander M','9952948686','info@workshopsarena.com',21),(19,'Mritunjay ','9930226738','arohan.nitie@gmail.com',24),(20,'S.PRAKASH ','8939268632','topengineers2015@gmail.com',25),(21,'Deepak','7840054107','deepak@ibncindia.com',26),(22,'Mr. T. Rajeshwaran ','9791164191','hod.eco@ktr.srmuniv.ac.in',27),(23,'The Director','9962522686','apexbiotechchennai@gmail.com',28),(24,'ICARBEST','7708203753','icarbest@gmail.com',31),(25,'Sugan.T ','8189922875','iericrrest@gmail.com',32),(26,'Deviprasad','9004444091','info@dgmcms.org.in',33),(27,'T.Ragavendhar ','812223482','aatral2k15@gmail.com',34),(28,'Krisha Shah ','9769995598','krishashah12@gmail.com',36),(29,'S.Vigneshwaran','9688488546','eceassociation2k16@gmail.com',35),(30,'M.Ezhilarasi','9486038824','hod.eie@kct.ac.in',37),(31,'Sudhir Raju Shetty','8454926204','sudhirrajushetty@gmail.com',38),(32,'Organiser','9853702299','info@workshopsarena.com',0),(33,'Vishal Saini','8053152523','vishalsaini037@gmail.com',40),(34,'Chander M','9952948686','info@workshopsarena.com',41),(35,'The Director','7696585963','riddhi_coolgirl15@yahoo.com',42),(36,'Students','9791164191','waves@gmail.com',43),(37,'Nit','9085904210','info@tecnoesis.in',0),(38,'Organiser','9167375994','horizon_16@gmail.com',39),(39,'Dr .D. Dhanasekarn ','9444286636','convenerichci16@gmail.com',48),(40,'Organiser','9400965040','tobinkoshy@ymail.com',49),(41,'Organiser','7049229466','hrsummit.iiitmg@gmail.com',50),(42,'Organiser','9351097289','abhimandwale96@gmail.com',51),(43,'Organiser','9853702299','antaragni@google.in',52),(44,'Organiser','9414305959','hodcs@skit.ac.in',53),(45,'Organiser','7874877472','daiictconcours@gmail.com',54),(46,'Neel Kapadia','9820231961','neel.kapadia@technovanza.org',55),(47,'Swapnil Gudmalwar','9967885348','swapnil.gudmalwar@techfest.org',56),(48,'Swapnil gudmalwar','9967885348','swapnil.gudmalwar@techfest.org',57),(49,'Pulkit Khera','7503233363','pulkitkhera.p15@imi.edu',60),(50,'Gaurav Singh,','8800944734','info@aimeindia.in',61),(51,'utkarsh tripathi','8953653456','utkarshtrips97@gmail.com',62),(52,'Amity School of Engineering and Technology, Bijwas','28062106','colossus2k15@gmail.com',63),(53,'Apurva Chawla','9899051915','taaranganasponsorship@gmail.com',64),(54,'Akhil A. K. ','9447003932','devagiri.nirvana15@gmail.com',65),(55,'Amal Binoy ( Student Co-Ordinator) ','9526991767','caligo2k15@gmail.com',66),(56,'Amal Joseph','9497484462','karmanta@vjim.ac.in',0),(57,' Amal Joseph','949748446','karmanta@vjim.ac.in',67),(58,'Mishael Jose','9747570033','connectascendmeet@gmail.com',68),(59,'Organiser','9632587412','we.are.the.world@gmail.com',69),(60,'suryanarayanan m s','9605068839','suryanarayan@tathva.org',70),(61,'Vignesh','9940963378','incalts16@gmail.com',72),(62,'Syam ','9567129935','kufoswaves2015@gmail.com',74),(63,'Ashutosh','8093340731','ashu5341@gmail.com',73),(64,'Ahmed','9630328246','ashu5341@gmail.com',75),(65,'Prashant Sangulagi','9880770846','ncrietbkit2015@gmail.com',76),(66,'Anirudh Toshniwal','9997372371','epe120009@rgipt.ac.in',77),(67,'Shreevats','7602798827','shreevats.tenneti@gmail.com',78),(68,'Rubesh','9500136425','industrialdesignacademy@gmail.com',79),(69,'Vignesh ','8089165886','info@eventswat.com',80),(70,'Incharge','9095395333','submission@ictte.com',81),(71,' Jishnu O.P','9562305051','ramsayana2015@gmail.com',82),(72,' Dr. Brojo Kishore Mishra','9437875808','brojokishoremishra@gmail.com',83),(73,'Incharge','9095395333','submission@ictte.com',84),(74,'Apurva Chawla','9899051915','apurvachawla06@gmail.com',85),(75,'Atif Ali Khan','8860327774','nerdz15@jamiahamdard.ac.in',86),(76,'Mayank Jain','7838121040','nerdz15@jamiahamdard.ac.in',87),(77,' Ashish Singh','9653153989','assh1918@gmail.com',88),(78,'Jatin Singla','8727930843','techniti@nitj.ac.in',89),(79,'Manish Jangra','8146651650','cufest@cumail.in',90),(80,'Vinay','9872424947','asmelpu.sldc@gmail.com',91),(81,'Chandra Prakash','9041871412','chandraprakash_jha@yahoo.com',92),(82,'Viraj Sanghvi','9819584725','vrsanghvi13@gmail.com',93),(83,'Sidhant','9538328434','ardl.pvltd@gmail.com',94),(84,'Sudhir Raju Shetty','8454926204','sudhirrajushetty@gmail.com',95),(85,'Mritunjay','9930226738','arohan.nitie@gmail.com',98),(86,'Ashutosh','9911015078','director@imsec.ac.in',99),(87,'Organiser','8454926204','euphoriacit16@gmail.com',103),(88,'Kapil Matani ','9462317503','lnmiit.plinth@gmail.com',104),(89,'Harsh Modi','8469094785','modi.harsh@iitgn.ac.in',105),(90,'Shivam','7064137449','sldcnitr@gmail.com',6),(91,'Akshay Singh','7799026075','primiceriusfest@gmail.com',106),(92,'Tobin Koshy','9400965040','inbloom@christuniversity.in',107),(93,'Akash Singla','8105145867','akashs@pravega.com',108);
/*!40000 ALTER TABLE `postevent_organizer` ENABLE KEYS */;
UNLOCK TABLES;

--
-- Table structure for table `postevent_postevent`
--

DROP TABLE IF EXISTS `postevent_postevent`;
/*!40101 SET @saved_cs_client     = @@character_set_client */;
/*!40101 SET character_set_client = utf8 */;
CREATE TABLE `postevent_postevent` (
  `id` int(11) NOT NULL AUTO_INCREMENT,
  `user_name` varchar(50) NOT NULL,
  `user_email` varchar(50) NOT NULL,
  `user_mobile` bigint(20) NOT NULL,
  `event_title` varchar(50) NOT NULL,
  `event_startdate_time` datetime NOT NULL,
  `event_enddate_time` datetime NOT NULL,
  `event_category_id` int(11) NOT NULL,
  `event_subcategory_id` int(11) DEFAULT NULL,
  `event_description` longtext NOT NULL,
  `venue` longtext NOT NULL,
  `state` varchar(50) NOT NULL,
  `city` varchar(50) NOT NULL,
  `college` varchar(50) NOT NULL,
  `department` varchar(50) NOT NULL,
  `event_poster` varchar(500) DEFAULT NULL,
  `admin_status` tinyint(1) NOT NULL,
  `payment` tinyint(1) NOT NULL,
  `is_status` tinyint(1) DEFAULT NULL,
  `event_type` varchar(50) DEFAULT NULL,
  `terms_and_condition` longtext,
  `event_website` varchar(200) DEFAULT NULL,
  `is_webinar` tinyint(1) DEFAULT NULL,
  `country` varchar(50) DEFAULT NULL,
  `is_active` tinyint(1) DEFAULT NULL,
  PRIMARY KEY (`id`),
  KEY `college_event_postevent_6f33f001` (`event_category_id`),
  KEY `college_event_postevent_7a4f8c6c` (`event_subcategory_id`),
  CONSTRAINT `category_id_refs_id_11fce88a` FOREIGN KEY (`event_category_id`) REFERENCES `events_eventscategory` (`id`),
  CONSTRAINT `eventtype_id_refs_id_c3b9140f` FOREIGN KEY (`event_subcategory_id`) REFERENCES `events_eventssubcategory` (`id`)
) ENGINE=InnoDB AUTO_INCREMENT=109 DEFAULT CHARSET=latin1;
/*!40101 SET character_set_client = @saved_cs_client */;

--
-- Dumping data for table `postevent_postevent`
--

LOCK TABLES `postevent_postevent` WRITE;
/*!40000 ALTER TABLE `postevent_postevent` DISABLE KEYS */;
INSERT INTO `postevent_postevent` VALUES (1,'dhanak2015','saisasthaa@gmail.com',1234567890,'Regular Capoeira classes','2015-10-24 00:00:00','2015-10-31 00:00:00',1,1,'Dhanak is the annual cultural fest of the Indian Institute of Space Science & Technology, Trivandrum. It is a four-day long event held in the odd semester  each year and is attended by students from across South India and some parts of North India. With events ranging from literary & music-art-dance to visual arts & film-making, it presents the perfect platform to expose the participants to healthy competition and also bag prizes while they are at it.','\r\nClosest Airport - Trivandrum Internation Airport ','Tamilnadu','pondicherry','manakula','Computer science','static/img/party-music-hd-wallpaper-1920x1200-3850.jpg',1,0,NULL,NULL,NULL,NULL,NULL,NULL,NULL),(2,'Pretheev','pretheevraj@gmail.com',8754405589,'Qubit\'15 (technoVIT\'15)','2015-10-14 00:00:00','2015-10-16 00:00:00',1,6,'Qubit\'15 is an event presented by Computing Science and Engineering . And technoVIT\'15 is the overall fest conducted by VIT Chennai.','Vandalur, Kelambakkam Road, Chennai, Tamil Nadu 600127','Tamilnadu','Chennai','VIT University Chennai Campus','cse','static/img/11953199_1640028686253445_335380266701552541_n.jpg',1,0,NULL,NULL,NULL,NULL,NULL,NULL,NULL),(3,'Pretheev','pretheevraj@gmail.com',8754405589,'Fiesta de Mercadeo 15','2015-10-14 00:00:00','2015-10-15 00:00:00',5,7,'A national level techno-management-Law & cultural Fest events to be held on 14th and 15th of OCTOBER at Alliance University.','Chikkahagade Cross, Chandapura - Anekal Main Road, Anekal\r\nBengaluru – 562 106, Karnataka, India.',' Karnataka','Bengaluru','Fiesta de Mercadeo 15','MBA, Commerce, Law, BBA','static/img/galeria_flyer_1_r7_c1.jpg',1,0,NULL,NULL,NULL,NULL,NULL,NULL,NULL),(6,'Pradeepa','rpradeepa812@gmail.com',9789761928,'Student Led Design Conference','2015-10-30 00:00:00','2015-11-01 00:00:00',1,4,'AMERICAN SOCIETY OF MECHANICAL ENGINEERS INDIA’S STUDENT LED DESIGN CONFERENCE (SLDC 2015)\r\n\r\nIS A ZONAL LEVEL CONFERENCE TO BE HELD FOR THE FIRST TIME IN NIT, ROURKELA.\r\n\r\nSLDC BRINGS THIS INNOVISION (30TH OCT-1ST NOV, 2015), A SYMPOSIUM ALONG WITH A PLATFORM TO\r\n\r\nSHOWCASE ONE\'S ABILITIES AND A CHANCE TO BRING INTO ACTION ALL THE IDEAS.','Rourkela ','Bangalore','Rourkela ','ASME NIT','MECHANICAL ENGINEERING','/events/static/img/logo.png',1,0,NULL,NULL,NULL,NULL,NULL,NULL,NULL),(7,'priya','avbmail93@gmail.com',8148456121,'technical event','2015-10-13 00:00:00','2015-10-14 00:00:00',1,1,'workshop on NS2 ','Sree sowdambika college of engineering ,\r\nMadurai','Tamil Nadu','Madurai','SSCE','CSE','/events/gallery7-2.jpg',1,0,NULL,NULL,NULL,NULL,NULL,NULL,NULL),(10,'Pretheev','pretheevraj@gmail.com',8754405589,'Inflore \'15','2015-10-15 00:00:00','2015-10-16 00:00:00',3,3,'Inflore – the national management fest of Rajagiri Centre for Business Studies celebrated its 11th year this year. Inflore is firmly established as one of the leading business management fests in the country. Inflore serves as a platform for students from various B-schools to showcase their prowess in management and prove their caliber and fortitude through competence and intellect. A completely student driven initiative, Inflore has successfully created a name for itself amongst the B-schools of Kerala by constantly pushing the envelope and surpassing expectations.\r\nOver the years, Inflore has embodied the spirit of Indian Cinema, the enigma of the Egyptian participation of over 1800 contestants from over 200 colleges, including the IIMs, battling it out to prove their mettle amongst the best of in country. We had a footfall of more than 8000 people\r\nduring INFLORE\'14, with an impressive reach of over 1 lakh people. Students compete with one another in proving their prowess in various events through exceeding wit and intellect, winning prizes worth over 4 lakhs.','Rajagiri Centre for Business Studies\r\nRajagiri Valley P. O, Kakkanad,\r\nKochi - 682 039, Kerala,\r\nIndia.','Kerala','Kochi','Rajagiri Center for Business Studies','Management Fest','/events/59.jpg',1,0,NULL,NULL,NULL,NULL,NULL,NULL,NULL),(17,'pretheev','pretheevraj@gmail.com',8754405589,'17th FUTURA','2015-10-15 00:00:00','2015-10-17 00:00:00',1,6,'\r\n17th Futura is one of the renowned techno-fest ever held in the region where the technology meets innovation to \"Reach the Unreached\".','Bannari Amman Institute of Technology\r\nSathyamangalam\r\nTamil Nadu\r\nIndia\r\n','Tamil Nadu','Sathyamangalam',' Bannari Amman Institute of Technology','All','static/img/a0118453_123737100.jpg',1,0,NULL,NULL,NULL,NULL,NULL,NULL,NULL),(20,'Pradeepa','rpradeepa812@gmail.com',9789761928,'EREKZ 2K15','2015-10-26 00:00:00','2015-10-27 00:00:00',5,6,'We present you a place to showcase your talents and show the world your capability.\r\n\r\nTechnical Events:\r\n\r\nSurvival of the fastest\r\n\r\nPhap\'y\r\n\r\nBio Skica\r\n\r\nAdzapp\r\n\r\nNon-Technical Events:\r\n\r\nBon voyage\r\n\r\nChain Reaction\r\n\r\nHacktrack\r\n\r\nCanYou Escape\r\n\r\nMission Impossible','Jeppiaar Engineering College,\r\nJEPPIAAR NAGAR, \r\nRAJIV GANDHI ROAD,\r\n CHENNAI-600119','Tamil Nadu','Chennai','Jeppiaar Engineering College','BIOTECHNOLOGY','/events/col.jpg',1,0,NULL,NULL,NULL,NULL,NULL,NULL,NULL),(21,'Pradeepa','rpradeepa812@gmail.com',9789761928,'UAVDC\'16','2015-10-28 00:00:00','2015-10-29 00:00:00',1,1,'Two-Day UAV Design & Autopilot Programming Workshop & Qualifier for UAV Design Challenge \'\'16.\r\n\r\nIt is a hands-on workshop on UAV(Drone) Design and Autopilot Workshop. Each team will built a fixed wing aircraft and convert that into an UAV with an autopilot board.\r\n\r\nTop 4 team will qualifier for the next round of UAV Design Challenge \'\'16 and will get 35% concession on the entry fee.','Thiruvalluvar College of Engineering & Technology,\r\nVandavasi, Tamilnadu, India.','Tamil Nadu','Vandavasi','Thiruvalluvar College of Engineering & Technology','Aero Department','/events/Thiruvalluvar College of Engineering & Technology vandavasi.png',1,0,NULL,NULL,NULL,NULL,NULL,NULL,NULL),(24,'Pretheev','pretheevraj@gmail.com',8754405589,'Arohan 15','2015-10-24 00:00:00','2015-10-26 00:00:00',5,7,'AROHAN’15 - NITIE Annual Cultural Festival from 24th-26th October, 2015 under the umbrella of AVARTAN - the NITIE Business Confluence.\r\n\r\nThe 3 day extravaganza is a confluence of Art, Culture and Entertainment. With a plethora of events, the fest is an opportune platform to showcase your skills to the world.\r\n\r\nBe a part of one of the biggest cultural fests in India. We enthusiastically look forward to your participation','NITIE, Vihar Lake Marg, Near The Residence Hotel, Powai, Mumbai, Maharashtra 400087','Maharashtra','Mumbai','National Institute of Industrial Engineering NITIE','All','static/img/images.jpg',1,0,NULL,NULL,NULL,NULL,NULL,NULL,NULL),(25,'Deepak','deepak@gloabalensolutions.com',9789761928,'INTERNATIONAL WINTER INTERNSHIP&TRAINING PROGRAM','2015-12-09 00:00:00','2015-12-12 00:00:00',1,6,' INTERNSHIP TRAINING CONTENT ENGINE ASSEMBLING AND DISMANTLING  (HANDS-ON SESSIONS)\r\n\r\n     AUTOMOTIVE AERODYNAMICS\r\n    AUTOMOTIVE ELECTRONICS\r\n    ENGINE MODIFICATIONS \r\n    VEHICLE CHASSIS\r\n    VEHICLE TRANSMISSION\r\n    Group Activity – Problem Statement and Solution Discussion\r\n    Automobile Industry Expectation (PLACEMENT ASSISTANCE)\r\n\r\nHIGHLIGHTS      * ISO CERTIFIED CERTIFICATES WITH HOLOGRAM will be provided by Top engineers  in collaboration with sreesanth motors to all the participants by the end of the internship which will add value during placements.\r\n\r\n Registration Fee:\r\nRS.3000 /per participant\r\n (Includes Taxes, Registration kit, Hands-On Lab, Certification Cost, Human Resources fee).\r\n\r\n(FOR CHENNAI)Pay initial amount of Rs.500/- before DECEMBER 4TH , 2015 and Confirm Your Seat and the rest can be paid On the spot.\r\n\r\nGROUP DISCOUNT OFFER\r\nGroup of 5 & above will get discount Rs.250/- per head\r\nGroup of 10 & above will get discount Rs.500/- per head\r\n\r\nRs.350 discount for individual participant who attended workshop with TOP ENGINEERS earlier (group discount is not applicable here) \r\n','TOP ENGINEERS\r\nCHENNAI, TAMIL NADU, INDIA\r\n','Tamil Nadu','Chennai','TOP ENGINEERS','AUTOMOBILE','static/img/TOP_ENGINEERS_PVT_LTD_CHENNAI.png',1,0,NULL,NULL,NULL,NULL,NULL,NULL,NULL),(26,'Deepak','deepak@gloabalensolutions.com',9789761928,'A Two Day Workshop on IOT – Internet of Things','2015-10-29 00:00:00','2015-10-30 00:00:00',1,1,'Overview of Workshop:\r\n•          What “the Internet of Things”\r\n•          How open platforms allow you to store your sensor data.\r\n•          The basic usage of the Arduino environment for creating your own embedded projects at low cost\r\n•          How to connect your Arduino with your Android phone.\r\n•          How to send data to the Internet and talk to the Cloud/server.\r\n•          How to update sensor readings on social media.\r\n•          Control a Relay Switch by texting from your Phone.\r\n•          Use Arduino, Wifi, Bluetooth, Breadboard, LEDs, sensors like temperature sensor\r\n','VIT University, Vellore','Tamil Nadu','Vellore','VIT University','School of Computing Science & Engineering','static/img/VIT_University-www.tamilnaducollegeevents.in.png',1,0,NULL,NULL,NULL,NULL,NULL,NULL,NULL),(27,'Deepak','deepak@gloabalensolutions.com',9789761928,'Workshop on Time Series Econometrics','2015-10-20 00:00:00','2015-10-20 00:00:00',2,1,'WORKSHOP THEME\r\nEconomic theories associated with long run relationship between variables have been analysed using econometric techniques, since the origin of the subject. Statistical packages such as STATA & E-Views come in handy to analyse the time series and panel data analysis. The workshop will provide a general and brief outline of some of the important models associated with the time series analysis. There will be hands on training with a data set using the E-Views.\r\n\r\nTOPICS TO BE COVERED\r\nForenoon Session:\r\nStructural Vector Autoregressive (SVAR) and Structural Vector Error Correction Model (SVECM) – General Introduction, uses. Brief description of co-integration analysis using E-Views\r\nAfternoon Session:\r\nHands on training with a data set, question session and concluding remarks.','SRM University\r\nKattankulathur, TamilNadu, India','Tamil Nadu','Chennai','SRM University','Department of Economics','static/img/SRM_University-www.tamilnaducollegeevents.in.png',1,0,NULL,NULL,NULL,NULL,NULL,NULL,NULL),(28,'Deepak','deepak@gloabalensolutions.com',9789761928,'Workshop on “MARINE BIOPROSPECTING\"','2015-10-26 00:00:00','2015-10-31 00:00:00',1,1,'Registration Fee:\r\nRegistration fees: Rs. 2,000/-*\r\nLimited no. of participants, Registration will be First-Come-First-Serve basis.\r\n\r\n*Registration fee includes education material & lunch and Tea during Workshop.\r\n*Limited accommodation may be arranged in the vicinity of premises on payment basis).\r\n\r\n About Event:\r\nMarine bioprospecting – the search for novel compounds from natural sources in the marine environment has increased rapidly in recent years. Much of the increase in activity may be attributed to technological advances in exploring the ocean and the genetic diversity it contains. Much of the marine biome remains under-investigated and the prospect for new and unique findings is high, particularly in the microbial realm. The Apex Biotechnology Training and Research Institute invite you to this workshop on “MARINE BIOPROSPECTING – MARINE MICROBIAL PERSPECTIVES” between 26th and 31st October 2015 to be held at Apex Biotechnology Training and Research Institute, Chennai where researchers will be able to understand the basic instrumentation and steps involved in Marine Bioprospecting from Microbial Source.\r\n\r\nOther Details:\r\nApply to the Workshop\r\nThe Apex Biotechnology Training and Research Institute accept registration on or before 24th October 2015. The registration form can be downloaded at http://www.apexbiotechtraining.in/training.html','Apex Biotechnology Training and Research Institute\r\nTS. 89, Thiru Vi Ka Industrial Estate\r\nEkkaduthangal, Guindy, Chennai 600 032\r\nTele / Fax: 044 4360 4545 \r\nMobile: +91 99625 22686\r\nE-mail: apexbiotechchennai@gmail.com \r\nWebsite: www.apexbiotechtraining.in','Tamil Nadu','Chennai','Apex Biotechnology Training and Research Institute','Marine Biotechnology','static/img/Apex_Biotechnology_Training_and_Research_Institute_Chennai.png',1,0,NULL,NULL,NULL,NULL,NULL,NULL,NULL),(31,'Deepak','deepak@gloabalensolutions.com',9789761928,'ICARBEST\'15','2015-10-19 00:00:00','2015-10-19 00:00:00',5,4,' Scope of the Conference:\r\n\r\nInternational Online Conference on Advanced Research in Biology, Ecology, Science and Technology (ICARBEST’15) is an Online Conference organized to showcase the talents of research scholars, engineers, scientists, UG and PG students by presenting papers from their home through audio/video presentation. Participants can therefore receive hard copy of all Certificates and Proceedings from their home without the need to travel. This enables young budding engineers to meet and exchange their ideas and explore new avenues of research and development.\r\n\r\nConference Topics:\r\n•          Bioinformatics\r\n•          Biomedical Engineering\r\n•          Biotechnology\r\n•          Chemical Engineering\r\n•          Civil Engineering\r\n•          Communications\r\n•          Computer Engineering\r\n•          Computer Applications\r\n•          Construction Management\r\n•          Educational Media / Instructional Technology\r\n•          Electrical and Electronics Engineering\r\n•          Human Resources Management\r\n•          Information Technology\r\n•          Mechanical Engineering\r\n•          Management Technology\r\n\r\nSubmission of Papers:\r\n•         Authors are invited to send their papers in IEEE format\r\n•        All manuscripts must be the author(s) original, un-published work and must not be under - consideration for publication elsewhere.\r\n•      Each manuscript must include a 125 to 150 word abstract and a list of 4-to-7 keywords. The article length must be less than or equal to 8 pages.\r\n•      All selected and presented papers will be published in International Journal of Advanced Research in Biology, Ecology, Science and Technology (IJARBEST)\r\nSend your papers to icarbest@gmail.com\r\n\r\nImportant Dates:\r\n\r\nPaper Submission            :  6th November 2015\r\nAcceptance Notification    : 13th November 2015\r\nFinal Camera Ready Paper Submission\r\nWith Registration and Presentation in CD/DVD    : 19th November 2015\r\n(Audio/Video) \r\nJournal Publication        : 24th November 2015      \r\n\r\nRegistration fee:\r\n\r\nUG/PG students                   : Rs.1500 (2 authors)\r\nFaculty/Research Scholars    : Rs.1800  (2 authors)\r\nDelegates from Industry         : Rs.2000   (2 authors)\r\n\r\nNote: For every extra author, Rs.500 should be added to the total amount\r\n\r\nAuthors can credit the payment to the concerned account numbers mentioned in the acceptance mail and the mode of payment can be either through online banking or direct branch deposit.\r\n\r\nConference Takeaway:\r\n•          Hard copy of International Conference Certificate for all authors\r\n•          Hard copy of International Journal Certificate for all authors\r\n•          Best paper certificate (only to the best article)\r\n•          Conference Proceedings\r\n•          Journal Publication\r\n•          Indexing of your paper in 24 websites including Google Scholar\r\n\r\nProcedure:\r\n•          Send your paper to icarbest@gmail.com\r\n•          If paper is accepted, get acceptance mail from Conference organizer through mail (with transaction details)\r\n•          Send final Camera ready paper, Registration form , Soft copy of transaction slip through mail and Audio/Video file of your presentation in CD/DVD to correspondence address (before 19th November 2015)\r\n•          Receive your Conference Particulars & Journal Publication details through Courier/Speed Post before 24th November 2015','INTERNATIONAL JOURNAL OF ADVANCED RESEARCH IN BIOLOGY, ECOLOGY, SCIENCE AND TECHNOLOGY (IJARBEST)\r\nTirunelveli, Tamilnadu, India\r\n','Tamil Nadu','Tirunelveli','IJARBEST','Multidisciplinary','static/img/INTERNATIONAL_JOURNAL_OF_ADVANCED_RESEARCH_IN_BIOLOGY_ECOLOGY_SCIENCE_AND_TECHNOLOGY_IJARBEST.png',1,0,NULL,NULL,NULL,NULL,NULL,NULL,NULL),(32,'Deepak','deepak@gloabalensolutions.com',9789761928,'International Conference on Researches on Eng ','2015-11-02 00:00:00','2015-11-02 00:00:00',1,4,' International Conference on Recent Researches in Engineering, Science and Technology (ICRREST) will explores the knowledge between Engineers, Scientists, Scholars, Industrialist and Students in the field of Engineering, Science and Technology across the world. We will be very honorable and happy to have you as one of our most delightful participants in the conference by presenting your research work.\r\n\r\nOther Details:\r\nSubmit your papers at iericrrest@gmail.com\r\n\r\nRegistration Fees:-\r\n\r\n1)A Conference Kit (A Laptop Bag, Scribling pad, Pen, Lunch on the day of Conference)\r\n2)Soft copy of Proceedings with Conference Serial Number(CSN) and ISBN.\r\n3)The proceedings will be placed in the Proceedings Xplorer.\r\n\r\nNote:-Only one certificate will be issued per Registration.Extra certificates will be issued by paying addtitional fees of Rs.500 per author\r\n','Institute of Engineering Research\r\nSalem, Tamil Nadu, India','Tamil Nadu','Salem','Institute of Engineering Research','ALL DEPARMENTS','static/img/Institute_of_Engineering_Research_Salem.png',1,0,NULL,NULL,NULL,NULL,NULL,NULL,NULL),(33,'Pretheev','Pretheevraj@gmail.com',8754405589,'Media Fest','2015-11-24 00:00:00','2015-11-26 00:00:00',3,8,'Mumbai Media Champs is an annual media festival celebrated in the month of January, organized by the students of DGMC. Having over 30 events pertaining to various fields in media, MMC plans to be Mumbai\'s largest media festival. As the name suggests, the fest relates to media enthusiasts and explorers of the field who participate and is a guest for Team MMC.','Opposite Bajaj Bhavan, Swami Vivekanand Road, Sunder Nagar, Malad West, Mumbai, Maharashtra 400064','Maharashtra','Mumbai','Deviprasad Goenka Management Institute of Media St','Media','static/img/10940624_663538233756168_6786342457534023360_n.jpg',1,0,NULL,NULL,NULL,NULL,NULL,NULL,NULL),(34,'Deepak','deepak@gloabalensolutions.com',9789761928,'Aatral 2k15','2015-11-07 00:00:00','2015-11-07 00:00:00',1,9,'Aatral - National level technical symposium organized every year by the department of Electronics and Communication Engineering of Velammal Institute of Technology, Chennai. Aatral 2k15 is the most awaited event having many brain storming technical events and nail biting surprising events. Lots of prizes are to be won and lots are fun are awaiting. Meet you all on 11-07-2015 in the battle of brains. ',' Velammal Institute of Technology, Chennai, Tamil Nadu, India ','Tamil Nadu','Chennai','Velammal Institute of Technology','Electronics & Communication Engineering','static/img/Velammal_Institute_of_Technology_Chennai.png',1,0,NULL,NULL,NULL,NULL,NULL,NULL,NULL),(35,'Deepak','deepak@gloabalensolutions.com',9789761928,'FECTRA 2k16','2016-02-11 00:00:00','2016-02-11 00:00:00',1,9,'A National level technical symposium\r\n\r\n\r\nEvents\r\nPaper Presentation Project Presentation\r\nLive Wire\r\nCode - E - Thon\r\nRapid Data\r\nPhotopay\r\nVisual Hunt\r\nGame Seeks\r\n\r\nRegistration Fees:No Registeration Fees\r\n','Kongu Engineering College\r\nErode\r\nTamil Nadu\r\nIndia','Tamil Nadu','Erode','Kongu Engineering College','Electronics & Communication Engineering','static/img/fectan.jpg',1,0,NULL,NULL,NULL,NULL,NULL,NULL,NULL),(36,'Pretheev','Pretheevraj@gmail.com',8754405589,'Mirage 2015','2015-12-09 00:00:00','2015-12-14 00:00:00',2,7,'The BMS Section Nagindas Khandwala College, Malad organises a 5 day festival called Mirage every year from the past 14 years. On the first day of Mirage we have a incredible opening night. In 2014, Mirage Incredible Night with DJ Chetas witnessed a footfall of 13000 students from all over the city.',' Road No.1, Off S V Road, Bhadran Nagar, Malad West, Mumbai, Maharashtra 400064','Maharashtra','Mumbai','Nagindas khandwala college','Nagindas khandwala college','static/img/1526097_634822280850195802-1.jpg',1,0,NULL,NULL,NULL,NULL,NULL,NULL,NULL),(37,'Deepak','deepak@gloabalensolutions.com',9789761928,' National Symposium on Instrumentation','2015-10-30 00:00:00','2015-10-31 00:00:00',1,9,'Kumaraguru College of Technology (KCT) and Instrument Society of India (ISOI) of Indian Institute of Science (IISc), Bangalore are jointly organizing the Fortieth National Symposium on Instrumentation (NSI 40) during October 30th and 31st 2015, Coimbatore, Tamil Nadu, INDIA.\r\n\r\nNSI 40, is to bring together innovative academicians and industry experts in the fields of Electronics, Process Instrumentation, Control and Automation to a common forum.\r\n\r\nLeading Researchers from DRDO, ISRO, IISc, IIT and CSIR will be delivering keynote address during this meet.\r\n\r\nWe are happy to invite your research findings to be presented during this conference.\r\n\r\nEvents\r\nPre-Conference Workshops\r\nWorkshops\r\nPaper Presentations\r\n\r\n\r\nRegistration Fees:\r\nDelegates: Rs. 3,500/-\r\nISOI Life Members: Rs. 2,500/-\r\nResearch Scholars: Rs. 2,500/-\r\nUndergraduate / Post-graduate Students: Rs. 2,000/-\r\n\r\nImportant Dates\r\nFest Date: 30 - 10 - 2015 to 31 - 10 - 2015\r\nLast Dates for Registration: Last Date for Submission of Abstracts : 20 - 08 - 2015\r\nIntimation of Acceptance : 01 - 09 - 2015\r\nLast Date for Registration : 01 - 10 - 2015\r\n','Kumarguru College of Technology\r\nCoimbatore\r\nTamil Nadu\r\nIndia','Tamil Nadu','Coimbatore','Kumarguru College of Technology','ALL DEPARMENTS','static/img/dance.jpg',1,0,NULL,NULL,NULL,NULL,NULL,NULL,NULL),(38,'Pretheev','Pretheevraj@gmail.com',8754405589,'RAY 2015','2015-12-15 00:00:00','2015-12-20 00:00:00',5,8,'Ray - A journey through the lens, is the annual intercollegiate media festival of Bhavan\'s college, Andheri west.\r\n\r\nIt is one of the top media festivals of Mumbai that takes place in the month of December.\r\n\r\nIn its 7th glorious year, we have expanded our horizon and took the standard of it on a whole new level.','Munshi Nagar, Andheri West, Mumbai, Maharashtra 400058','Maharashtra','Mumbai','Bhavans College Mumbai','Art media','static/img/Bharatiya-Vidya-Bhavans-Institute-Of-Communication-3.jpg',1,0,NULL,NULL,NULL,NULL,NULL,NULL,NULL),(39,'Pradeepa','rpradeepa812@gmail.com',9789761928,'Pragyan 2016','2016-02-25 00:00:00','2016-02-26 00:00:00',1,1,'Pragyan is the annual international Techno-Management festival of National Institute of Technology, Trichy. Pragyan has events spanning the entire engineering spectrum, in addition to the management events that have provided a common platform to the smartest talent across the country and abroad. It serves as a great tool to dissolve the barriers between industry and students.\r\n\r\nIn addition to the wide range of events, Pragyan also has technical workshops, Guest Lectures, Tech-Talks, Exhibitions, Crossfire (panel discussion) , Infotainment Shows and much more.','National Institute of Technology, Trichy','Tamil Nadu','Trichy','National Institute of Technology','MECHANICAL ENGINEERING','/events/YANTRAM\'15.jpg',1,0,NULL,NULL,NULL,NULL,NULL,NULL,NULL),(40,'Deepak','deepak@gloabalensolutions.com',9789761928,'AutoKriti 7.0 ','2015-10-26 00:00:00','2015-10-08 00:00:00',1,1,'SAEINDIA NIT Kurukshetra Collegiate Club presents the most awaited AUTOMOTIVE workshop of North India- AUTOKRITI 7.0.\r\n\r\n\"AUTOKRITI 7.0 A Petrol v/s Diesel Car Overhaul Workshop\" is a National Workshop organised by SAEINDIA NIT Kurukshetra Collegiate Club, the NIT Kurushetra Chapter of Society of Automotive Engineers (SAE). It is the same Club that umbrellas the Team NITROX, the team that crushed all other NITs, IITs, BITS Pilani, DTU and other leading Engineering colleges of India in SAE BAJA 2015 and secured an adorable ALL INDIA 7th RANK out of 320 teams in a CUT THROAT COMPETITION, Team Accelerons And Team Ibrido\r\nIt is a chance for you to learn from the CHAMPIONS!\r\nA unique workshop where you will be allowed to disassemble, study and assemble car components WITH YOUR OWN HANDS. An experience which no book can teach and no lab can give.','NIT Kurukshetra\r\nHaryana','Haryana','Kurukshetra','NIT','ALL DEPARMENTS','static/img/events.jpeg',1,0,NULL,NULL,NULL,NULL,NULL,NULL,NULL),(41,'Deepak','deepak@gloabalensolutions.com',9789761928,'UAV Design & Autopilot Workshop','2015-10-28 00:00:00','2015-10-29 00:00:00',1,1,'Maavan UAV Design Challenge 2016\r\n\r\nTop four teams will qualify for the next level of India’s first & biggest UAV Design Challenge to be held at Coimbatore on 25th-26th March 2016.\r\nSYLLABUS\r\nDAY-I\r\n\r\nSESSION-1 (9.30 AM to 11.00 AM)\r\nDesign Approach for Fixed Wing Aircraft\r\n\r\nIntroduction to Autopilot Physical Modelling Approach\r\nDetermination of Mass and Inertial Characteristics\r\nCentre of Gravity measurement\r\nDetermination of Wing Characteristics\r\nCalculation of Wing Area\r\nCalculation of Mean Aerodynamic chord\r\nCalculation of Wing Loading\r\n\r\nSESSION-2 (11.30 AM to 1.00 PM; 2.00PM to 3.00PM)\r\nComponents used in sUAV\r\n\r\nPropulsive Devices – BLDC Motors\r\nPropeller\r\nMEMS Sensors\r\nUltrasonic Sensor\r\nAtmospheric Pressure Sensor\r\nAirspeed Sensor\r\n3-Axis Gyros\r\n3-Axis Accelerometer\r\n3-Axis Magnetometer\r\nActuators – Servo Motor\r\nRadios – 2.4 GHz Tx & Rx\r\nTelemetry – 5.6 GHz / 2.4 GHz\r\nBatteries – LiPo\r\n\r\nSESSION-3 (3.00 PM to 4.30 PM)\r\nProgramming and Interfacing of MEMS Sensors & Actuators using Arduino\r\n\r\nArduino IDE & Arduino Mega\r\nUltrasonic Sensor\r\nAirspeed Sensor\r\n3-Axis Gyros / 3-Axis Accelerometer / Temperature Sensor\r\n3-Axis Magnetometer / Atmospheric Pressure Sensor\r\nBLDC Motor /\r\nServo Motor\r\n\r\nDAY-II\r\n\r\nSESSION-4 (9.30 AM to 11.00 AM)\r\nHands-on Session of Autopilot Integration\r\n\r\nIntroduction to Autopilot Mega Platform\r\nTuning of Control Surfaces\r\nCalibration of Autopilot Board\r\n\r\nSESSION-5 (11.30 AM to 1PM; 2PM to 3PM)\r\nHands-on Session of Autopilot Integration\r\n\r\nIntro to Ground Station Software\r\nCommands and Keywords related to Mission Planner\r\nMission Planning\r\nParameter Configuration\r\nGPS Waypoints Setting\r\nPre-Flight Checking\r\nGround Testing\r\n\r\nSESSION-6 (3.30 PM to 4.30 PM)','Thiruvalluvar College of Engineering and Technology\r\nVandavasi, Tamil Nadu','Tamil Nadu','Vandavasi','Thiruvalluvar College of Engineering and Technolog','ALL DEPARMENTS','static/img/events_1.jpeg',1,0,NULL,NULL,NULL,NULL,NULL,NULL,NULL),(42,'Deepak','deepak@gloabalensolutions.com',9789761928,'PECfest 2015','2015-10-30 00:00:00','2015-10-01 00:00:00',5,6,' PECFEST 2015 is an expression of freedom and rebellion, of team spirit and determination; a 3-day technical and cultural extravaganza hosting a mélange of fun events and activities coupled with the splendour of the main entertainment attraction on the nights with their high wattage pulsating music, the mirth and the merry making, all adding up to three evenings which are the talk of the town. This is one of the biggest fests Northern part of the country ever witness. Our philosophy is governed by the fact that happiness should not involve any cost and therefore we do not charge any entry fee or pass from a walk in visitor.\r\n\r\nMore than a hundred events take place at PECFEST in which students from colleges across India participate, win and celebrate. It’s a three day fest so we have three professional nights to enjoy.',' PEC University of Technology, Chandigarh','Haryana','Chandigarh',' PEC University of Technology','ALL DEPARMENTS','static/img/PECfest-2015-Techno-Cultural-Fest-PEC-University-of-Technology-Chandigarh-October-30--November-01-2015.jpg',1,0,NULL,NULL,NULL,NULL,NULL,NULL,NULL),(43,'Deepak','deepak@gloabalensolutions.com',9789761928,'Waves ’15','2015-11-06 00:00:00','2015-11-08 00:00:00',5,7,' Waves- Escape Reality is the 2015 edition of the annual cultural festival of BITS Pilani. It offers a wide range of events in diversified fields in order to ensure that everyone who attends has an unforgettable time and there in not a dull moment while Waves is going on. Waves in one of the biggest cultural festivals in India and has the distinction of being the fastest growing festival in the country.\r\n\r\nSo join us at Waves ’15 and be ready to Escape Reality to go on a breath-taking journey to the world of fiction and fantasy from 6th to 8th November this year. See you all there!','BITS Pilani K.K.Birla Goa Campus, Goa-403726','Goa','Goa','BITS Pilani','ALL DEPARMENTS','static/img/Waves-2015-Cultural-Fest-BITS-Pilani-K.-K.-Birla-Goa-Campus-Goa-6-8-November-2015.jpg',1,0,NULL,NULL,NULL,NULL,NULL,NULL,NULL),(44,'Pradeepa','rpradeepa812@gmail.com',9789761928,' Tecnoesis 2015','2015-10-30 00:00:00','2015-11-02 00:00:00',5,7,'NIT Silchar brings you the 12th version of its annual Techno-management festival on 1st week of November Reincarnated from “Incandescence”, the annual Techno-cultural festival,  this year is all set to establishes itself as one of the best technical fest of the North-East.','Nit Silchar, Silchar, Assam -788010','Assam','Silchar','Nit','NIL','/events/Tecnoesis-2015-Technical-Fest-NIT-Silchar-Silchar-Assam-October-30-to-November-02-2015.jpg',1,0,NULL,NULL,NULL,NULL,NULL,NULL,NULL),(46,'Pradeepa','rpradeepa812@gmail.com',9789761928,'HORIZON-2016 ','2016-02-26 00:00:00','2016-02-28 00:00:00',5,7,'“Horizon” an Annual Cultural Festival has been ranked amongst the Top 5 college level cultural festivals in Mumbai and as the Largest in Navi Mumbai (Source: Times of India, JAM). And an astounding footfall of over 25,000 students is recorded every year. A short glimpse into Horizon’s past will show you how deep the spirit of Horizon is rooted within the student community. The festival covers a wide range of genres ranging from adventure to sports; thrill to casual; photography, personality, talent, sin city, technical, art, drama and many more. This broad spectrum has been created for students with different passions and interests to come forth and participate. Bollywood Night is a major crowd puller and has previously hosted Bollywood singers like Shankar Mahadevan, Mohit Chouhan, Suraj Jagan, Benny Dayal, and Nakash Aziz to name a few.','Ramrao Adik Institute of Technology, Dr. D. Y.Patil Campus, Nerul, Navi Mumbai, Maharashtra','Maharashtra','Navi Mumbai','Ramrao Adik Institute of Technology','ALL DEPARMENTS','/events/HORIZON-2016-Cultural-Festival-Ramrao-Adik-Institute-of-Technology-Dr.-D.-Y.Patil-Campus-Nerul-Navi-Mumbai-Maharashtra-February-26-28-2016.png',1,0,NULL,NULL,NULL,NULL,NULL,NULL,NULL),(48,'Deepak','deepak@gloabalensolutions.com',9789761928,'ICHCI\'16 -2nd IEEE International Conference ','2016-03-10 00:00:00','2016-03-11 00:00:00',1,4,' IEEE International Conference on Human Computer Interactions (ICHCI’16) is the 2nd in this series of conference. The 1st edition of ICHCI was held in 2013 and received participants from all around the globe.\r\n\r\nThe Objective of IEEE-ICHCI’16 is to provide a platform to share and learn the recent developments in various sub-fields of HCI. Today, the world is moving towards Internet of Things (IoT) where the things around us will be smart and can provide and share information with humans as well as with other similar objects. Several ideas, innovations, research and developments are taking place in IoT. \r\n\r\nCloud Computing and Big Data are the next emerging areas. Today, large volumes of data are available and hence handling these data remains a big challenge. Parallelly, Wearable Electronics and Gesture Recognition are also being developed. All these lead to the utilization and sharing of information where data integrity becomes a big issue. So, ICHCI’16 will provide a platform for all researchers, academician and industrial professionals to share their work and also provide answers/ideas to the existing problems and challenges.\r\n\r\nOther Details:\r\n\r\nFull paper Submission Deadline                   :  31 Dec 2015\r\nIntimation of Acceptance                             :  15 Jan 2016\r\nCamera Ready Paper Submission Deadline   :  25 Jan 2016\r\nLast Date of Registration                              :  10 Feb 2016','Saveetha School of Engineering, Saveetha University\r\nChennai, Tamil Nadu, India','Tamil Nadu','Chennai','Saveetha School of Engineering','Dept of CSE/IT & ECE','static/img/Saveetha_University_Chennai.png',1,0,NULL,NULL,NULL,NULL,NULL,NULL,NULL),(49,'Deepak','deepak@globalensolutions.com',9789761928,'Cognito 2015','2015-12-16 00:00:00','2015-12-18 00:00:00',3,6,'Taking place on the 16th, 17th and 18th of December, this three day fest will test the limits of your technical ability and business prowess by pitting you against teams from around the country and challenging you with a plethora of tasks that will change the way you perceive the business world. Further updates would be put up on the website and our Facebook page as well as our Instagram page (www.instagram.com/cognitodps)','Department of Professional Studies, Christ University, Hosur Road, Bengaluru, Karnataka 560029','Karnataka','Bangalore','Christ University','Department of Professional Studies','static/img/Cognito-2015-Management-Fest-Christ-University-Bengaluru-Karnataka-December-16-18-2015.jpg',1,0,NULL,NULL,NULL,NULL,NULL,NULL,NULL),(50,'Deepak','deepak@globalensolutions.com',9789761928,'National HR Summit a Management Summit','2015-10-31 00:00:00','2015-11-01 00:00:00',3,5,'In this HR Summit, several Human Resources professional from different parts of India and from different fields are expected to participate. The HR Summit will witness presentations and deliberations by Eminent CEO’s, Senior HR Professionals, Researchers, and Academicians.','Indian Institute of Information Technology & Management, Gwalior, Morena Link Road, Gwalior, Madhya Pradesh','Madhya Pradesh','Gwalior','Indian Institute of Information Technology ','ALL DEPARTMENTS','static/img/events_2.jpeg',1,0,NULL,NULL,NULL,NULL,NULL,NULL,NULL),(51,'Deepak','deepak@globalensolutions.com',9789761928,'Varchas 2015','2015-10-29 00:00:00','2015-11-02 00:00:00',5,7,' With a footfall of over 1000, Varchas is north-west India’s biggest sports fest. It is organized over a span of four days by the student community of IIT Jodhpur. With exciting events like pro-nites and marathons, Varchas is sure to give you that adrenaline rush. Varchas will feature the following games:- Athletics, volleyball, cricket, football, tennis, table tennis, squash, basketball, aquatics, chess and badminton. The games will happen in well managed grounds and winners are sure to win some well-deserved fame and exciting prizes. The contingent with maximum point will win the overall championship award.','IIT Jodhpur, Jodhpur, Rajasthan\r\n\r\nOld Residency Road, Ratanada, Jodhpur, Rajasthan, pin-342011','Rajasthan','Jodhpur','IIT','ALL DEPARTMENTS','static/img/Varchas-2015-Sports-Fest-IIT-Jodhpur-Jodhpur-Rajasthan-29-October-2015-to-2-November-2015.png',1,0,NULL,NULL,NULL,NULL,NULL,NULL,NULL),(52,'Deepak','deepak@globalensolutions.com',9789761928,'Antaragni a Culture Fests','2015-10-29 00:00:00','2015-11-01 00:00:00',1,7,'Indian Institute of Technology, Kanpur is one of the most acclaimed centres of learning in the world and undoubtedly the most respected educational institute in India. ANTARAGNI, the Annual Cultural Festival of the Institute is all set to reach hitherto unprecedented heights this year. Antaragni today has firmly established itself as a brand and in its Golden Jubilee i.e. “The 50th edition”, its visibility is going to get even bigger and better than ever. In fest following events will be organized –\r\n\r\n    Dance\r\n    Dramatics\r\n    Musicals\r\n    Fine Arts\r\n    Hindi Lits\r\n    English Lits\r\n    Quiz\r\n    Films & Photography\r\n    Synchronicity\r\n    Junoon\r\n    Ritambhara\r\n    MUN\r\n    ALI\r\n    Mridaksh\r\n    Unplugged\r\n    Prima Nocte\r\n    Synchronicity\r\n    Reverberation\r\n    Blitzkrieg\r\n','IIT Kanpur, Kanpur, Uttar Pradesh','Uttar Pradesh','Kanpur','IIT','ALL DEPARTMENTS','static/img/Antaragni-Culture-Fests-IIT-Kanpur-Kanpur-Uttar-Pradesh-29-October-2015-to-1st-November-2015.jpg',1,0,NULL,NULL,NULL,NULL,NULL,NULL,NULL),(53,'Deepak','deepak@globalensolutions.com',9789761928,'5th National Conference on Emerging Technologies ','2015-11-23 00:00:00','2015-11-25 00:00:00',1,4,'NCETCE-2015 aims to provide a stage for expert technical exchanges and exhibition regarding the advanced technologies, equipments, techniques and innovations applied in field of Computer Engineering. It has attracted governmental officials, multinational experts, managers, researchers and technicians in relevant field to discuss together their ideas and experiences.\r\n\r\nThe Organizing Committee of the NCETCE-2015, with its utmost sincerity, intends to invite all the related experts and scholars in the country to attend the Conference, and to realize the most extensive exchanges and discussion in this field\r\n\r\nTopics are not limited to:\r\n\r\nWeb Applications & Network Security\r\n\r\nData Mining, Data Warehousing & Knowledge Discovery\r\n\r\nArtificial Intelligence, Fuzzy Logic & Genetic Algorithms\r\n\r\nSoftware Engineering & Software Product Development\r\n\r\nImage Processing & Pattern Recognition\r\n\r\nMobile and Pervasive Computing\r\n\r\nHigh Performance Computing\r\n\r\nBig Data Analytics\r\n\r\n','Computer Science Engineering\r\nSKIT, Jaipur-302017, Rajasthan','Rajasthan','Jaipur','SKIT','ALL DEPARTMENTS','static/img/5th-National-Conference-on-Emerging-Technologies-in-Computer-Engineering-NCETCE-2015-SKIT-Jaipur-Rajasthan-23-25-November-2015.jpg',1,0,NULL,NULL,NULL,NULL,NULL,NULL,NULL),(54,'Deepak','deepak@globalensolutions.com',9789761928,'CONCOURS','2015-10-29 00:00:00','2015-11-01 00:00:00',5,7,' Concours is the 2nd largest annual sports festival held in Gujarat where colleges from all across India participate and it witnesses a footfall of around 10,000.\r\n\r\nIt comprises of 9 sports including:\r\n\r\n    Cricket\r\n    Football (Girls and Boys)\r\n    Basketball (Girls and Boys)\r\n    Volleyball (Girls and Boys)\r\n    Lawn Tennis\r\n    Chess (Girls and Boys\r\n    Carrom (Girls and Boys)\r\n    Badminton (Girls and Boys)\r\n    Table Tennis (Girls and Boys)\r\n','Gandhinagar-Ahmedabad Road, Near Indroda Circle, Gandhinagar, Gujarat 382007','Gujarat','Gandhinagar','DA-IICT','ALL DEPARTMENTS','static/img/CONCOURS-Sports-Fest-DA-IICT-Gandhinagar-Gujarat-October-29-to-November-01-2015.png',1,0,NULL,NULL,NULL,NULL,NULL,NULL,NULL),(55,'Pretheev','pretheevraj@gmail.com',8754405589,'Technovanza 15','2015-12-26 00:00:00','2015-12-28 00:00:00',1,6,'Technovanza is the Annual Techno-management Event organized by VJTI. The motto of Technovanza is to educate people about the principles of Engineering and thus spreading the knowledge of Engineering and Technology to the society at large.\r\n\r\nThe event’s popularity has grown in leaps and bounds over the years and last year close to 25000 people from all over the country attended the event, leading to its grand success. To the under-privileged students in schools the social initiative, Pratigya inspires them to become innovative engineers of tomorrow and to make Mumbai a better place to live, Mission Mumbai gives innovative solutions as future engineers to empower the society. Reaching out to students, industry and the society in general, Technovanza 2015 promises to be bigger than ever!\r\n','H. R. Mahajani Marg, Matunga Road, Mumbai, Maharashtra 400019','Maharashtra','Mumbai','Veermata Jijabai Technological Institute VJTI','Veermata Jijabai Technological Institute VJTI','static/img/11892022_10153701134634672_4626537576795432402_n.jpg',1,0,NULL,NULL,NULL,NULL,NULL,NULL,NULL),(56,'pretheev','pretheevraj@gmail.com',8754405589,'Techfest 15-16','2015-12-26 00:00:00','2015-12-28 00:00:00',1,9,'This competition is a part of Aerostrike event organised in Techfest, IIT Bombay which will be held in 26th -28th Dec, 2015. Aviators display their flying skills and the capabilities of their aircraft to spectators with cutting edge manoeuvres usually by means of aerobatics. All students, research scholars, company experts, etc. with a valid identity card of their respective educational institutes/company are eligible to participate in the event. A team can consist of a maximum of 4 participants. Students from different educational institutes can form a team.\r\nAll teams are have to submit the abstract and video (Online or offline) of their RC Plane. The participants need to show their aircraft, the basic functions of their remote control, fly the aircraft with which they will be participating in the event and demonstrate its launch/take off, flight and landing. This video will be used to shortlist teams for the competition. Only short listed teams will be eligible to participate in the Aviator at Techfest 2015-16.','Powai, Mumbai, Maharashtra 400076','Maharashtra','Mumbai','IIT Bombay','IIT Bombay','static/img/50.png',1,0,NULL,NULL,NULL,NULL,NULL,NULL,NULL),(57,'pretheev','pretheevraj@gmail.com',8754405589,' Technical Festival ','2015-12-26 00:00:00','2015-12-28 00:00:00',1,6,'Asia\'s Largest Science and Technology Festival organized by the student community of IIT Bombay. The 19th edition is from 26th-28th December, 2015.\r\nThe aim is to design innovative lamp suitable for study purpose based on solar.\r\nIIT Bombay has initiated a Right to Light program called Million SoUL for providing solar study lamp to each school going student to guarantee to them light for study purpose every evening.so they organised a competition named SoUL.\r\nThe purpose of the competition is to make solar photovoltaic based lamp. This device should be location independent, i.e. adaptable to anywhere in the world and will be used as open source design.\r\nAll participants consisting of students, research scholars, company experts, etc. with a valid identity card of their respective educational institutes/company are eligible to participate in the event are eligible to participate.\r\nThere will be a Forum on website where you can ask any of your queries to expertise after registration.\r\nRules,terms and conditions and other details are given on the http://techfest.org/soul\r\n','IIT Bombay, Powai, Mumbai 400 076, Maharashtra, India','Maharashtra','Mumbai','IIT Bombay','IIT Bombay','static/img/resources-for-hydranoid-techfest-2015-iit-bombay-19-638.jpg',1,0,NULL,NULL,NULL,NULL,NULL,NULL,NULL),(58,'pretheev','pretheevraj@gmail.com',8754405589,'International Robotics Challenge 15','2015-12-26 00:00:00','2015-12-28 00:00:00',1,6,'\r\n\r\nDescription: This competition is a part of International Challenge event organised in Techfest, IIT Bombay which will be held in 26th -28th Dec, 2015.Bots will display their capabilities to coordinate and to solve grid. All students with a valid identity card of their respective educational institutes/company are eligible to participate in the event. A team can consist of a maximum of 5 participants. Students from different educational institutes can form a team.\r\n','Powai, Mumbai, Maharashtra 400076','Maharashtra','Mumbai','IIT Bombay','IIT Bombay','static/img/0.jpg',1,0,NULL,NULL,NULL,NULL,NULL,NULL,NULL),(60,'pretheev','pretheevraj@gmail.com',8754405589,'KRITVA 15\'','2015-10-28 00:00:00','2015-10-16 00:00:00',3,8,'Event Description\r\nLove Cars? For those who are into all things auto, The Marketing Club, IMI New Delhi presents Mahindra AQ!\r\n\r\nA quiz that will have Auto Enthusiasts from across the country revving up to overtake each other in this challenge. Mahindra AQ is more than people demonstrating their auto gyaan. It\'s about auto lovers learning from each other and exploring the exhilarating world of automobiles.\r\n\r\nSo, if you have the spark in you, turn your engines on, unleash the horses and let them conquer.\r\n\r\nRegister in teams of two (The Driver and the Navigator) in full throttle to navigate through the map :\r\n\r\nStart line - Registration (in teams of two - The driver and the navigator)\r\n\r\nCheckpoint 1 - Online Quiz\r\n\r\nCheckpoint 2 – IMI, New Delhi (Final round)\r\n\r\nFinish Line - Goodies, certificates from Mahindra AQ\r\n\r\n\r\nPRIZES \r\n\r\nCertificates and prizes worth INR 50,000 to be won.\r\n \r\n\r\nStudents from both first and second year are welcome to participate in the Mahindra AQ competition. \r\n\r\nLast Date of registrations is 27 September, 2015.','B-10, Qutab Institutional Area, Tara Crescent, New Delhi, Delhi 110016','Delhi','New Delhi','International Management Institute','International Management Institute','static/img/CLBz1BcUkAA9sD3_1.jpg',1,0,NULL,NULL,NULL,NULL,NULL,NULL,NULL),(61,'pretheev','pretheevraj@gmail.com',8754405589,'Dynamic karting Challenge','2015-10-23 00:00:00','2015-10-25 00:00:00',1,6,'Dynamic karting challenge is the Design and fabrication event which is going to organized by the “Association of Innovation and Mectra Engineers “in the first time of Indian history. In DKC the graduate and undergraduate engineering student can participate by designing and fabricating their own go – kart. This competition will consist of several stages of test where the go – kart fabricated by the student will go through several test. After qualifying the tests successfully, the vehicles will have a final race. All the team participated in the event are free to design and fabricate their go – kart according to their imagination but also considering the rules and regulation which is provided by the AIME for student safety. ','New Delhi, Delhi','Delhi','New Delhi','AIME','AIME','static/img/event.jpg',1,0,NULL,NULL,NULL,NULL,NULL,NULL,NULL),(62,'pretheev','pretheevraj@gmail.com',8754405589,'ka-ching 2015 Kaching_ Narsee Monjee Management fe','2016-01-22 00:00:00','2016-01-23 00:00:00',3,5,'The economics fest of NMIMS SAMSOE is here! In it\'s fifth iteration, it\'s bigger and better than ever. With event ranging from hardcore economics, to events with a little bit of fun for everyone! This year is going to be remembered as the best year of Ka-Ching! We promise that you will have your mind tested, your economic knowledge brought to test in a practical manner and your hidden fun side shown to all, in these jam packed days! This page will be updated with debates and polls that everybody can participate in. You will also get to view the madness that will be going on in the college with our photo uploads. Brace yourselves, economists, it\'s going to one hell of a ride!','Mumbai, Maharashtra','Maharashtra','Mumbai','Narsee Monjee Institute For Management Studies','Commerce','static/img/ka-ching.png',1,0,NULL,NULL,NULL,NULL,NULL,NULL,NULL),(63,'pretheev','pretheevraj@gmail.com',8754405589,'Colossus v5.0','2015-10-17 00:00:00','2015-10-18 00:00:00',1,3,'“Colossus” is one of the phenomenal gems of IEEE-ASET. The technical festival was first organized on 21st and 22nd January by IEEE Student Branch of Amity School of Engineering and Technology, Bjiwasan, New Delhi. The fifth version of this technical marathon encompasses 2 online and 12 offline events like t-shirt designing , bouquet foam craving , roborace, robohustle etc. which acts as a platform for nurturing various talents like designing, imagination, programming etc. The two day technical program enjoys colossal success every year and creates unforgettable memories for all people associated with it.\r\n',' 580, Najafgarh Kapashera Rd, Dalmia Vihar, Bijwasan, New Delhi, Delhi 110061','Delhi','New Delhi','Amity School of Engineering and Technology, Bijwas','CSC, IT, ECE','static/img/poster.jpg',1,0,NULL,NULL,NULL,NULL,NULL,NULL,NULL),(64,'pretheev','pretheevraj@gmail.com',8754405589,'Taarangana 16','2016-01-29 00:00:00','2016-01-30 00:00:00',5,7,'It is a 2 day event on January 29-30 and includes a pethora of events in various different arts like singing, dancing, street plays, fashion events, battle of bands, literature etc.\r\n\r\nWe have an online and offline reach of 20k+ and expecting a footfall of above 9k.\r\n\r\nBeing a centrally located college at Kashmere Gate and a renowned university we attract crowd from colleges like IIT Delhi, DTU, NSIT, DU, IP university and many private colleges across Delhi and NCR.','Inter State Bus Terminal, Kashmere Gate, Near Kashmere Gate Metro Station, New Delhi, Delhi 110006','Delhi','New Delhi','Indira Gandhi Delhi Technical University for Women','Indira Gandhi Delhi Technical University for Women','static/img/B7hz6NGCcAAs1KC.jpg',1,0,NULL,NULL,NULL,NULL,NULL,NULL,NULL),(65,'pretheev','pretheevraj@gmail.com',8754405589,'NIRVANA \'15 ','2015-10-17 00:00:00','2015-10-17 00:00:00',3,6,'All Kerala Zero - Waste Management Meet 15\r\n\r\nNIRVANA \'15 conducts a series of events to spread the importance of SOCIAL ENTREPRENEURSHIP - INNOVATIONS WITH A SOCIAL COMMITMENT. An ALL KERALA MANAGEMENT MEET supported by various events !!\r\nCause when we THINK, we INNOVATE, and we MAKE IT HAPPEN !!!','St. Joseph\'s College (Autonomous),\r\nDevagiri Road, Near Medical College Junction, \r\nDevagiri, Ummalathoor, Kozhikode, Kerala 673008','Kerala',' Kozhikode','St. Joseph College (Autonomous), Devagiri','COMMERCE , BBA','static/img/R-368088-1380573208-7888.jpeg.jpg',1,0,NULL,NULL,NULL,NULL,NULL,NULL,NULL),(66,'pretheev','pretheevraj@gmail.com',8754405589,'CALIGO 15','2015-10-19 00:00:00','2015-10-20 00:00:00',3,2,'CALIGO 2015 A superfluity of flabbergasting events to assay and corroborate the caliber of mushrooming profess- ionals.These events at Caligo’15 aim at creating a pool of proficient Management professionals. It creates an arena of young talented budding managers who compete to succeed and make remarkable moments at the fest. Caligo 2014 was accepted and cherished by the South Indian crowd as one of the top rated Management fest attracting a massive 650+ participants from more than 50 colleges.\r\n','SH41, Peermade, Kuttikkanam, Kerala 685531','Kerala',' Kuttikkanam','Marian International Institute of Management','MBA','static/img/download.jpg',1,0,NULL,NULL,NULL,NULL,NULL,NULL,NULL),(67,'pretheev','pretheevraj@gmail.com',8754405589,'KarmAnta 2K15','2015-10-26 00:00:00','2015-10-27 00:00:00',3,2,'KarmAnta 2015’ unfurls a world of flabbergasted events,not only to awe you, but to equip you to face the ever dynamic environment of contingencies...\r\nPresenting the vociferous Fiesta where\r\nWonders Never Cease.......','Vimal Jyothi Institute of Management and Research\r\nKannur\r\nKerala\r\nIndia','Kerala',' Kannur','Vimal Jyothi Institute of Management and Research','MBA','static/img/7292d2cc84843bc3aae602b07be946a3.jpg',1,0,NULL,NULL,NULL,NULL,NULL,NULL,NULL),(68,'pretheev','pretheevraj@gmail.com',8754405589,'Asccend 2K15','2015-10-28 00:00:00','2015-10-29 00:00:00',3,6,'ASCEND 2K15 is this year\'s edition of national level technical symposium conducted by Department of Computer Science and Engineering, Saintgits College of Engineering, Kottayam.\r\nThe event provides all streams of engineering students with various opportunities to show case their technical skills and be recognized while gaining good quality experience.\r\nIt is organized by Exquisite Computer Engineers League, group consisting of Computer Engineering students, in association with CSI chapter of the college.\r\n\r\nThe technical extravaganza for techies, geeks, nerds out there. Come and show off your skills and talents. Let the world know You are You.','Korachankandy, Thenhipalam, Kerala 673635','Kerala','Thenhipalam','DCMS University of Calicut','CSE','static/img/Ascend_2K15.jpg',1,0,NULL,NULL,NULL,NULL,NULL,NULL,NULL),(69,'Deepak','deepak@globalensolutions.com',9789761928,'We Are The World','2015-11-28 00:00:00','2015-11-29 00:00:00',5,2,'The Rotaract Club of H.R. College has been organizing a mega inter-school event called “We Are the World” \r\n\r\nsince the past fourteen years. WE ARE THE WORLD 2015 – The 15th Annual Inter-School International Cultural \r\n\r\nExtravaganza is a platform for school students to showcase their talents in the field of Performing Arts, Fine \r\n\r\nArts, Literary Arts, and other Crossover events in an international theme.\r\n\r\nThis mega affair is unlike any other inter-school event because of its International theme. It is one event that \r\n\r\nhas gained its reputation amongst the school children in Mumbai and it is by far the Biggest Festival for school \r\n\r\nstudents in Mumbai City. Moreover its exclusivity lies in the fact that it is the only festival of its kind which sees \r\n\r\na footfall of over 4000 students under one roof. \r\n\r\nWE ARE THE WORLD 2015 is scheduled to be held on the 28th and 29th November, 2015 (Saturday & Sunday) at St. Stanislaus School, \r\n\r\nBandra.\r\n\r\nEvent Details/Highlights\r\n\r\nDAY 1 - SATURDAY, 29th NOVEMBER, 2014\r\n\r\nNo. Time Event Description AV Participants Venue \r\n\r\n1. 1:00 – 2:30 Breaking Dawn Registration Admin Unlimited Ground \r\n\r\n2. 2:30 – 3:00 The Pursuit of Happyness Inauguration Admin Unlimited Auditorium \r\n\r\n3. 3:00 – 4:00 Get Smart Quiz Eliminations LA 10 teams(2) Classroom \r\n\r\n4. 3:00 – 5:00 The Artist Backdrop FA 1 team(6) Foyer \r\n\r\n5. 3:00 - 5:00 Monalisa Smile Sand Art FA 1 person Foyer \r\n\r\n6. 3:00 – 5:00 Pirates of The Caribbean Treasure Hunt Crossover 1 team(4) All Over \r\n\r\n7. 3:00 – 5:30  Showdown The Game Show Crossover 1 team(2) Classroom \r\n\r\n8. 3:00 – 5:00 Inception Debate LA 1 team (3) Projector Room \r\n\r\n9. 3:00 – 5:00 The Greatest Game Ever \r\n\r\n10. 3:30 – 5:00 A Thousand Words Wordsworth LA 1 person Classroom \r\n\r\n11. 5:30 – 8:00 The Dark Knight Mascot PA 1 person Auditorium \r\n\r\n12. 5:30 – 8:00 Devil Wears Prada Fashion Show PA 1 team(60) Auditorium \r\n\r\n 13.   Ongoing The Class Act Movie PA   Unlimited Auditorium \r\n\r\nWhacky Sport Crossover 1 team (7) Basketball Court \r\n\r\nPlayed \r\n\r\nDAY 2 - SUNDAY, 30th NOVEMBER, 2014\r\n\r\nNo. Time Event Description AV Participants Venue \r\n\r\n1. 8:00 – 9:30 Breaking Dawn Registration Admin Unlimited Foyer \r\n\r\n2.  9:30 – 10:00 The Pursuit of Happyness Day 2 Start Admin Unlimited Auditorium \r\n\r\n3. 10:00 - 12:00 Letters to Juliet Creative Writing LA 1 person Classroom \r\n\r\n4.    10:00 –4:00 Clash of The Titans Whacky Sports Crossover 1 team(8) Ground \r\n\r\n5. 10:00 –11:30 The Hunger Games Cuisine FA 1 team(4) Classroom \r\n\r\n6. 10:00-1:00 The Architect Art Attack FA 1 team(4) Foyer \r\n\r\n7. 12:00-2:00 Mission Impossible Water Counter \r\n\r\n8. 12:00 –1:30 Get Smart 2 Quiz Finals LA Qualified Classroom \r\n\r\n9. 1:30 – 4:30 Gone In 60 Seconds Just a Minute LA 2 people Classroom \r\n\r\n10. 12:00 – 4:00 War of Leaders War of CL Crossover 1 CL Ground \r\n\r\n11. 12:00 – 4:00 Die Hard 4.0 Gaming Crossover Individual Projector Room \r\n\r\n12. 2:00 – 4:00 School of Rock A cappella PA 1 team(8) Auditorium \r\n\r\n13. 4:30 – 7:30 All The Right Moves Dance PA 1 team(60) Auditorium \r\n\r\n14. 7:30 – 8:30 Medal of Honor Valedictory Admin Unlimited Auditorium \r\n\r\n15. Ongoing The Class Act Movie PA 1 team Auditorium ','Rotaract Club of H.R. College\r\nMumbai, Bandra ','Mumbai','Bandra','Rotaract Club of H.R. College','COMMON TO ALL','static/img/logo_12468.jpg',1,0,NULL,NULL,NULL,NULL,NULL,NULL,NULL),(70,'pretheev','pretheevraj@gmail.com',8754405589,'Tathva 15 ','2015-10-29 00:00:00','2015-11-01 00:00:00',3,2,'Tathva is an annual techno-management festival, organized by the National Institute of Technology Calicut at Kozhikode, in Kerala, India, in the month of September or October. It is one of the biggest technical festivals in South India.\r\n\r\nThe festival started as a small-scale technical festival during the era of Regional Engineering Colleges (REC). It has now grown, attracting about 9,000 students in over 50 events and with prize money of around Rs. 1.8million in 2014.\r\n\r\nAimed at inspiring innovation, technical interest among students, and awareness among the public, the event hosts lectures, seminars, workshops, competitions, paper presentations, exhibitions, quizzes, model displays and robotics events.',' NIT CAMPUS PO, Chathamangalam, Kozhikode, Kerala 673601\r\n','Kerala','Kozhikode','National Institute of Technology Calicut','National Institute of Technology Calicut','static/img/Tathva-2013.jpg',1,0,NULL,NULL,NULL,NULL,NULL,NULL,NULL),(71,'Deepak','deepak@globalensolutions.com',9789761928,'International Robotics Challenge','2015-12-25 00:00:00','2015-12-25 00:00:00',1,6,'The main task is to design a manual and autonomous bot which will able to coordinate with each other.Autonomous bot will solve grid by following white lines and avoiding nodes while manual bot will walk over the wooden planks, transfer the block to deposit zone and help the autonomous bot to reach the final position within 6 minutes.\r\n\r\n \r\n\r\nDescription: This competition is a part of International Challenge event organised in Techfest, IIT Bombay which will be held in 26th -28th Dec, 2015.Bots will display their capabilities to coordinate and to solve grid.  All students  with a valid identity card of their respective educational institutes/company are eligible to participate in the event. A team can consist of a maximum of 5 participants. Students from different educational institutes can form a team.\r\n\r\n \r\n\r\nHow to apply: To register\r\n\r\nVisit www.techfest.org -> Competition -> International Challenge ->International Robotics Challenge -> Countries -> Register\r\n\r\nfor eg. Direct link for regisration in India is here:  http://www.techfest.org/ircindia/register','IIT Bombay','Mumbai','Mumbai','IIT ','COMMON TO ALL','static/img/robot.jpg',1,0,NULL,NULL,NULL,NULL,NULL,NULL,NULL),(72,'Deepak','deepak@globalensolutions.com',9789761928,'International Conference on Advances in computing ','2016-03-11 00:00:00','2016-03-11 00:00:00',1,4,'Departments That Are Eligible for Participated In this Fest :\r\n\r\n    Computer Science and Engineering\r\n    Information Technology\r\n    Electronics and Communication Engineering\r\n    Electronics and Electrical Engineering\r\n    Electronics and Computer Engineering\r\n    Electronics and Instrumentation Engineering\r\n    Mechanical Engineering\r\n    Energy\r\n    Metallurgy\r\n    Agricultural\r\n    Medical\r\n    Pharmacy\r\n    Civil Engineering\r\n    Chemical Engineering\r\n    Industrial Production Engineering\r\n    Physics\r\n    Tele Communication\r\n    BioTechnology\r\n    Master of Computer Applications\r\n\r\nEvent Categories In This Fest:\r\n\r\n    Technical\r\n    Conference\r\n    Paper/Poster Presentations\r\n','Anantha Lakshmi Institute of Technology and Sciences\r\nAdityana, Assam','Assam','Adityana','Anantha Lakshmi Institute of Technology and Scienc','COMMON TO ALL','static/img/International_Conference_on_Advances_in_computing_Logic_Technology_and_Sciences.jpg',1,0,NULL,NULL,NULL,NULL,NULL,NULL,NULL),(73,'Deepak','deepak@globalensolutions.com',9789761928,'SANGATI','2015-11-19 00:00:00','2015-10-19 00:00:00',3,4,'IIT SCHOOL OF RURAL MANAGEMENT (KSRM) BHUBANESWAR, a national level institute in the field of rural management offers 2 year post-graduate programs (MBA) in Rural Management. KSRM is organising its Annual Student Conclave\r\n\r\n                              “SANGATI 2015”\r\n\r\n                                                 On 19th November 2015 with the theme\r\n\r\n                                                  “WATER AND SANITATION”\r\n\r\nWith a focus on market based solutions. With the advent of different national schemes on Water and Sanitation, there’s a scope to intervene in this area of serious concern.\r\n\r\nSangati 2015 is conceived as a national level one day event with range of competitions that test both the professional and creative skills of students. Be a part of change that we are aiming to achieve as part of global sustainable development goal (SDG 6)\r\n\r\nWe are glad to extend this invitation to your institution to participate in “SANGATI 2015”.','KIIT School of Rural Management, bhubaneswar','bhubaneswar','bhubaneswar','KIIT School of Rural Management','COMMON TO ALL','static/img/SANGATI.png',1,0,NULL,NULL,NULL,NULL,NULL,NULL,NULL),(74,'pretheev','pretheevraj@gmail.com',8754405589,'WaVes 2K15','2015-10-30 00:00:00','2015-10-30 00:00:00',3,6,'WAVES 2K 15 is an exclusive annual management fiesta organised by School of Management and Entrepreneurship (SME) KUFOS , kochi. There are four events, namely Gold Coast,Zuima,Super Tubes,Lima which aims at testing the management capability with regard to each area of management. Gold Coast ( Best Manager) Zuima ( Business Quiz ) Super Tubes ( Hr Game) Lima ( Marketing Gmae )\r\n','Kannadi Kadu Service Rd, Near Madavana Junction, Panangad, Kochi, Kerala 682506',' Kochi','Kerala','Kerala University of Fisheries and Ocean Studies','MBA','static/img/waves_poster.jpg',1,0,NULL,NULL,NULL,NULL,NULL,NULL,NULL),(75,'Deepak','deepak@globalensolutions.com',9789761928,'P3C - Project Paper Presentation Competition','2015-11-14 00:00:00','2015-11-14 00:00:00',5,6,'Project Paper Presentation Competition [P3C]– a contest for 2014 & 2015 passed out Software / IT branch students. The competition is a proven platform to test knowledge in the form of projects and showcase them to the wide range of professionals.\r\n\r\n \r\n\r\nWideVision has played a dominant role in uprising the students’ talents to the job level. With this event we give students a platform to showcase their projects and in return winners would get handsome perks and job assistance.\r\n\r\n \r\n\r\nIn present scenario, most of the projects done during studies are either left unnoticed afterwards or simply ignored. The time and labor students put needs to be recognized and they should be awarded for their creativity and development.\r\n\r\n \r\n\r\nWhat is required?\r\n\r\nTo be a part of this competition, students will have to submit their academic projects along with complete documentation. Project could be on any platform or language but it should be fully functional and working. While shortlisting projects we would focus on aspects like project idea, functionality, code standard, level of documentation, project uniqueness, designing approach.\r\n\r\n \r\n\r\nPlatform Details\r\n\r\nThe technology sub-categories under the theme “P3C” are:\r\n\r\n1) Desktop (Java, .Net etc)\r\n\r\n2) Web (PHP, .Net etc)\r\n\r\n3) Mobile\r\n\r\na) Cross Platform (Xamarin, Phonegap etc)\r\n\r\nb) Native (iPhone, Android)','WideVision Technologies Ltd.\r\nIndore, Madhya Pradesh','Madhya Pradesh','Indore','WideVision Technologies Ltd.','COMMON TO ALL','static/img/P3C_-_Project_Paper_Presentation_Competition.jpg',1,0,NULL,NULL,NULL,NULL,NULL,NULL,NULL),(76,'Deepak','deepak@globalensolutions.com',9789761928,'Second National Conference on Recent Innovations ','2015-11-07 00:00:00','2015-10-08 00:00:00',1,4,'Second National Conference on Recent Innovations in Engineering and Technology-2015 (NCRIET-2015) to be held at Bheemanna Khandre Institute of Technology (BKIT), Bhalki on 7th & 8 Nov 2015. NCRIET-2015 is organized by Electronics and Communication Engineering Department.\r\nNCRIET-2015 offers a track of quality R&D updates from Students, Engineers, Researchers and Scientists to provide an opportunity in bringing the new technology and perspectives that will contribute to Electronics and Communication Engineering, Mechanical Engineering, Computer Science Engineering and Civil Engineering in the next few years.\r\nAll submitted papers will be under peer review and accepted papers will be published in Indian Journal of Scientific Research (IJSR). Conference Proceedings (Hard Copy) will be published with ISBN and ISSN (IJSR print version). Both academia and industries are invited to present their papers dealing with state-of-art research and future developments.\r\n\r\n','Bheemanna Khandre Institute of Technology, Bhalki','Bhalki','Bhalki','Bheemanna Khandre Institute of Technology','COMMON TO ALL','static/img/Second_National_Conference_on_Recent_Innovations_in_Engineering_and_Technology_2015_NCRIET-2015.jpg',1,0,NULL,NULL,NULL,NULL,NULL,NULL,NULL),(77,'Deepak','deepak@globalensolutions.com',9789761928,' KHANIJ RAJIV GANDHI FEST','2015-11-06 00:00:00','2015-10-08 00:00:00',5,6,'Khanij (minerals) have always defined the era of development the human civilization is in , right from stone age on to iron age ,further to the ongoing oil age. Realizing the quantum of emphasis that this petroleum and oil field command we are organizing KHANIJ’15. \r\n\r\nKHANIJ, the annual science and technology festival of Rajiv Gandhi Institute of Petroleum Technology (RGIPT), is the proactive students effort towards creating an experience that not only exhilarating in its sheer grandeur, but also a trigger for curiosity. Be it the interesting and thrilling workshops, national level competitions and informative guest lectures, Khanij has been successful in bringing together the best there is in oil and gas sector. Khanij has also appealed to the masses through social and environmental issues. Patronized by the market leaders in oil and gas field, Khanij’14 has organized extraordinarily. \r\n\r\nContinuing the legacy Khanij’15 promises to bring along an avalanche of mind rattling events, scintillating workshops and exhibitions, ground breaking demonstrations and much more. Khanij’15 is all geared up to scale new feats and reach for the zenith!','Rajiv Gandhi Institute Of Petroleum Technology\r\nRae Bareli, Uttar Pradesh','Uttar Pradesh','Rae Bareli','Rajiv Gandhi Institute Of Petroleum Technology','COMMON TO ALL','static/img/KHANIJ.jpg',1,0,NULL,NULL,NULL,NULL,NULL,NULL,NULL),(78,'Deepak','deepak@globalensolutions.com',9789761928,' National Students Space Challenge 2015','2015-10-31 00:00:00','2015-11-01 00:00:00',1,6,'National Students\\\' Space Challenge is the sole technical fest of its genre encouraging space enthusiasts to showcase their mettle in various fields of Astronomy and Astrophysics. It was conceived by Space Technology Students’ Society, a group of IITians from various disciplines working towards a common goal of motivating space interest among the student community of India, emerging as one of the major forefronts in the field of space technology. \r\n\r\nThis year NSSC is to be held from 30th October to 1st November. NSSC ’15 promises you 3days of non-stop action witnessing a showdown of ground and underwater robotics, water rocketry, coding, overnight experience and an entire plethora of competitions for the engineering brains out there to bag prizes worth more than 5 lakhs. In addition to this we are having a series of workshops and guest lectures by eminent astronomers and personalities over the globe. We have also provided the students with a chance to participate on-line before the fest through many events. Along with other exciting events there will be Amateur Astrophotography Competition which is first of its kind for college students which will provide a nationwide platform for the students to show their skills and talent.\r\n\r\nNSSC’15 has a blend of many mechanical, robotics, designing and documenting events lined up. All the details regarding various events that will be conducted in NSSC \\\'15 along with their Problem Statements are available at www.nssc.in. There would be many online events launched in the run of NSSC’15.','IIT\r\nKharagpur, West Bengal','West Bengal','Kharagpur','IIT','COMMON TO ALL','static/img/National_Students_Space_Challenge.jpg',1,0,NULL,NULL,NULL,NULL,NULL,NULL,NULL),(79,'Deepak','deepak@globalensolutions.com',9789761928,' 3 Days Workshop on Automotive Design','2015-12-25 00:00:00','2015-12-27 00:00:00',1,1,'Autodesk Alias - User Interface - Applications of Autodesk Alias in Automotive and Product Design - Modelling with Autodesk Alias Demonstration - Theory of Continuity - Construction of Curves - Basic Surfacing.\r\n\r\nProcess Modelling Explained - Warm up Modelling - Brief Workshop Project - Concept Generation/ Sketching - Working with canvas - Concept Modelling with Alias\r\n\r\nFile Preparation - Export and Import - Design Evaluation and Presentation','Industrial Design Academy\r\nChennai, Tamil Nadu','Tamil Nadu','Chennai','Industrial Design Academy','COMMON TO ALL','static/img/3_Days_Workshop_on_Automotive_Design.jpg',1,0,NULL,NULL,NULL,NULL,NULL,NULL,NULL),(80,'pretheev','pretheevraj@gmail.com',8754405589,'Luminance 2k15','2015-11-06 00:00:00','2015-11-07 00:00:00',3,7,' All India Management Fest attended by many B-Schools from all over India. Luminance is a platform for young minds to think hard and emit the light of creativity and knowledge to many.\r\n\r\nWe invite leading players from the industry to join us in this unique event which shows the true competitive spirit , experience and entertainment.','One School Avanue, Pullikkanam, Idukki, Kerala 685503','Kerala','Idukki','DC school of Management and Technology','All Department','static/img/a33.png',1,0,NULL,NULL,NULL,NULL,NULL,NULL,NULL),(81,'Deepak','deepak@globalensolutions.com',9789761928,'ICTTE’16 ','2016-03-25 00:00:00','2016-03-26 00:00:00',1,4,'INTRODUCTION TO CONFERENCE:\r\nInternational Conference on Trends in Technology and Engineering – ICTTE’16 is organized by in association with Arjun College of Technology and International Journal for Trends in Engineering & Technology (IJTET). The aim of the conference is to carry together professionals and researchers from academic to industry to achieve their utilization in the areas and to encourage their development with genuine technology methods. The conference theme concentrates to discover the latest technological innovation, trends in technology and engineering and that are experienced by the professionals with the present strict rules and to convert these complications into prospects. Authors are approved to post original research or system documents on any appropriate topics. These can either be frequent or brief documents.\r\nCALL FOR PAPERS\r\nBudding Technologists, Scientists, Professionals and Research scholars are all invited to present their unique work, researches and practice as technical papers in the international conference beneath the below mentioned sub themes.\r\nThe international conference includes the subsequent scopes for the professionals. The research works within the extent are satisfactory for the appearance in the international conference.\r\nCSE & IT:\r\n• Artificial Intelligences(A.I.) & Pattern/Image Recognitions\r\n• Neural Networks and Biomedical Simulations\r\n• Virtual Visions, 3-D Object Retrievals, & Virtual Simulations\r\n• Data Mining, Web Image Mining, & Applications\r\n• Quality of Services and Communication Protocols\r\n• 3G/4G Network Evolutions\r\n• Mobile Computing for e-Commerce\r\n• Computer Networks\r\n• Cryptography and Foundation of Computer Security\r\n• Authentication/Authorization Issues\r\n• IDS/Firewall, Anti-Spam mail, Anti-virus issues\r\n• Wireless Access Security\r\n• Network Security Applications\r\n• Secure computing\r\n• Biometric authentication and algorithms\r\n• Cloud Computing\r\n• Web Services\r\n• Image processing\r\n• Distributed Computing — P2P, Grid, Cloud\r\n• Data Storage and Processing\r\n• Mobile Computing\r\nElectrical, Electronics and Communication Engineering:\r\n• Singnal amd Image Processing\r\n• Special machine drive and control\r\n• Trends and developments in nano technology\r\n• VLSI Design, Implementation & Application\r\n• Wirelesssensor and networksBio-medical Engineering\r\n• Broadband and Cellular Network\r\n• Electronic Design Automation\r\n• Embedded Systems & Embedded Web Servers\r\n• Evolutionary Computing Applications\r\n• Facts, HVDC and Power Quality\r\n• Health Technology\r\n• Industrial Automation\r\n• Intelligent Controllers\r\n• Optical and Microwave Communication\r\n• Power Electronics & Power Quality\r\n• Power Optimization\r\nCivil, Mechanical Engineering, Mechatronics:\r\n• Soil-Structures Interaction (Static and dynamic)\r\n• Structural Engineering\r\n• Structural Health Monitoring Technologies\r\n• Water Resources Engineering\r\n• Geotechnical analysis and design\r\n• Monitoring of Structures and Buildings\r\n• Aerospace Systems and Technology\r\n• Alternate Fuels & IC Engines\r\n• Automation and Robotics\r\n• CAD/CAM/CAE/FMS\r\n• Computational Fluid Dynamics\r\n• Conceptual Design Support\r\n• Dam Engineering\r\n• Dynamics and Earthquake Engineering\r\n• Eco-Friendly / Sustainable Technologies\r\n• Foundation Engineering\r\n\r\nPAPER SUBMISSION MAIL ID:\r\nsubmission@ictte.co.in','Arjun College of Technology\r\nChettiyakkapalayam, Thamaraikulam,\r\nKinathukkadavu, Neghamam Main road,\r\nCoimbatore - 642 120, Tamil Nadu.','Tamil Nadu','Coimbatore','Arjun College of Technology','COMMON TO ALL','static/img/index.jpeg',1,0,NULL,NULL,NULL,NULL,NULL,NULL,NULL),(82,'pretheev','pretheevraj@gmail.com',8754405589,'Ramsayana 2015','2015-11-11 00:00:00','2015-11-12 00:00:00',3,5,'RAMSAYANA 2015 is going to be a unique and remarkable management event with the presence of eminent personalities and the participation of management students all across south India, organised by RAMS B- SCHOOL. This event will bring out the intellectuals inside the budding managers.\r\nRAMSAYANA 2015 has imbibed the team that call up in us especially the trendy ones to change the life style to say goodbye to all life style diseases. Let us together march forward holding the motto of this play card tight to our hearts so as to up root all diseases caused by our moving away from nature.','Rural Academy for Management Studies, Ayyampilly Cherai\r\nErnakulam\r\nKerala\r\nIndia','Kerala','Ernakulam','Rural Academy for Management Studies','MBA','static/img/logo.jpg',1,0,NULL,NULL,NULL,NULL,NULL,NULL,NULL),(83,'Deepak','deepak@globalensolutions.com',9789761928,'INDIACom- 2016 ','2016-03-16 00:00:00','2016-03-18 00:00:00',3,4,'INDIACom-2016 is aimed at inviting original research papers in the field of, primarily, Computer Science and Information Technology and, generally, all interdisciplinary streams of Engineering Sciences, having central focus on sustainable computing applications, which may be of some use in enhancing the quality of life and contribute effectively to realize the nations’ vision of sustainable inclusive development using Computing.\r\nThis special session on Opinion Mining and Sentiment Analysis will provide an international forum for researchers in the field of machine learning for opinion mining and sentiment analysis to share information on their latest investigations in social information retrieval and their applications both in academic research areas and industrial sectors.','Bharati Vidyapeeth’s Institute of Computer Applications and Management \r\n New Delhi, Delhi',' New Delhi',' New Delhi','Bharati Vidyapeeth’s Institute of Computer Applica','BIOTECHNOLOGY','static/img/GR.jpg',1,0,NULL,NULL,NULL,NULL,NULL,NULL,NULL),(84,'Deepak','deepak@globalensolutions.com',9789761928,'International Conference on Inter Disciplinary','2016-02-12 00:00:00','2016-02-13 00:00:00',1,4,'International Conference on Inter Disciplinary Research in Engineering and Technology 2016\r\nICIDRET 2016 is a main annual research conference aimed at presenting new improvements and technologies in interdisciplinary areas at various levels. The conference will be held every year to make it an ideal platform for people to share views and experiences. With many experts the technological improvements are encouraged for fostering the Research in E&T.\r\n','DSIIDC, Govt. of NCT of Delhi,,\r\nConnaught Circus,\r\nNew Delhi - 110001, India. Asia','New Delhi','New Delhi','DSIIDC','COMMON TO ALL','static/img/GR_1.jpg',1,0,NULL,NULL,NULL,NULL,NULL,NULL,NULL),(85,'Deepak','deepak@globalensolutions.com',9789761928,'Taarangana 16 ','2016-01-29 00:00:00','2016-01-30 00:00:00',1,7,'It is a 2 day event on January 29-30 and includes a pethora of events in various different arts like singing, dancing, street plays, fashion events, battle of bands, literature etc.\r\n\r\nWe have an online and offline reach of 20k+ and expecting a footfall of above 9k.\r\n\r\nBeing a centrally located college at Kashmere Gate and a renowned university we attract crowd from colleges like IIT Delhi, DTU, NSIT, DU, IP university and many private colleges across Delhi and NCR.','Indira Gandhi Delhi Technical University for Women\r\nNew Delhi, Delhi','New Delhi','New Delhi','Indira Gandhi Delhi Technical University for Women','COMMON TO ALL','static/img/1-College-Events.jpg',1,0,NULL,NULL,NULL,NULL,NULL,NULL,NULL),(86,'Deepak','deepak@globalensolutions.com',9789761928,' Nerdz 2k15 ','2015-11-17 00:00:00','2015-10-19 00:00:00',1,7,'The Department of Computer Science, Jamia Hamdard, organizing the most awaited Annual IT fest - NERDZ \'15.\r\nThis is the moment, the time whilst the Department is stormed with activities, the rest of the varsity eagerly awaits the thrilling extravaganza with arms wide open.\r\nThis of course, is not exaggeration but ground reality.\r\nNerdz 2015 will be hosted by the department of computer science , FET.\r\nNerdz is an integral part of the computer science department and is necessary for building a strong and vibrant base, which will help in building strong image of our computer science department, so that our students can get a good launching pad.\r\n\r\nFashion Show Ethnic Fashion Show 500\r\nDancing feet Dance Competition 500\r\nClash of Maestros Bands 1500\r\nAntakshari Singing battle 100\r\nGunjan Singing Competition 100\r\nRang Manch Street Play 500\r\nDumb Charades Acting 100\r\nDrop The Bass DJ Competition 1000\r\nSFM Short Film Making 200\r\nStand up Act 200\r\nLensography Photography 200\r\nRobotech Robot 500\r\nInnovative Ideas 100\r\nTurn Coat Non technical Quiz 100\r\nCodethon Coding event 100\r\nTech quiz Technical Quiz competition 100\r\nCapture The Arena Gaming Event 100\r\nGray hats Hacking 100\r\nMAD Mobile App Development 100\r\n','Jamia Hamdard\r\nHamdard Nagar, New Delhi, Delhi 110062','New Delhi','New Delhi','Jamia Hamdard','Computer Science and Engineering','static/img/1-College-Events_1.jpg',1,0,NULL,NULL,NULL,NULL,NULL,NULL,NULL),(87,'Deepak','deepak@globalensolutions.com',9789761928,'Momentum 2015','2015-10-29 00:00:00','2015-10-31 00:00:00',5,7,'Momentum is all about the college fest where we provide the mass and velocity. From the brain storming sessions in debates and quizzes to exhilarating events like Fashion Show and Histrionis, these are some top of the line shows. It also hosts long cultural programmes which include dance competitions, solo and duet singing competition, dramatics, rangoli shows, jam sessions, Mr. and Mrs. Momentum, street dance, fashion show and one act plays with the crowd swaying to the tunes of the leading DJs of country.\r\n\r\nOnstage\r\nMr. And Ms. Momentum\r\nSolo Singing\r\nDuet Singing\r\nComedy Ka Adda\r\nMr. NCU\r\nFusion Studio\r\nQawalli\r\nPlay\r\nSolo Dance\r\nCouple Dance\r\nGroup Dance\r\nStreet Dance\r\nRockshow\r\n\r\nOff Stage\r\nCollage Making\r\nAd Mad\r\nRangoli Making\r\nDirectors Cut\r\nMehendi Design\r\nCartoon Design\r\nGully Cricket\r\nFace Painting\r\nTee It\r\nTreasure Hunt\r\n3 Point Shootout\r\nGraffiti\r\nLan Gaming\r\nTatoo Trivia\r\nBolluwood Ka Tadka\r\nFace The Press\r\nFootball Freniy\r\nChef D NCU\r\nZorbing\r\nIntercollege Street Play\r\nBest Fb Dp\r\nCamp Zero\r\nWar Of Dj and many more.....','The Northcap University Gurgaon\r\n Gurgaon, Haryana','Haryana','Gurgaon','The Northcap University Gurgaon','COMMON TO ALL','static/img/1-College-Events_2.jpg',1,0,NULL,NULL,NULL,NULL,NULL,NULL,NULL),(88,'Deepak','deepak@globalensolutions.com',9789761928,'Indo Asian Solar Challenge 2016','2016-04-03 00:00:00','2016-04-07 00:00:00',5,9,'Designing and fabrication of a single seated vehicle powered by a DC motor which can run miles after miles and the potential\'s of universal energy. Such innovative research and development requires comprehension that can introduce a trend stellar automotive locomotion. Indo Asian Solar Challenge claims to be one of the most dignified and prestigious event in that arena and tempts the world\'s renowned technical universities and colleges.It is a moment of pride and gratification that Indian govt has rendered their valuable suggestion and recognized our efforts of making this dream of green revolution come somewhat true. After the previous successful venture of Indo Asian Solar Challenge -2015, RISC-LPU is all set to bloom and nurture the skills of budding engineers all around the globe in their second outing. On this outing of Indo Asian Solar Challenge 2016, the dynamic race will be 100-130 km. It has generated our intention of bringing innovation and newer aspects in this challenge. Hope this very occasion it reaches new heights and dimensions.','Lovely Professional University, \r\nJalandhar-Delhi, G.T. Road (NH-1), Phagwara, \r\nPunjab (INDIA) -144411.\r\n','Punjab','Phagwara','Lovely Professional University','COMMON','static/img/1-College-Events_3.jpg',1,0,NULL,NULL,NULL,NULL,NULL,NULL,NULL),(89,'Deepak','deepak@globalensolutions.com',9789761928,'techNITi\'15 v.2 ','2015-11-05 00:00:00','2015-11-08 00:00:00',1,6,'techNITi call it the \'passion for innovation\' or a \'celebration of creativity\'- it\'s all about setting our wildest dreams\r\nand passion into motions.\r\n\r\ntechNITi is annual techno-managerial festival of NIT Jalandhar. It is a opportunity for students all over the country\r\nfrom diversity of fields to unite and celebrate our various identities cojoined as one!\r\n\r\nStarted in 2006- techNITi has now recognized as the biggest festival of its kind in the north zone.Over, the years,\r\ntechNITi has been giving thousands of students a platform to express in the form of Coding,Robotics,Automotives,\r\nQuest,Music,Dance,Photography,Lan Gaming, and more!\r\n\r\nWith cash distribution of 12,00,000+,techNITi\'15 V.1 witnessed the highest ever participation and all an all time\r\nhigh level of enthusiasm among the participants.Team techNITi is dedicated towards delivering the its best of best\r\nto the fest with more than 90+events,10+Mega events and 8 Pro-Shows this year\r\n\r\nEvent Caption:\r\nNorth India\'s Larget techno-managerial fest\r\nEvent Theme:\r\nEvolution of science: from Vedas to Digital India','NIT Jalandhar\r\nNH-1, Jalandhar, Punjab','Punjab','Jalandhar','NIT','COMMON','static/img/GR_2.jpg',1,0,NULL,NULL,NULL,NULL,NULL,NULL,NULL),(90,'Deepak','deepak@globalensolutions.com',9789761928,'CU FEST \'15','2015-10-30 00:00:00','2015-10-31 00:00:00',5,7,'CU Cultural Fest is back with a bang from 30th October to 31st October 2015. A perfect stage for talent, brilliance and intelligence, this is the roller coaster every techie dreams of. One of the most successful cultural fests across the country, CU National Cultural Fest 2015 is bound to be bigger, and better than ever before - as it goes a reinvention, combining the technical and the entrepreneurial under one roof.\r\n\r\n Events in Mohali:\r\n+ Modeling\r\n+ Fashion Fiesta\r\n+ War of the Band\r\n+ Rock the Floor\r\n+ Rj Raid – Rj Hunt\r\n+ Dil Se Re - Solo Singing\r\n+ Sur Kshetra\r\n+ Mile Sur Mera Tumhara\r\n+ Magical Harmony\r\n+ Thunder Tappers\r\n+ Jam Ke Rakhna Qadam\r\n+ Punjabi Virsa\r\n+ Phulkari\r\n+ Qadam Mila Ke\r\n+ Dance to Express\r\n+ Al’Sharah\r\n+Sonu Kakkar LIVE\r\n+Sanha Mouditty LIVE\r\n+Keerthi Sagthia LIVE\r\n+Gajender Phogat LIVE','Chandigarh University\r\nMohali, Punjab','Punjab','Mohali','Chandigarh University','COMMON','static/img/1-College-Events_4.jpg',1,0,NULL,NULL,NULL,NULL,NULL,NULL,NULL),(91,'Deepak','deepak@globalensolutions.com',9789761928,'SLDC -2015 ','2015-10-29 00:00:00','2015-10-31 00:00:00',5,4,'American Society of Mechanical Engineers( ASME) India’s Student Led Design Conference (SLDC 2015) Is a Zonal Level Conference.\r\nZone 1\r\nJammu and Kashmir,Punjab,Himachal Pradesh,Uttarakhand.\r\n\r\nEvent Caption:\r\nWhere Design Meets Challenge!\r\nEvent Theme:\r\nIdentify a Problem. Edify a Solution.','Lovely Professional University,\r\nJalandhar-Delhi, G.T. Road (NH-1),\r\nPhagwara, Punjab (INDIA)-144411.','Punjab','Phagwara','Lovely Professional University','COMMON','static/img/1-College-Events_5.jpg',1,0,NULL,NULL,NULL,NULL,NULL,NULL,NULL),(92,'Deepak','deepak@globalensolutions.com',9789761928,'Youth Vibe 15 ','2015-10-27 00:00:00','2015-10-31 00:00:00',5,5,'Cultural Events-Music,Dance,Lifestyle,Fine arts,Theatre.\r\nTechnical\r\nBusiness & Management Events\r\nSports-Cricket,Volleyball,Football,Basket ball,Chess,Table tennis.\r\nMedia Events\r\nSocial Events\r\nLiterary Events\r\n\r\nYouth Vibe 15 Pro Shows :\r\nCampus princess Stunt Show Armageddon Paridhan-The fashion parade\r\n','Lovely Professional University\r\n Jalandhar, Punjab','Punjab','Jalandhar','Lovely Professional University','COMMON','static/img/1-College-Events_6.jpg',1,0,NULL,NULL,NULL,NULL,NULL,NULL,NULL),(93,'Deepak','deepak@globalensolutions.com',9789761928,'ENTHUSIA_2015','2015-12-01 00:00:00','2015-12-20 00:00:00',1,6,'Enthusia- the annual, national level sports festival of V.J.T.I is the most awaited sports festival in the city. With over 100 colleges participating and with a footfall of 10,000 that increases every year, Enthusia hosts a variety of sports and workshops. Enthusia provides a platform for college students to showcase their skills and sporting talents . Graced with some of the best sports facilities one could ask for, this sports festival is sure to set your heartbeat racing, and give you that adrenaline rush!\r\n\r\nSports Events:\r\nOutdoor Sports:\r\nCricket, Basketball, Football, Lawn Tennis, Kho-kho, Kabaddi, Volleyball, Aquatics, Athletics,etc.\r\n\r\nIndoor Sports:\r\nBadminton, Chess, Carrom,Anti- Chess, etc\r\n\r\nDepartments That Are Eligible for Participated In this Fest :\r\n\r\n    Computer Science and Engineering\r\n    Information Technology\r\n    Electronics and Communication Engineering\r\n    Electronics and Electrical Engineering\r\n    Electronics and Computer Engineering\r\n    Electronics and Instrumentation Engineering\r\n    Mechanical Engineering\r\n    Energy\r\n    Metallurgy\r\n    Agricultural\r\n    Medical\r\n    Pharmacy\r\n    Arts and Science\r\n    Civil Engineering\r\n    Chemical Engineering\r\n    Industrial Production Engineering\r\n    Physics\r\n    Law\r\n    Tele Communication\r\n    Commerce\r\n    BioTechnology\r\n    Master of Business Administration\r\n    Master of Computer Applications\r\n    we got some error\r\n\r\nEvent Categories In This Fest:\r\n\r\n    Sports\r\n','Veermata Jijabai Technological Institute VJTI\r\nMumbai, Maharashtra','Maharashtra','Mumbai','Veermata Jijabai Technological Institute VJTI','ALL DEPARTMENTS THAT ARE ELIGIBLE','static/img/ENTHUSIA.jpeg',1,0,NULL,NULL,NULL,NULL,NULL,NULL,NULL),(94,'Deepak','deepak@globalensolutions.com',9789761928,'UCC 2015 ARDL __ Space Event India','2016-01-31 00:00:00','2016-01-31 00:00:00',5,6,'Mission Overview\r\n\r\nThe mission is to launch an autonomous CanSat with a deployable lander containing a payload (size and weight of an egg). The CanSat consists of two parts, the carrier and the lander. The carrier holds & releases the lander. The term “CanSat” shall refer to complete system - the carrier and lander.\r\n\r\nThe CanSat will be deployed from a launch vehicle at an altitude of 400 to 500 meters. Once released, the CanSat shall descend at 10 meters per second using any type of passive descent control system or device. At 150 meters altitude, the CanSat carrier shall release the lander that contains the payload. The lander shall land without damaging the payload. The lander cannot free fall and it must contain a descent control system or device to reduce the descent rate to less than 5 meters per second. The carrier telemetry data should be stored on-board for post processing in the event of a communication failure.\r\n\r\nTeams must build their own ground station. Telemetry from the carrier shall be displayed, in real-time, on a team developed ground control station.\r\n\r\n \r\n\r\nQuick Guide\r\n\r\n \r\n\r\n    The team is required to design the entire module comprising of systems like Payload Unit, On Board Computer & Software Development, Telemetry & GPS Tracking, Command & Data Handling, Ground Station Control, Housekeeping & Descent Control, Power Unit & Circuitry, Structure & Payload Health Unit and others related.\r\n\r\n \r\n\r\n    The main objective of the competition is to launch your designed payload to a certain altitude and put your system to real test environment with secondary objectives to acquire the payload data and perform given tasks.\r\n\r\n \r\n\r\n    The payload design has to be done and procured by your team which will later be mounted on your fabricated structure model. We are looking for interesting and innovative payload concepts and the most innovative experiments will make it to top.\r\n    The first step of the launch is to load your structure/payload to the given casing of the launch vehicle which will deploy the CanSat at the given altitude.\r\n\r\n \r\n\r\n    The CanSat (Cylinder of 10cm diameter-20cm height & 500 grams weight) will be attached to the primary parachute’s shrouds.\r\n\r\n \r\n\r\n    The Carrier has to begin transmitting live payload data to the ground station and the data needs to be displayed graphically as well has to be stored on board for post processing of lost data. GPS tracking sequence also has to be initiated before the launch.\r\n\r\n \r\n\r\n    Upon reaching the final countdown and after launching, the Tracking team has to start monitoring the trajectory of the CanSat and follow its trail after the launch for the recovery using GPS trackers, ground station data and radio data. Remember, the module can go far away.\r\n\r\n \r\n\r\n    After the crossing of 400 m altitude, the CanSat will be deployed from the Launch Vehicle the CanSat starts its experiment from then.\r\n\r\n \r\n\r\n    Role of the descent system begins where the descent rate has to be maintained at an average of 10 m/s using parachutes designed by you.\r\n\r\n \r\n\r\n    Upon descending to an altitude of 150m, the lander will have to be deployed/released off from the Carrier and it should perform its task as selected by your team.\r\n\r\n \r\n\r\n    The locating beacon i.e. the buzzer has to be of very high intensity and should initiate after crossing 200m mark. The parachute color also should be selected properly so that the module can be located visually very easily.\r\n\r\n \r\n\r\n    After successful recovery of the module, the team need to get back to launch site for data collection and after that the team will be given 1 day time to prepare the Post Flight Review.\r\n\r\n \r\n\r\n    Collective marks of Preliminary Design Review, Critical Design Review, Launch Achievements and Post Flight Review will decide the winner of the competition.\r\n','ARDL\r\nBangalore, Karnataka','Karnataka','Bangalore','ARDL','ALL DEPARTMENTS THAT ARE ELIGIBLE','static/img/University_CanSat_Challenge_2015.png',1,0,NULL,NULL,NULL,NULL,NULL,NULL,NULL),(95,'Deepak','deepak@globalensolutions.com',9789761928,'Ray Festival 2015 ','2015-12-15 00:00:00','2015-12-20 00:00:00',5,7,'Ray - A journey through the lens, is the annual intercollegiate media festival of Bhavan\'s college, Andheri west.\r\nIt is one of the top media festivals of Mumbai that takes place in the month of December.\r\nIn its 7th glorious year, we have expanded our horizon and took the standard of it on a whole new level.\r\n\r\nDepartments That Are Eligible for Participated In this Fest :\r\n\r\n    Arts and Science\r\n    Media\r\n\r\nEvent Categories In This Fest:\r\n\r\n    Management\r\n    Sports\r\n    Literary\r\n    Workshop\r\n    Online\r\n    Live In Concerts\r\n    Short Movies\r\n    Photography\r\n','Bhavans College\r\nMumbai, Maharashtra','Maharashtra','Mumbai','Bhavans College','ALL DEPARTMENTS THAT ARE ELIGIBLE','static/img/Ray_-_A_Journey_Through_The_Lens_.jpg',1,0,NULL,NULL,NULL,NULL,NULL,NULL,NULL),(96,'Deepak','deepak@globalensolutions.com',9789761928,'ka-ching 2015','2016-01-22 00:00:00','2016-01-23 00:00:00',5,6,'The economics fest of NMIMS SAMSOE is here! In it\'s fifth iteration, it\'s bigger and better than ever. With event ranging from hardcore economics, to events with a little bit of fun for everyone! This year is going to be remembered as the best year of Ka-Ching! We promise that you will have your mind tested, your economic knowledge brought to test in a practical manner and your hidden fun side shown to all, in these jam packed days! This page will be updated with debates and polls that everybody can participate in. You will also get to view the madness that will be going on in the college with our photo uploads. Brace yourselves, economists, it\'s going to one hell of a ride!\r\nAnd please share this page with your friends, and encourage them to interact with it! We don\'t bite.','Narsee Monjee Institute For Management Studies\r\nMumbai, Maharashtra','Maharashtra','Mumbai','Narsee Monjee Institute For Management Studies','ALL DEPARTMENTS THAT ARE ELIGIBLE','static/img/ka-ching_1.png',1,0,NULL,NULL,NULL,NULL,NULL,NULL,NULL),(97,'Deepak','deepak@globalensolutions.com',9789761928,'SYNAPSE 2016','2016-02-25 00:00:00','2016-02-28 00:00:00',5,7,' Synapse is a celebration - a celebration of culture, technology and life.it is about relishing the underlying, inherent conjuction of the three in an electrifying atmosphere. it is one of the most prominent college fest of Gujarat, and has consistently enthralled the youth by its sheer techno-cultural magic over the years. The way we see it, it\'s not just a college fest - it is a celebration; a spectacle of our talent, aspiration, creativity and vision. The sound of the cheers can rise so high ear that you may have to cover your ears. The enthusiasm of a good crowd is unbeatable.\r\n\r\n    Synapse is the annual techno-cultural fest of the Dhirubhai Ambani Institute of Information and Communication Technology, Gandhinagar, Gujarat. It is a four-day long event held in the even semester each year and is attended by students from across all India.With events including cultural, technical, literature, gaming, business, debate, quiz, workshops and many-more.it presents the perfect platform to expose the participants to healthy competition and also bag prizes while they are at it.','Dhirubhai Ambani Institute Of Information And Communication Technology\r\nGandhinagar, Gujarat','Gujarat','Gandhinagar','Dhirubhai Ambani Institute Of Information And Comm','ALL DEPARTMENTS THAT ARE ELIGIBLE','static/img/SYNAPSE_2016.jpg',1,0,NULL,NULL,NULL,NULL,NULL,NULL,NULL),(98,'Deepak','deepak@globalensolutions.com',9789761928,'Arohan 15 ','2015-10-24 00:00:00','2015-10-26 00:00:00',1,7,'AROHAN’15 - NITIE Annual Cultural Festival from 24th-26th October, 2015 under the umbrella of AVARTAN - the NITIE Business Confluence.\r\n\r\nThe 3 day extravaganza is a confluence of Art, Culture and Entertainment. With a plethora of events, the fest is an opportune platform to showcase your skills to the world.\r\n\r\nBe a part of one of the biggest cultural fests in India. We enthusiastically look forward to your participation','NITIE, Vihar Lake Marg, \r\nNear The Residence Hotel, Powai, \r\nMumbai, Maharashtra 400087\r\n','Maharashtra','Mumbai','National Institute of Industrial Engineering NITIE','ALL DEPARTMENTS THAT ARE ELIGIBLE','static/img/image.php.jpeg',1,0,NULL,NULL,NULL,NULL,NULL,NULL,NULL),(99,'Deepak','deepak@globalensolutions.com',9789761928,'Chakravyuh 2015 ','2015-10-23 00:00:00','2015-10-25 00:00:00',5,9,'Since its inception 12 years ago, it has blossomed in to one of the most popular Sports Festivals of the country. As the name suggests, Chakravyuh is a display of stunning sporting fever. Chakravyuh has come to be the centre stage for display of the latent talent in the Indian Sportsmen studying at various technical institutes of the country. Over the years, Chakravyuh has redefined qualities like ‘hard work’ , ‘persistence’,determination’ and ‘self-confidence’.\r\n\r\nWith participation from over 80 technical institutes including the IITs, NITs and other premier Engineering colleges, Chakravyuh has established itself in most record books as the most widely attended sports festival in India. With the total number of participants over 500 every year, Chakravyuh has played a perfect host to sportsmen across the country.','IMS Engineering College\r\nNH-24, Adhyatmik Nagar, Near Dasna,\r\nDistt: Ghaziabad. Uttar Pradesh-201009.\r\nPhone: (91)120-2769661, 2769662, 2769663 , 3013800 Fax: 0120-2769235\r\nE-mail: imsec@imsec.ac.in, director@imsec.ac.in\r\n','Uttar Pradesh','Ghaziabad','IMS Engineering College','ALL DEPARTMENTS THAT ARE ELIGIBLE','static/img/image.php_1.jpeg',1,0,NULL,NULL,NULL,NULL,NULL,NULL,NULL),(103,'Deepak','deepak@globalensolutions.com',9789761928,'EUPHORIA 16 ','2016-01-09 00:00:00','2016-01-10 00:00:00',1,7,'\r\nList of Events\r\n1. Dance (Solo / Group/adaptive)\r\n2. Music ( Solo /Group /Instrumental)\r\n3. Admad (Mad Ads )\r\n4. Fashion hunt (Fashion competition). 5.Cini Quiz\r\n6. Art Events (Face painting, Pot painting)\r\n7. Dubsmash (ur fav dialogues)\r\n8. Siricha pochu\r\n9. Mime,variety\r\n10. CIT Selfie\r\n11.Mr/Ms. EUPHORIA\r\n12. Other Events (pot breaking / video game/Fun events /Rope pulling/mehandi/Creativity/ treasure Hunt/Stylish signature)\r\n13. Other Surprise Events','Coimbatore Institute of Technology\r\nCoimbatore, Tamil Nadu','Tamil Nadu','Coimbatore','Coimbatore Institute of Technology','ALL DEPARTMENTS THAT ARE ELIGIBLE','static/img/tech-fest_3.jpg',1,0,NULL,NULL,NULL,NULL,NULL,NULL,NULL),(104,'Deepak','deepak@globalensolutions.com',9789761928,'Plinth 16 ','2016-01-22 00:00:00','2016-01-24 00:00:00',1,8,'PLINTH is the annual inter-collegiate Techno-Management-Literary Festival of The LNMIIT, Jaipur. It encompasses and transcends the boundaries of science and technology, bringing to its audience a truly enriching experience. True to its name, its endeavour is to provide a \'platform\' to the youth to showcase their talents and skill sets in fierce competitions, display cutting edge technology and research from all over the country, showcase a perfect blend of entertainment and technology, have world renowned personalities interact with thriving young minds and foster\r\nsolutions to alleviate the common man of his banal yet significant problems, and include one and all to get inspired and look up to.In a nutshell, PLINTH 2016 promises to keep participants from all walks and tastes occupied for an awesome 3-day experience. ','The LNM Institute of Information Technology\r\nJaipur, Rajasthan','Rajasthan','Jaipur','The LNM Institute of Information Technology','ALL DEPARTMENTS THAT ARE ELIGIBLE','static/img/images.jpeg',1,0,NULL,NULL,NULL,NULL,NULL,NULL,NULL),(105,'Deepak','deepak@globalensolutions.com',9789761928,'Amalthea 2015 ','2015-10-24 00:00:00','2015-10-25 00:00:00',1,5,'Amalthea is the annual technical summit of IIT Gandhinagar. It is founded in the year 2010. Amalthea is the symbol of prosperity and abundance. Our aim is to nurture the world. The focus is purely on spreading technical knowledge suffusing enthusiasm in minds to work for the greater human good. Bringing together the best minds from Industrial and Academic worlds, Amalthea promises to satisfy every enthusiast through beneficial interaction and imparting scientific and technical knowledge. Providing an avenue for showcasing innovative products, we anticipate the best technology to unveil here. Moving minds with intellectual stimulation like no other event could is where we see Amalthea in a few years.\r\nVision:\r\n1. We aspire to become the hub for interaction and knowledge sharing between the industrial and academic world.\r\n2. We aim to take forward the baton of tomorrow’s engineering leadership by providing opportunities to individuals for being potential industry attachments and recruits of the most sought after industry learning experiences.\r\n\r\n3. With special emphasis on the mainstream issues in India in particular and the world at large, Amalthea also focuses on the development agendas which are the need of the hour.\r\n\r\n4. We believe that in order to bring out the best of each contributing member, freedom to execute what he/she believes in is of utmost importance.\r\n\r\n5. We persevere to stay on the path destined for the highest levels of professional standards and achieve the relentless execution of every goal set.\r\n\r\n6. We take pride that in our ability to create means that enable the realization of highest of goals (Sky is the Limit) and standards set by IIT Gandhinagar.\r\n\r\n7. We believe that the success and “harnessability” of Amalthea is a function of student involvement. Hence, IIT Gandhinagar student body believes their contributions in terms of ideas and efforts will enrich and add to the value to the Amalthea experience.\r\n\r\nEvent Caption:\r\nProsperity Through Technology\r\nEvent Theme:\r\nTowards The Future','Indian Institute of Technology Gandhinagar (Palaj Campus), Simkheda, Gandhinagar- 382355','Gujarat','Gandhinagar','Indian Institute of Technology ','ALL DEPARTMENTS THAT ARE ELIGIBLE','static/img/Cultural_Activity_Logo.jpg',1,0,NULL,NULL,NULL,NULL,NULL,NULL,NULL),(106,'Deepak','deepak@globalensolutions.com',9789761928,'Primicerius 2015 ','2015-12-10 00:00:00','2015-10-11 00:00:00',3,6,'Bhavan’s Vivekananda Degree College will be hosting Primicerius 2015, a management fest organised by the Department of Commerce.\r\n\r\nOur college has been listed as one of the most reputed colleges and lived up to its quality services from the past 20 years & has been certified as an ‘A’ Grade Institution by NAAC and also has gained Autonomy. Now, for the fourth consecutive time, we present to you a Management Fest by the students of B.Com Honors.\r\n\r\nWe cordially invite the undergraduate students of your esteemed institution to be a part of Primicerius ’15 going to be held in the month of December 2015.','Bhavans Vivekananda Degree College\r\nHyderabad, Telangana','Hyderabad','Telangana','Bhavans Vivekananda Degree College','ALL DEPARTMENTS THAT ARE ELIGIBLE','static/img/images_1.jpeg',1,0,NULL,NULL,NULL,NULL,NULL,NULL,NULL),(107,'Deepak','deepak@globalensolutions.com',9789761928,'Inbloom 2016 ','2016-02-04 00:00:00','2016-02-05 00:00:00',5,7,'Inbloom is a National Level Cultural Fest.','Christ University,\r\nBengaluru, Karnataka','Karnataka','Bengaluru','Christ University,','ALL DEPARTMENTS THAT ARE ELIGIBLE','static/img/tech-fest_4.jpg',1,0,NULL,NULL,NULL,NULL,NULL,NULL,NULL),(108,'Deepak','deepak@globalensolutions.com',9789761928,'Pravega \'16 ','2016-01-29 00:00:00','2016-01-31 00:00:00',1,7,'Pravega is the annual science, technology, and cultural fest of the Indian Institute of Science, Bangalore (IISc).\r\n\r\nIn its conception, it is the first and the largest of its kind, and is designed to attract those students who are the brightest, most creative, and most passionate about knowledge of any form. It will grow into a platform for the methodical science and experience of IISc to mingle with the exuberant and keen nature of the youth of India, each gaining from their interaction with the other.','Indian Institute of Science Bangalore\r\nBengaluru, Karnataka','Karnataka','Bangalore','Indian Institute of Science Bangalore','ALL DEPARTMENTS THAT ARE ELIGIBLE','static/img/Cultural_Activity_Logo_1.jpg',1,0,NULL,NULL,NULL,NULL,NULL,NULL,NULL);
/*!40000 ALTER TABLE `postevent_postevent` ENABLE KEYS */;
UNLOCK TABLES;

--
-- Table structure for table `postevent_postevent_event_keywords`
--

DROP TABLE IF EXISTS `postevent_postevent_event_keywords`;
/*!40101 SET @saved_cs_client     = @@character_set_client */;
/*!40101 SET character_set_client = utf8 */;
CREATE TABLE `postevent_postevent_event_keywords` (
  `id` int(11) NOT NULL AUTO_INCREMENT,
  `postevent_id` int(11) NOT NULL,
  `posteventkeyword_id` int(11) NOT NULL,
  PRIMARY KEY (`id`),
  UNIQUE KEY `postevent_id` (`postevent_id`,`posteventkeyword_id`),
  CONSTRAINT `postevent_id_refs_id_ef05ff8` FOREIGN KEY (`postevent_id`) REFERENCES `postevent_postevent` (`id`)
) ENGINE=InnoDB DEFAULT CHARSET=latin1;
/*!40101 SET character_set_client = @saved_cs_client */;

--
-- Dumping data for table `postevent_postevent_event_keywords`
--

LOCK TABLES `postevent_postevent_event_keywords` WRITE;
/*!40000 ALTER TABLE `postevent_postevent_event_keywords` DISABLE KEYS */;
/*!40000 ALTER TABLE `postevent_postevent_event_keywords` ENABLE KEYS */;
UNLOCK TABLES;

--
-- Table structure for table `postevent_posteventkeyword`
--

DROP TABLE IF EXISTS `postevent_posteventkeyword`;
/*!40101 SET @saved_cs_client     = @@character_set_client */;
/*!40101 SET character_set_client = utf8 */;
CREATE TABLE `postevent_posteventkeyword` (
  `id` int(11) NOT NULL AUTO_INCREMENT,
  `keyword` varchar(50) NOT NULL,
  PRIMARY KEY (`id`)
) ENGINE=InnoDB DEFAULT CHARSET=latin1;
/*!40101 SET character_set_client = @saved_cs_client */;

--
-- Dumping data for table `postevent_posteventkeyword`
--

LOCK TABLES `postevent_posteventkeyword` WRITE;
/*!40000 ALTER TABLE `postevent_posteventkeyword` DISABLE KEYS */;
/*!40000 ALTER TABLE `postevent_posteventkeyword` ENABLE KEYS */;
UNLOCK TABLES;

--
-- Table structure for table `postevent_subcategoryrelatedfieldvalue`
--

DROP TABLE IF EXISTS `postevent_subcategoryrelatedfieldvalue`;
/*!40101 SET @saved_cs_client     = @@character_set_client */;
/*!40101 SET character_set_client = utf8 */;
CREATE TABLE `postevent_subcategoryrelatedfieldvalue` (
  `id` int(11) NOT NULL AUTO_INCREMENT,
  `postevent_id` int(11) NOT NULL,
  `subcategory_relatedfield_id` int(11) NOT NULL,
  `field_value` varchar(100) DEFAULT NULL,
  PRIMARY KEY (`id`),
  KEY `subcategory_relatedfield_id_refs_id_e33d1091` (`subcategory_relatedfield_id`),
  KEY `postevent_id_refs_id_78e50402` (`postevent_id`),
  CONSTRAINT `postevent_id_refs_id_78e50402` FOREIGN KEY (`postevent_id`) REFERENCES `postevent_postevent` (`id`),
  CONSTRAINT `subcategory_relatedfield_id_refs_id_e33d1091` FOREIGN KEY (`subcategory_relatedfield_id`) REFERENCES `events_subcategoryrelatedfield` (`id`)
) ENGINE=InnoDB DEFAULT CHARSET=latin1;
/*!40101 SET character_set_client = @saved_cs_client */;

--
-- Dumping data for table `postevent_subcategoryrelatedfieldvalue`
--

LOCK TABLES `postevent_subcategoryrelatedfieldvalue` WRITE;
/*!40000 ALTER TABLE `postevent_subcategoryrelatedfieldvalue` DISABLE KEYS */;
/*!40000 ALTER TABLE `postevent_subcategoryrelatedfieldvalue` ENABLE KEYS */;
UNLOCK TABLES;

--
-- Table structure for table `reviews_review`
--

DROP TABLE IF EXISTS `reviews_review`;
/*!40101 SET @saved_cs_client     = @@character_set_client */;
/*!40101 SET character_set_client = utf8 */;
CREATE TABLE `reviews_review` (
  `id` int(11) NOT NULL AUTO_INCREMENT,
  `name` varchar(255) NOT NULL,
  `rating` smallint(5) unsigned DEFAULT NULL,
  `content` longtext NOT NULL,
  `date` datetime NOT NULL,
  `event_id` varchar(255) DEFAULT NULL,
  PRIMARY KEY (`id`)
) ENGINE=InnoDB AUTO_INCREMENT=21 DEFAULT CHARSET=latin1;
/*!40101 SET character_set_client = @saved_cs_client */;

--
-- Dumping data for table `reviews_review`
--

LOCK TABLES `reviews_review` WRITE;
/*!40000 ALTER TABLE `reviews_review` DISABLE KEYS */;
INSERT INTO `reviews_review` VALUES (1,'gdhdf',3,'hghg','2015-11-05 16:26:56','106'),(2,'gdhdf',3,'bfhmhk','2015-11-05 16:27:05','106'),(3,'gdhdf',3,'hjfkljsdghlkjdsg','2015-11-05 16:26:56','107'),(4,'gdhdf',3,'hjfkljsdghlkjdsg','2015-11-05 16:27:05','107'),(5,'Priya',5,'its very usefull','2015-11-14 14:33:58','108'),(6,'',5,'','2015-11-14 14:33:58','64'),(7,'',5,'','2015-11-14 14:33:53','64'),(8,'',5,'','2015-11-14 14:33:58','64'),(9,'',5,'','2015-11-14 14:33:53','64'),(10,'',5,'','2015-11-14 14:33:58','64'),(11,'',5,'','2015-11-14 14:33:53','64'),(12,'',5,'','2015-11-14 14:33:58','64'),(13,'',5,'','2015-11-14 14:33:53','64'),(14,'',5,'','2015-11-14 14:33:58','64'),(15,'',5,'','2015-11-14 14:33:53','64'),(16,'',5,'','2015-11-14 14:33:58','64'),(17,'',5,'','2015-11-14 14:33:53','64'),(18,'',5,'','2015-11-14 14:33:58','64'),(19,'',5,'','2015-11-14 14:33:58','64'),(20,'kalai',5,'','2015-11-17 14:43:09','3');
/*!40000 ALTER TABLE `reviews_review` ENABLE KEYS */;
UNLOCK TABLES;

--
-- Table structure for table `reviews_websitefeedback`
--

DROP TABLE IF EXISTS `reviews_websitefeedback`;
/*!40101 SET @saved_cs_client     = @@character_set_client */;
/*!40101 SET character_set_client = utf8 */;
CREATE TABLE `reviews_websitefeedback` (
  `id` int(11) NOT NULL AUTO_INCREMENT,
  `name` varchar(50) DEFAULT NULL,
  `email` varchar(50) NOT NULL,
  `comments` longtext NOT NULL,
  `rating` int(11) NOT NULL,
  PRIMARY KEY (`id`)
) ENGINE=InnoDB AUTO_INCREMENT=7 DEFAULT CHARSET=latin1;
/*!40101 SET character_set_client = @saved_cs_client */;

--
-- Dumping data for table `reviews_websitefeedback`
--

LOCK TABLES `reviews_websitefeedback` WRITE;
/*!40000 ALTER TABLE `reviews_websitefeedback` DISABLE KEYS */;
INSERT INTO `reviews_websitefeedback` VALUES (1,'sastha','sastha@globalensolutions.com','sample content test',0),(2,'','','',0),(4,'','','',0),(5,'kalai','kalai@gmail.com','',5),(6,'kalai','kalai','',5);
/*!40000 ALTER TABLE `reviews_websitefeedback` ENABLE KEYS */;
UNLOCK TABLES;

--
-- Table structure for table `south_migrationhistory`
--

DROP TABLE IF EXISTS `south_migrationhistory`;
/*!40101 SET @saved_cs_client     = @@character_set_client */;
/*!40101 SET character_set_client = utf8 */;
CREATE TABLE `south_migrationhistory` (
  `id` int(11) NOT NULL AUTO_INCREMENT,
  `app_name` varchar(255) NOT NULL,
  `migration` varchar(255) NOT NULL,
  `applied` datetime NOT NULL,
  PRIMARY KEY (`id`)
) ENGINE=InnoDB AUTO_INCREMENT=10 DEFAULT CHARSET=latin1;
/*!40101 SET character_set_client = @saved_cs_client */;

--
-- Dumping data for table `south_migrationhistory`
--

LOCK TABLES `south_migrationhistory` WRITE;
/*!40000 ALTER TABLE `south_migrationhistory` DISABLE KEYS */;
INSERT INTO `south_migrationhistory` VALUES (1,'events','0001_initial','2015-12-05 11:35:23'),(2,'events','0002_rename_model_name','2015-12-05 11:35:34'),(3,'events','0003_rename_field_in_category_subcategory','2015-12-05 11:35:37'),(4,'events','0004_auto__add_subcategoryrelatedfield__add_field_eventscategory_category_i','2015-12-05 11:35:39'),(5,'events','0005_rename_model_to_move_postevent_app','2015-12-05 11:35:39'),(6,'events','0006_rename_model_to_move_postevent_app1','2015-12-05 11:35:41'),(7,'events','0007_auto__del_organizer__del_campuscollege__del_campusdepartment__del_post','2015-12-05 11:35:53'),(8,'postevent','0001_initial','2015-12-05 11:38:33'),(9,'postevent','0002_auto__del_field_campuscollege_collegetype','2015-12-05 11:38:44');
/*!40000 ALTER TABLE `south_migrationhistory` ENABLE KEYS */;
UNLOCK TABLES;

--
-- Table structure for table `tracking_bannedip`
--

DROP TABLE IF EXISTS `tracking_bannedip`;
/*!40101 SET @saved_cs_client     = @@character_set_client */;
/*!40101 SET character_set_client = utf8 */;
CREATE TABLE `tracking_bannedip` (
  `id` int(11) NOT NULL AUTO_INCREMENT,
  `ip_address` char(15) NOT NULL,
  PRIMARY KEY (`id`)
) ENGINE=InnoDB DEFAULT CHARSET=latin1;
/*!40101 SET character_set_client = @saved_cs_client */;

--
-- Dumping data for table `tracking_bannedip`
--

LOCK TABLES `tracking_bannedip` WRITE;
/*!40000 ALTER TABLE `tracking_bannedip` DISABLE KEYS */;
/*!40000 ALTER TABLE `tracking_bannedip` ENABLE KEYS */;
UNLOCK TABLES;

--
-- Table structure for table `tracking_untrackeduseragent`
--

DROP TABLE IF EXISTS `tracking_untrackeduseragent`;
/*!40101 SET @saved_cs_client     = @@character_set_client */;
/*!40101 SET character_set_client = utf8 */;
CREATE TABLE `tracking_untrackeduseragent` (
  `id` int(11) NOT NULL AUTO_INCREMENT,
  `keyword` varchar(100) NOT NULL,
  PRIMARY KEY (`id`)
) ENGINE=InnoDB DEFAULT CHARSET=latin1;
/*!40101 SET character_set_client = @saved_cs_client */;

--
-- Dumping data for table `tracking_untrackeduseragent`
--

LOCK TABLES `tracking_untrackeduseragent` WRITE;
/*!40000 ALTER TABLE `tracking_untrackeduseragent` DISABLE KEYS */;
/*!40000 ALTER TABLE `tracking_untrackeduseragent` ENABLE KEYS */;
UNLOCK TABLES;

--
-- Table structure for table `tracking_visitor`
--

DROP TABLE IF EXISTS `tracking_visitor`;
/*!40101 SET @saved_cs_client     = @@character_set_client */;
/*!40101 SET character_set_client = utf8 */;
CREATE TABLE `tracking_visitor` (
  `id` int(11) NOT NULL AUTO_INCREMENT,
  `session_key` varchar(40) NOT NULL,
  `ip_address` varchar(20) NOT NULL,
  `user_id` int(11) DEFAULT NULL,
  `user_agent` varchar(255) NOT NULL,
  `referrer` varchar(255) NOT NULL,
  `url` varchar(255) NOT NULL,
  `page_views` int(10) unsigned NOT NULL,
  `session_start` datetime NOT NULL,
  `last_update` datetime NOT NULL,
  PRIMARY KEY (`id`),
  UNIQUE KEY `session_key` (`session_key`,`ip_address`),
  KEY `tracking_visitor_6340c63c` (`user_id`),
  CONSTRAINT `user_id_refs_id_b0052837` FOREIGN KEY (`user_id`) REFERENCES `auth_user` (`id`)
) ENGINE=InnoDB DEFAULT CHARSET=latin1;
/*!40101 SET character_set_client = @saved_cs_client */;

--
-- Dumping data for table `tracking_visitor`
--

LOCK TABLES `tracking_visitor` WRITE;
/*!40000 ALTER TABLE `tracking_visitor` DISABLE KEYS */;
/*!40000 ALTER TABLE `tracking_visitor` ENABLE KEYS */;
UNLOCK TABLES;

--
-- Table structure for table `usermanagement_userprofile`
--

DROP TABLE IF EXISTS `usermanagement_userprofile`;
/*!40101 SET @saved_cs_client     = @@character_set_client */;
/*!40101 SET character_set_client = utf8 */;
CREATE TABLE `usermanagement_userprofile` (
  `user_ptr_id` int(11) NOT NULL,
  `date_of_birth` date DEFAULT NULL,
  `mobile` varchar(50) NOT NULL,
  `gender` varchar(50) DEFAULT NULL,
  `user_address` longtext,
  `verification_code` varchar(500) NOT NULL,
  `is_emailverified` tinyint(1) NOT NULL,
  `twitter_url` varchar(200) NOT NULL,
  `facebook_url` varchar(200) NOT NULL,
  `user_type` varchar(50) DEFAULT NULL,
  `profile_pic` varchar(500) DEFAULT NULL,
  PRIMARY KEY (`user_ptr_id`),
  CONSTRAINT `user_ptr_id_refs_id_9f26e769` FOREIGN KEY (`user_ptr_id`) REFERENCES `auth_user` (`id`)
) ENGINE=InnoDB DEFAULT CHARSET=latin1;
/*!40101 SET character_set_client = @saved_cs_client */;

--
-- Dumping data for table `usermanagement_userprofile`
--

LOCK TABLES `usermanagement_userprofile` WRITE;
/*!40000 ALTER TABLE `usermanagement_userprofile` DISABLE KEYS */;
INSERT INTO `usermanagement_userprofile` VALUES (50,NULL,'7894561230',NULL,NULL,'',0,'','',NULL,''),(51,NULL,'7881545567',NULL,NULL,'',0,'','',NULL,''),(52,NULL,'7881545567',NULL,NULL,'',0,'','',NULL,''),(53,NULL,'7881545567',NULL,NULL,'',0,'','',NULL,''),(54,NULL,'7894561230',NULL,NULL,'',0,'','',NULL,''),(55,NULL,'7894561223',NULL,NULL,'',0,'','',NULL,''),(56,NULL,'7881545567',NULL,NULL,'',0,'','',NULL,''),(57,NULL,'1236547890',NULL,NULL,'',0,'','',NULL,''),(58,NULL,'7881545567',NULL,NULL,'',0,'','',NULL,''),(59,NULL,'7894561230',NULL,'','',0,'','',NULL,''),(61,NULL,'7894561230',NULL,NULL,'',0,'','',NULL,''),(62,NULL,'7881545567',NULL,NULL,'',0,'','',NULL,''),(63,NULL,'7894561230',NULL,NULL,'',0,'','',NULL,''),(64,NULL,'hghghghg',NULL,NULL,'',0,'','',NULL,''),(65,NULL,'54155954585',NULL,NULL,'',0,'','',NULL,''),(66,NULL,'7894561230',NULL,NULL,'',0,'','',NULL,''),(67,NULL,'7894561230',NULL,NULL,'',0,'','',NULL,''),(68,NULL,'1236547890',NULL,NULL,'',0,'','',NULL,''),(69,NULL,'7881545567',NULL,NULL,'',0,'','',NULL,''),(70,NULL,'7894561230',NULL,NULL,'',0,'','',NULL,''),(71,NULL,'7894561230',NULL,NULL,'',0,'','',NULL,''),(72,NULL,'7894561230',NULL,NULL,'',0,'','',NULL,''),(74,NULL,'7894561230',NULL,'','',0,'','',NULL,''),(75,NULL,'7894561230',NULL,NULL,'',0,'','',NULL,''),(76,NULL,'7894561230',NULL,'','',0,'','',NULL,''),(77,NULL,'8769054325',NULL,NULL,'',0,'','',NULL,''),(78,NULL,'8907652341',NULL,NULL,'',0,'','',NULL,''),(79,NULL,'7881545567',NULL,'','',0,'','',NULL,''),(80,NULL,'7894561230',NULL,'','',0,'','',NULL,''),(81,NULL,'7894561230',NULL,'','',0,'','',NULL,''),(82,NULL,'7894561230',NULL,NULL,'',0,'','',NULL,'');
/*!40000 ALTER TABLE `usermanagement_userprofile` ENABLE KEYS */;
UNLOCK TABLES;

--
-- Table structure for table `usermanagement_userprofile_user_interest`
--

DROP TABLE IF EXISTS `usermanagement_userprofile_user_interest`;
/*!40101 SET @saved_cs_client     = @@character_set_client */;
/*!40101 SET character_set_client = utf8 */;
CREATE TABLE `usermanagement_userprofile_user_interest` (
  `id` int(11) NOT NULL AUTO_INCREMENT,
  `userprofile_id` int(11) NOT NULL,
  `eventssubcategory_id` int(11) NOT NULL,
  PRIMARY KEY (`id`),
  UNIQUE KEY `userprofile_id` (`userprofile_id`,`eventssubcategory_id`),
  KEY `eventssubcategory_id_refs_id_c2b6047e` (`eventssubcategory_id`),
  CONSTRAINT `eventssubcategory_id_refs_id_c2b6047e` FOREIGN KEY (`eventssubcategory_id`) REFERENCES `events_eventssubcategory` (`id`),
  CONSTRAINT `userprofile_id_refs_user_ptr_id_dfeea8e0` FOREIGN KEY (`userprofile_id`) REFERENCES `usermanagement_userprofile` (`user_ptr_id`)
) ENGINE=InnoDB DEFAULT CHARSET=latin1;
/*!40101 SET character_set_client = @saved_cs_client */;

--
-- Dumping data for table `usermanagement_userprofile_user_interest`
--

LOCK TABLES `usermanagement_userprofile_user_interest` WRITE;
/*!40000 ALTER TABLE `usermanagement_userprofile_user_interest` DISABLE KEYS */;
/*!40000 ALTER TABLE `usermanagement_userprofile_user_interest` ENABLE KEYS */;
UNLOCK TABLES;

--
-- Table structure for table `worker_bannerexpiredadtracking`
--

DROP TABLE IF EXISTS `worker_bannerexpiredadtracking`;
/*!40101 SET @saved_cs_client     = @@character_set_client */;
/*!40101 SET character_set_client = utf8 */;
CREATE TABLE `worker_bannerexpiredadtracking` (
  `id` int(11) NOT NULL AUTO_INCREMENT,
  `banner_id` int(11) NOT NULL,
  `email_sent_count` int(10) unsigned NOT NULL,
  `last_email_sent` datetime DEFAULT NULL,
  PRIMARY KEY (`id`)
) ENGINE=InnoDB DEFAULT CHARSET=latin1;
/*!40101 SET character_set_client = @saved_cs_client */;

--
-- Dumping data for table `worker_bannerexpiredadtracking`
--

LOCK TABLES `worker_bannerexpiredadtracking` WRITE;
/*!40000 ALTER TABLE `worker_bannerexpiredadtracking` DISABLE KEYS */;
/*!40000 ALTER TABLE `worker_bannerexpiredadtracking` ENABLE KEYS */;
UNLOCK TABLES;

--
-- Table structure for table `worker_noticeemailconfig`
--

DROP TABLE IF EXISTS `worker_noticeemailconfig`;
/*!40101 SET @saved_cs_client     = @@character_set_client */;
/*!40101 SET character_set_client = utf8 */;
CREATE TABLE `worker_noticeemailconfig` (
  `id` varchar(128) NOT NULL,
  `max_email_per_lead` int(10) unsigned NOT NULL,
  `email_per_sale` int(10) unsigned NOT NULL,
  `max_iterations` int(10) unsigned NOT NULL,
  `max_email_retry` int(10) unsigned NOT NULL,
  `email_queue_limit` int(10) unsigned NOT NULL,
  PRIMARY KEY (`id`)
) ENGINE=InnoDB DEFAULT CHARSET=latin1;
/*!40101 SET character_set_client = @saved_cs_client */;

--
-- Dumping data for table `worker_noticeemailconfig`
--

LOCK TABLES `worker_noticeemailconfig` WRITE;
/*!40000 ALTER TABLE `worker_noticeemailconfig` DISABLE KEYS */;
/*!40000 ALTER TABLE `worker_noticeemailconfig` ENABLE KEYS */;
UNLOCK TABLES;

--
-- Table structure for table `worker_usertracking`
--

DROP TABLE IF EXISTS `worker_usertracking`;
/*!40101 SET @saved_cs_client     = @@character_set_client */;
/*!40101 SET character_set_client = utf8 */;
CREATE TABLE `worker_usertracking` (
  `id` int(11) NOT NULL AUTO_INCREMENT,
  `track_alert_id` int(11) NOT NULL,
  `email_sent_count` int(10) unsigned NOT NULL,
  `email_read_count` int(10) unsigned NOT NULL,
  `email_view_count` int(10) unsigned NOT NULL,
  `recent_email_fail_count` int(10) unsigned NOT NULL,
  `last_email_sent` datetime DEFAULT NULL,
  PRIMARY KEY (`id`),
  KEY `track_alert_id_refs_id_e5356964` (`track_alert_id`),
  CONSTRAINT `track_alert_id_refs_id_e5356964` FOREIGN KEY (`track_alert_id`) REFERENCES `postevent_postevent` (`id`)
) ENGINE=InnoDB DEFAULT CHARSET=latin1;
/*!40101 SET character_set_client = @saved_cs_client */;

--
-- Dumping data for table `worker_usertracking`
--

LOCK TABLES `worker_usertracking` WRITE;
/*!40000 ALTER TABLE `worker_usertracking` DISABLE KEYS */;
/*!40000 ALTER TABLE `worker_usertracking` ENABLE KEYS */;
UNLOCK TABLES;

--
-- Table structure for table `worker_worker`
--

DROP TABLE IF EXISTS `worker_worker`;
/*!40101 SET @saved_cs_client     = @@character_set_client */;
/*!40101 SET character_set_client = utf8 */;
CREATE TABLE `worker_worker` (
  `id` varchar(128) NOT NULL,
  `name` varchar(128) NOT NULL,
  `cls_path` varchar(512) NOT NULL,
  `interval` bigint(20) NOT NULL,
  `wait_for_approval` bigint(20) NOT NULL,
  `notify_for_approval` varchar(2048) DEFAULT NULL,
  `notify_for_errors` varchar(2048) DEFAULT NULL,
  `options` longtext,
  `active` tinyint(1) NOT NULL,
  PRIMARY KEY (`id`)
) ENGINE=InnoDB DEFAULT CHARSET=latin1;
/*!40101 SET character_set_client = @saved_cs_client */;

--
-- Dumping data for table `worker_worker`
--

LOCK TABLES `worker_worker` WRITE;
/*!40000 ALTER TABLE `worker_worker` DISABLE KEYS */;
/*!40000 ALTER TABLE `worker_worker` ENABLE KEYS */;
UNLOCK TABLES;

--
-- Table structure for table `worker_workernoticeemailtask`
--

DROP TABLE IF EXISTS `worker_workernoticeemailtask`;
/*!40101 SET @saved_cs_client     = @@character_set_client */;
/*!40101 SET character_set_client = utf8 */;
CREATE TABLE `worker_workernoticeemailtask` (
  `id` int(11) NOT NULL AUTO_INCREMENT,
  `task_id` int(11) NOT NULL,
  `postevent_id` int(11) NOT NULL,
  `tracking_code` varchar(256) DEFAULT NULL,
  `iteration_count` int(10) unsigned NOT NULL,
  PRIMARY KEY (`id`),
  KEY `task_id_refs_id_9a591459` (`task_id`),
  KEY `postevent_id_refs_id_b4ff7fb4` (`postevent_id`),
  CONSTRAINT `postevent_id_refs_id_b4ff7fb4` FOREIGN KEY (`postevent_id`) REFERENCES `postevent_postevent` (`id`),
  CONSTRAINT `task_id_refs_id_9a591459` FOREIGN KEY (`task_id`) REFERENCES `worker_workertask` (`id`)
) ENGINE=InnoDB DEFAULT CHARSET=latin1;
/*!40101 SET character_set_client = @saved_cs_client */;

--
-- Dumping data for table `worker_workernoticeemailtask`
--

LOCK TABLES `worker_workernoticeemailtask` WRITE;
/*!40000 ALTER TABLE `worker_workernoticeemailtask` DISABLE KEYS */;
/*!40000 ALTER TABLE `worker_workernoticeemailtask` ENABLE KEYS */;
UNLOCK TABLES;

--
-- Table structure for table `worker_workertask`
--

DROP TABLE IF EXISTS `worker_workertask`;
/*!40101 SET @saved_cs_client     = @@character_set_client */;
/*!40101 SET character_set_client = utf8 */;
CREATE TABLE `worker_workertask` (
  `id` int(11) NOT NULL AUTO_INCREMENT,
  `worker_id` varchar(128) NOT NULL,
  `notes` longtext,
  `worker_options` longtext,
  `status` varchar(64) NOT NULL,
  `scheduled` datetime DEFAULT NULL,
  `started` datetime DEFAULT NULL,
  `completed` datetime DEFAULT NULL,
  `modified` datetime NOT NULL,
  PRIMARY KEY (`id`),
  KEY `worker_id_refs_id_66fc3c8d` (`worker_id`),
  CONSTRAINT `worker_id_refs_id_66fc3c8d` FOREIGN KEY (`worker_id`) REFERENCES `worker_worker` (`id`)
) ENGINE=InnoDB DEFAULT CHARSET=latin1;
/*!40101 SET character_set_client = @saved_cs_client */;

--
-- Dumping data for table `worker_workertask`
--

LOCK TABLES `worker_workertask` WRITE;
/*!40000 ALTER TABLE `worker_workertask` DISABLE KEYS */;
/*!40000 ALTER TABLE `worker_workertask` ENABLE KEYS */;
UNLOCK TABLES;
/*!40103 SET TIME_ZONE=@OLD_TIME_ZONE */;

/*!40101 SET SQL_MODE=@OLD_SQL_MODE */;
/*!40014 SET FOREIGN_KEY_CHECKS=@OLD_FOREIGN_KEY_CHECKS */;
/*!40014 SET UNIQUE_CHECKS=@OLD_UNIQUE_CHECKS */;
/*!40101 SET CHARACTER_SET_CLIENT=@OLD_CHARACTER_SET_CLIENT */;
/*!40101 SET CHARACTER_SET_RESULTS=@OLD_CHARACTER_SET_RESULTS */;
/*!40101 SET COLLATION_CONNECTION=@OLD_COLLATION_CONNECTION */;
/*!40111 SET SQL_NOTES=@OLD_SQL_NOTES */;

-- Dump completed on 2015-12-15 12:32:50
